datetime_utc,co_wrk_aux,no2_wrk_aux,no_wrk_aux,o3_wrk_aux,rh,temp,pema_quant_no2
2025-10-31 15:00:00,0.0728523333333333,-0.0103128333333333,0.0358629999999999,0.0065003333333333,42.66984866666667,21.1017405,4.8
2025-11-03 16:00:00,0.1894291525423728,0.0002713559322033,0.0363989830508474,0.0142923728813559,48.22622338983051,18.516414576271185,12.7
2025-11-05 03:00:00,0.1860283333333334,0.0085669999999999,0.0341748333333333,0.0241878333333332,56.399595,7.164030166666667,24.8
2025-11-05 05:00:00,0.2219019999999999,0.0076915,0.0359766666666666,0.021899,60.93053733333333,6.2364885,23.3
2025-11-07 01:00:00,0.1140964999999999,0.0049568333333332,0.0304825,0.0251771666666666,47.2665245,7.211341166666666,21.4
2025-11-07 10:00:00,0.1701723333333332,0.0065034999999999,0.0412256666666666,0.0196251666666666,64.65745583333333,2.360698166666667,20.5
2025-11-08 18:00:00,0.0314056666666667,-0.0159323333333333,0.0403383333333333,0.0055886666666666,26.858719333333333,27.237355333333333,5.2
2025-11-08 19:00:00,0.0564355,-0.0096501666666666,0.0353003333333333,0.0165845,27.0828335,26.460968333333337,5.3
2025-11-09 02:00:00,0.3592114999999999,0.0084729999999999,0.0391591666666666,0.0226071666666666,52.321454833333334,11.262695,26.5
2025-11-09 03:00:00,0.33493,0.0080116666666666,0.0384494999999999,0.0212681666666667,53.862827,10.904866166666666,25.6
2025-11-12 16:00:00,0.0599642372881356,-0.0032306779661016,0.0322442372881355,0.0196745762711864,35.13496711864407,10.533456440677966,12.3
2025-11-12 17:00:00,0.0609378333333333,-0.0034033333333333,0.0328441666666666,0.0194115,31.932189,11.539077833333334,12.8
2025-11-12 18:00:00,0.0589386666666666,-0.00256,0.0350666666666666,0.0187559999999999,28.854004333333332,13.467031666666667,13.4
2025-11-13 23:00:00,0.0656471666666666,0.0001736666666666,0.0335923333333333,0.0201786666666666,50.244516,10.285623833333334,12.8
2025-11-14 19:00:00,0.0585054999999999,-0.0033385,0.030321,0.0188254999999999,27.64745883333333,14.645214833333334,10.9
2025-11-16 19:00:00,0.0403108333333332,-0.0050913333333333,0.0312846666666666,0.0180056666666666,28.394541333333333,16.1483305,8.3
2025-11-19 13:00:00,0.2167755,0.0047546666666666,0.0501228333333333,0.0152979999999999,48.810701333333334,6.533198666666666,21.7
2025-11-22 01:00:00,0.2172046666666667,0.0059686666666666,0.0339355,0.019048,64.8110635,10.503588,24.2
2025-11-22 10:00:00,0.3073636666666667,0.0036281666666667,0.0535348333333333,0.0143673333333332,72.4421485,10.0152325,18.2
2025-11-22 11:00:00,0.4241386666666666,0.0045156666666666,0.0678773333333333,0.0140726666666666,73.674131,10.1746435,18.6
2025-11-22 13:00:00,0.420178,0.0049296666666666,0.0705873333333333,0.0144895,78.916136,10.338413166666667,18.1
2025-11-23 01:00:00,0.0765823333333333,0.0012996666666666,0.0431093333333333,0.0218014999999999,49.56789716666667,6.850535666666667,18.6
2025-11-23 14:00:00,0.2026213333333333,-0.0025746666666666,0.0433346666666666,0.0082883333333332,36.32865316666667,12.138581666666669,15.5
2025-11-23 15:00:00,0.0575613333333333,-0.0079524999999999,0.0337024999999999,0.0118463333333333,29.5369325,12.862226,9.6
2025-11-23 16:00:00,0.0391727118644067,-0.0061494915254237,0.0325498305084746,0.0173777966101694,30.27599627118644,11.499504067796613,10.8
2025-11-23 17:00:00,0.057994,-0.0036939999999999,0.0314276666666666,0.0200548333333333,32.31571733333333,11.090003,12.4
2025-11-23 18:00:00,0.0541658333333333,-0.0026015,0.030843,0.021577,34.211806333333335,10.579512333333334,12.8
2025-11-23 22:00:00,0.1873963333333332,0.0065658333333333,0.0320575,0.0225046666666666,45.310153,9.2859425,27.6
2025-11-24 00:00:00,0.2726066666666667,0.0074649999999999,0.0407143333333333,0.0208015,51.963982333333334,7.987079666666666,27.1
2025-11-24 05:00:00,0.1838896666666666,0.0039998333333333,0.0329424999999999,0.0196356666666666,70.09016433333333,5.334955333333333,18.3
2025-11-25 15:00:00,0.1648091666666667,-0.0009621666666667,0.0377948333333333,0.0124156666666666,47.1875735,14.8726125,12.8
2025-11-26 01:00:00,0.1079439999999999,0.0036785,0.0265294999999999,0.0270575,78.37975583333333,12.915201166666666,18.8
2025-11-26 03:00:00,0.0757476666666666,0.0038996666666666,0.0275045,0.0247991666666667,82.55311866666666,12.856951666666667,18.7
2025-11-28 15:00:00,0.0466716666666666,-0.0048064999999999,0.0322831666666666,0.0194161666666666,29.5492115,10.85793,13.0
2025-11-28 16:00:00,0.0432813559322033,-0.0055696610169491,0.032652033898305,0.0193447457627118,25.777095084745763,12.579399152542374,13.3
2025-11-30 05:00:00,0.2059416666666667,0.007333,0.0364585,0.0212084999999999,48.24802916666667,2.6173205,26.4
2025-11-30 14:00:00,0.168307,0.0039196666666667,0.0358375,0.0179396666666666,43.416814333333335,7.542517666666667,23.6
2025-12-02 06:00:00,0.2146981666666667,0.0084773333333333,0.0475856666666666,0.0200708333333333,57.69030266666667,0.279335,25.0
2025-12-02 09:00:00,0.1113191666666666,0.0053745,0.0387811666666666,0.0190463333333333,46.556256,3.354005833333334,24.5
2025-12-02 23:00:00,0.073458,0.000999,0.0338466666666666,0.0192724999999999,80.5280155,4.941418166666667,16.7
2025-12-03 19:00:00,0.0539736666666667,-0.0045118333333333,0.0333001666666666,0.0195278333333333,27.517488333333333,14.199208833333334,13.0
2025-12-04 04:00:00,0.2875506666666667,0.0083493333333333,0.0503308333333333,0.0199455,69.65031166666667,0.95786,23.4
2025-12-04 05:00:00,0.2368273333333333,0.0070721666666666,0.0433983333333333,0.0187241666666667,65.05238016666667,1.8322025,23.3
2025-12-04 18:00:00,0.0508351666666667,-0.0059013333333333,0.0327601666666666,0.0154058333333333,28.604750833333338,12.269074,12.2
2025-12-04 19:00:00,0.0542824999999999,-0.0047181666666666,0.0317861666666666,0.0179564999999999,28.768346666666663,11.884377,13.2
2025-12-05 05:00:00,0.0311091666666666,0.0015804999999999,0.04119,0.0255326666666666,32.145894,-4.326142333333333,18.9
2025-12-05 10:00:00,0.0437108333333333,0.0033945,0.040184,0.023895,35.45462233333333,-7.164703,19.6
2025-12-06 01:00:00,0.1107231666666666,0.0054966666666667,0.0293688333333333,0.0220965,46.227553,1.677213,24.7
2025-12-06 06:00:00,0.1076891666666666,0.0042751666666666,0.0405453333333333,0.0193985,50.7922705,1.707817666666667,20.8
2025-12-06 15:00:00,0.2677968333333332,0.0066928333333333,0.0470291666666666,0.0154695,50.188634,8.01643,26.0
2025-12-06 21:00:00,0.1429148333333333,0.0022223333333333,0.030461,0.0207435,51.366139833333335,8.697021333333334,20.9
2025-12-06 23:00:00,0.4316253333333333,0.0083754999999999,0.0465581666666666,0.0199226666666666,66.03590833333334,5.009457333333334,25.8
2025-12-07 00:00:00,0.2559113333333332,0.0062996666666667,0.0365651666666667,0.0197908333333333,67.387458,4.147825166666666,22.8
2025-12-08 21:00:00,0.055813,0.0020166666666666,0.0365203333333333,0.0253878333333333,19.925163833333333,-0.7267066666666666,23.1
2025-12-08 22:00:00,0.0782301666666666,0.0047058333333333,0.0399728333333333,0.0240719999999999,23.8113105,-1.6937038333333334,25.7
2025-12-08 23:00:00,0.0792846666666666,0.0054676666666666,0.0425181666666666,0.0238995,26.233774166666667,-2.241373333333333,25.9
2025-12-09 00:00:00,0.0728364999999999,0.0056388333333333,0.0456186666666666,0.0234261666666666,28.914968333333334,-2.6803546666666667,25.1
2025-12-09 01:00:00,0.0617793333333333,0.0034081666666666,0.0373436666666666,0.0235721666666666,28.961017,-3.188980833333334,22.2
2025-12-09 02:00:00,0.0628181666666666,0.005374,0.0466811666666666,0.0234081666666666,31.6785665,-3.874006,23.7
2025-12-09 05:00:00,0.0585815,0.0046789999999999,0.0377933333333333,0.0223968333333333,37.718403,-6.3417501666666665,21.8
2025-12-09 06:00:00,0.0620143333333333,0.0043124999999999,0.0340343333333333,0.0215568333333333,38.78581366666667,-6.540445,21.2
2025-12-09 07:00:00,0.0574231666666666,0.0047366666666666,0.0415575,0.0224828333333333,41.64515566666667,-6.413273,20.8
2025-12-09 08:00:00,0.0461453333333333,0.0029976666666666,0.0375788333333333,0.0224421666666666,39.754067,-6.2412228333333335,19.4
2025-12-09 09:00:00,0.0523808333333333,0.0031521666666666,0.0367688333333333,0.0218178333333333,41.102269666666665,-6.839823333333333,19.4
2025-12-09 10:00:00,0.0654186666666666,0.0040593333333333,0.0402254999999999,0.0216125,44.420756,-7.493234166666666,19.5
2025-12-10 07:00:00,0.0769946666666666,0.0049964999999999,0.027511,0.0256488333333332,61.2249355,4.396476833333334,21.3
2025-12-11 15:00:00,0.0256361666666666,-0.0071054999999999,0.0342051666666666,0.0166664999999999,24.0557735,7.591135833333333,11.4
2025-12-13 15:00:00,0.0812216666666666,-0.0002813333333333,0.0314998333333333,0.0196643333333333,41.72183716666667,6.4064105,20.3
2025-12-13 22:00:00,0.1381446666666666,0.0034184999999999,0.0301356666666666,0.0211568333333333,48.381578833333336,6.8391395,22.0
2025-12-14 00:00:00,0.0961128333333333,0.0015015,0.0301425,0.0206886666666666,47.9864135,6.016091333333334,19.5
2025-12-14 05:00:00,0.076006,0.0009521666666666,0.0286326666666666,0.0221206666666666,53.283874833333336,4.935397833333333,18.3
2025-12-14 09:00:00,0.1098215,0.0045071666666666,0.034801,0.0197515,71.27076483333333,4.014238833333334,17.6
2025-12-14 15:00:00,0.1216833333333333,0.0014246666666666,0.0411001666666666,0.0154571666666666,62.64827783333333,6.4436825,17.2
2025-12-14 23:00:00,0.0415814999999999,-0.0005488333333333,0.0386013333333333,0.0208308333333333,50.28820733333333,1.0012863333333333,17.0
2025-12-15 00:00:00,0.0411856666666666,-9.616666666667496e-05,0.0399073333333332,0.0212909999999999,48.32630983333333,0.5839638333333333,16.9
2025-12-16 11:00:00,0.1565823333333333,0.0066768333333333,0.0380428333333333,0.0181864999999999,48.7486685,-0.3941433333333333,25.0
2025-12-17 00:00:00,0.1806283333333333,0.0084549999999999,0.0326963333333333,0.0215436666666666,47.182210833333336,1.1467755,28.2
2025-12-17 04:00:00,0.109671,0.0060716666666666,0.0301321666666666,0.0202481666666666,54.33132716666667,0.695158,23.6
2025-12-17 21:00:00,0.1467113333333333,0.0045003333333333,0.0293916666666667,0.0222536666666666,42.396535,10.857319333333333,27.1
2025-12-17 22:00:00,0.1543879999999999,0.0055606666666666,0.028704,0.0235655,47.334335333333335,9.014569166666666,26.9
2025-12-17 23:00:00,0.1677178333333333,0.007288,0.029783,0.0221565,49.618429,8.049941666666667,29.0
2025-12-18 00:00:00,0.2391176666666666,0.0096076666666666,0.0347084999999999,0.0211428333333333,52.7234185,7.026167166666666,31.4
2025-12-18 01:00:00,0.1621731666666666,0.0058119999999999,0.0307313333333333,0.0206971666666667,51.44515233333333,7.094329833333333,26.2
2025-12-18 06:00:00,0.0945083333333333,0.0025973333333333,0.0349261666666667,0.0209743333333333,51.7327275,6.438794166666667,20.7
2025-12-18 07:00:00,0.211945,0.0071253333333333,0.0389388333333333,0.019428,59.745922666666665,3.9992591666666666,25.1
2025-12-18 16:00:00,0.1230584745762712,-0.0061437288135593,0.0350206779661017,0.0067074576271186,26.44243033898305,18.22123372881356,10.0
2025-12-18 17:00:00,0.0655834999999999,-0.0049516666666666,0.0306926666666666,0.0151786666666666,27.720679166666667,17.7133325,9.7
2025-12-20 11:00:00,0.0441283333333332,-0.0002463333333333,0.0324851666666666,0.022844,47.3523135,1.438732,17.8
2025-12-21 14:00:00,0.0531783333333333,-0.0064498333333333,0.0334146666666667,0.0130453333333333,35.46196916666667,13.5742025,9.7
2025-12-22 22:00:00,0.162543,0.0082503333333333,0.0323726666666666,0.0246608333333333,36.311765333333334,2.586666,30.2
2025-12-22 23:00:00,0.1977603333333333,0.0096263333333332,0.0342941666666666,0.0236354999999999,39.86664966666667,1.7729298333333334,31.4
2025-12-23 05:00:00,0.3898059999999999,0.0120216666666666,0.071786,0.0186456666666666,56.373235333333334,0.6687186666666667,29.2
2025-12-23 08:00:00,0.2731011666666667,0.0079083333333333,0.0531013333333333,0.0162676666666666,53.825189,1.9917393333333333,25.5
2025-12-23 11:00:00,0.4147885,0.0088426666666666,0.0690529999999999,0.014442,53.30863866666667,2.7582921666666667,26.5
2025-12-24 02:00:00,0.1018514999999999,0.0041134999999999,0.0309493333333333,0.0217963333333333,79.02766483333333,6.754667333333334,18.1
2025-12-24 04:00:00,0.1183166666666666,0.0033013333333333,0.0376171666666667,0.0184926666666666,79.25392966666666,6.384760166666667,18.4
2025-12-24 05:00:00,0.0979686666666666,0.0019359999999999,0.0304269999999999,0.0187963333333333,80.19576666666667,5.697875,17.2
2025-12-24 06:00:00,0.103681,0.0014509999999999,0.0300303333333333,0.0200808333333333,78.94863433333333,5.698616,17.3
2025-12-24 07:00:00,0.120657,0.0007506666666666,0.0295676666666667,0.0204838333333333,78.81735616666667,5.2344075,17.3
2025-12-24 08:00:00,0.0769376666666666,0.0004956666666666,0.0299971666666666,0.0204901666666666,80.81199433333333,4.6172965,16.4
2025-12-25 01:00:00,0.075262,0.0007364999999999,0.0362631666666666,0.0206718333333333,48.822343,3.6467123333333338,17.4
2025-12-25 08:00:00,0.0887741666666666,0.0009886666666666,0.0300266666666667,0.0180318333333333,58.004817333333335,1.605497,17.1
2025-12-25 12:00:00,0.0794271666666667,0.0011526666666666,0.0300068333333333,0.0182738333333333,57.7624155,2.4203566666666667,17.9
2025-12-25 19:00:00,0.0443014999999999,-0.0053528333333333,0.0323183333333333,0.0173441666666666,34.4389915,10.756331333333334,11.7
2025-12-25 20:00:00,0.0445066666666666,-0.0037601666666666,0.0313648333333332,0.0208761666666666,35.236253500000004,9.025762833333332,12.6
2025-12-26 08:00:00,0.0286953333333333,0.0008225,0.0375146666666666,0.0250714999999999,39.60203166666667,-5.431653666666667,18.4
2025-12-26 09:00:00,0.0345855,0.0018768333333333,0.0397556666666666,0.0250518333333333,39.5447005,-5.9886435,19.1
2025-12-26 10:00:00,0.0313026666666666,0.0020359999999999,0.0401474999999999,0.024774,39.53110183333333,-6.442411166666667,19.1
2025-12-26 11:00:00,0.0397991666666666,0.0031256666666666,0.0437008333333333,0.0245285,40.152677,-6.8637318333333335,19.4
2025-12-26 12:00:00,0.0419684999999999,0.0018359999999999,0.0370566666666666,0.0241353333333333,38.9086685,-6.605693166666667,18.9
2025-12-27 18:00:00,0.0661525,0.0018293333333333,0.0415088333333333,0.0221423333333333,46.386035666666665,2.2435306666666666,18.2
2025-12-29 14:00:00,0.1122926666666667,0.0031559999999999,0.0289984999999999,0.0210226666666666,83.4805695,11.271824666666667,18.0
2025-12-29 19:00:00,0.1462859999999999,0.0021629999999999,0.0306314999999999,0.0166739999999999,82.91798316666667,12.778540333333334,18.4
2025-12-29 20:00:00,0.1967088333333333,0.0045841666666666,0.0346011666666666,0.0154408333333332,83.21097466666667,12.562965,20.3
2025-12-30 01:00:00,0.0914205,-0.0029286666666666,0.0316911666666666,0.0170925,57.72912433333333,8.3232975,12.9
2026-01-01 13:00:00,0.1165441666666666,0.0045801666666667,0.0343029999999999,0.0196056666666666,70.0942855,3.729584666666667,19.7
2026-01-01 14:00:00,0.038785,-0.0007966666666666,0.0334941666666666,0.0235661666666666,68.538611,0.4312106666666667,15.6
2026-01-01 15:00:00,0.0379965,-0.0030088333333332,0.0329315,0.0226243333333333,47.80305,1.7728186666666668,15.7
2026-01-02 11:00:00,0.0752094999999999,0.0040268333333333,0.0330746666666667,0.0246503333333333,46.80112366666667,-4.5000815,20.5
2026-01-02 12:00:00,0.0798811666666666,0.0032408333333333,0.0317193333333333,0.0247381666666666,48.233326,-4.286091833333333,19.6
2026-01-02 22:00:00,0.1322558333333333,0.0046641666666666,0.0303851666666666,0.0257153333333333,39.77174433333333,-1.5969661666666666,23.8
2026-01-03 00:00:00,0.1069581666666666,0.0042101666666666,0.0307399999999999,0.0258295,46.1212445,-3.0018191666666665,21.5
2026-01-03 05:00:00,0.073354,0.0031251666666666,0.0294806666666666,0.024847,55.5979495,-4.354456833333334,18.4
2026-01-03 06:00:00,0.0658026666666666,0.0027646666666666,0.0295943333333333,0.0246994999999999,56.024351,-4.484896166666667,18.4
2026-01-03 07:00:00,0.0650241666666666,0.0022118333333333,0.0296021666666666,0.0245765,55.46153616666667,-4.575468666666667,18.4
2026-01-03 08:00:00,0.0937459999999999,0.0029911666666666,0.0302371666666666,0.0238663333333333,54.920588333333335,-4.813287666666667,18.7
2026-01-04 03:00:00,0.1358665,0.0040098333333333,0.0302791666666666,0.0234808333333333,42.4981605,0.5421145,23.4
2026-01-04 11:00:00,0.0715778333333334,0.0045434999999999,0.0368259999999999,0.0258098333333333,56.7171675,0.3636525,20.2
2026-01-04 12:00:00,0.0727518333333333,0.0045016666666666,0.0376038333333333,0.0248463333333333,57.744203,0.3462643333333333,19.7
2026-01-04 13:00:00,0.0735339999999999,0.0050226666666666,0.0403791666666666,0.0246815,60.7196085,0.8454105,19.9
2026-01-04 14:00:00,0.069476,0.0035431666666667,0.0378036666666666,0.0242521666666666,56.4467445,2.297051833333333,18.8
2026-01-05 08:00:00,0.0432271666666667,0.0015196666666666,0.0346318333333333,0.0241446666666666,44.4912375,-2.7165933333333334,19.2
2026-01-05 09:00:00,0.0498648333333333,0.0030239999999999,0.0378886666666666,0.0231536666666666,45.625178,-3.671651833333333,19.9
2026-01-05 10:00:00,0.0632335,0.0053018333333333,0.0469544999999999,0.0227726666666666,46.951454,-4.549826166666667,21.5
2026-01-06 09:00:00,0.0914764999999999,0.0036974999999999,0.0392061666666666,0.0184848333333332,61.77236333333333,2.7535303333333334,18.8
2026-01-07 07:00:00,0.0730761666666667,0.0035013333333333,0.0409074999999999,0.0214988333333333,80.42631783333333,5.136872166666667,17.2
2026-01-07 21:00:00,0.1531598333333333,0.0018586666666666,0.0315805,0.0164469999999999,71.5359375,6.2157655,17.2
2026-01-09 13:00:00,0.7278908333333333,0.0078239999999999,0.11836,0.0044658333333333,62.161794,5.51402,22.2
2026-01-09 21:00:00,0.1016381666666667,0.0019914999999999,0.0262343333333333,0.0260444999999999,66.62679633333333,11.7435135,18.8
2026-01-09 22:00:00,0.116037,0.0034899999999999,0.0263764999999999,0.0264593333333333,71.02954616666666,11.362265833333334,19.7
2026-01-10 00:00:00,0.0852173333333333,0.0019118333333333,0.0257086666666667,0.0279036666666666,77.92636466666667,12.2294185,18.0
2026-01-10 10:00:00,0.0510884999999999,-0.0022455,0.0331726666666666,0.0185878333333333,62.25844933333333,8.665860166666667,11.5
2026-01-11 02:00:00,0.095634,0.0019566666666666,0.0290833333333332,0.0215791666666666,81.33878933333334,7.299013333333333,17.2
2026-01-11 03:00:00,0.100316,0.0017194999999999,0.0302086666666666,0.0207825,82.66503133333333,7.40436,16.8
2026-01-11 04:00:00,0.0876038333333333,0.0017913333333333,0.0336075,0.0209048333333333,83.585048,7.510985833333334,16.4
2026-01-11 19:00:00,0.0485021666666666,-0.0065503333333333,0.0318446666666666,0.0163026666666666,39.2675075,13.087308166666666,8.9
2026-01-11 20:00:00,0.0516071666666666,-0.0048033333333333,0.0334239999999999,0.0199789999999999,37.306984,11.392944,11.6
2026-01-13 01:00:00,0.0998865,0.0046734999999999,0.0284321666666666,0.0254443333333333,49.67415866666666,3.3305656666666668,23.1
2026-01-13 06:00:00,0.1040225,0.0009771666666666,0.029865,0.0219083333333333,50.657204666666665,3.253636333333333,18.4
2026-01-13 07:00:00,0.1119854999999999,0.0013731666666666,0.0298646666666666,0.0215679999999999,51.52150316666667,2.7747376666666668,18.6
2026-01-13 17:00:00,0.0712999999999999,-0.0040781666666666,0.0317088333333333,0.0170671666666666,23.50971283333333,16.928668,12.1
2026-01-14 15:00:00,0.0768823333333333,-0.0042955,0.0320696666666666,0.0169326666666666,39.044413,14.487563166666666,10.7
2026-01-14 19:00:00,0.1076861666666666,0.0029321666666666,0.0292296666666667,0.0261616666666666,43.010732,14.255997333333331,21.9
2026-01-15 08:00:00,0.0834851666666666,0.0027293333333333,0.0286839999999999,0.0251665,74.28905533333334,10.936046,19.9
2026-01-15 10:00:00,0.0826409999999999,0.0043246666666666,0.0286998333333333,0.0244136666666666,76.03756800000001,10.612082,21.9
2026-01-15 18:00:00,0.0740786666666666,-0.0067048333333333,0.0316326666666666,0.0150051666666666,36.704178,17.252879,7.6
2026-01-15 19:00:00,0.0847106666666666,-0.0039551666666666,0.0309371666666666,0.0179788333333333,37.797496833333334,15.610064333333334,9.1
2026-01-15 20:00:00,0.0797228333333333,-0.0044359999999999,0.0316985,0.0175583333333332,33.409911,14.973558333333331,10.3
2026-01-17 00:00:00,0.0914496666666666,0.0028445,0.029455,0.0268889999999999,33.051692333333335,0.8085995,23.4
2026-01-17 02:00:00,0.1077558333333333,0.005122,0.0298918333333333,0.0248543333333333,36.455600833333335,-0.0145113333333333,26.3
2026-01-17 03:00:00,0.1105146666666667,0.0052431666666666,0.0301488333333333,0.0242343333333333,36.9648745,-0.0071296666666666,26.5
2026-01-17 04:00:00,0.1023184999999999,0.0044518333333333,0.0296259999999999,0.0234373333333333,36.724485666666666,1.7307501666666667,25.3
2026-01-17 12:00:00,0.1980138333333334,0.0096968333333333,0.0413078333333333,0.0204234999999999,53.0580895,5.260053833333333,30.1
2026-01-17 15:00:00,0.1153961666666667,0.0024351666666666,0.0341066666666666,0.0205945,44.490383,8.4426575,22.3
2026-01-17 18:00:00,0.1741516666666667,0.0035284999999999,0.031241,0.0207343333333333,43.190727333333335,10.331317,25.1
2026-01-18 00:00:00,0.0885481666666666,0.0011173333333333,0.0285308333333333,0.024895,69.16890383333333,5.6467746666666665,17.9
2026-01-18 01:00:00,0.0980871666666666,0.0011043333333333,0.0290571666666666,0.0231906666666666,67.90047766666666,5.4655941666666665,17.8
2026-01-18 02:00:00,0.1017778333333333,0.0010706666666667,0.0305245,0.0220488333333332,67.03597483333333,5.2057096666666665,17.7
2026-01-18 03:00:00,0.1091664999999999,0.0008144999999999,0.029342,0.0219339999999999,68.1167385,4.4445195,17.4
2026-01-18 12:00:00,0.1163511666666666,0.0024873333333332,0.0306261666666666,0.0167109999999999,71.23822883333334,4.1495635,16.4
2026-01-18 13:00:00,0.13882,0.0031625,0.0324243333333333,0.0175636666666666,75.312543,4.379517166666666,16.4
2026-01-18 15:00:00,0.1736263333333333,0.0035554999999999,0.0352908333333333,0.0172479999999999,70.95722033333334,6.447846166666666,17.9
2026-01-19 02:00:00,0.1221816666666666,0.0044259999999999,0.0518978333333333,0.0168753333333333,82.10340833333333,3.9366171666666663,17.1
2026-01-19 04:00:00,0.1131254999999999,0.0035736666666666,0.0519273333333333,0.016587,81.96374383333334,3.779178,16.1
2026-01-19 06:00:00,0.0761388333333333,0.0012086666666666,0.0426338333333333,0.0195463333333333,79.274807,3.3801383333333335,16.1
2026-01-19 08:00:00,0.0576398333333333,-0.0008573333333333,0.0295984999999999,0.0205356666666666,77.42225333333333,3.0399441666666664,15.3
2026-01-19 10:00:00,0.0738878333333333,0.0013971666666666,0.0342231666666666,0.0200763333333333,76.261737,3.1309928333333334,16.3
2026-01-19 22:00:00,0.0641606666666666,0.0001578333333333,0.0289001666666666,0.0237419999999999,54.00897916666666,1.5769358333333334,17.2
2026-01-19 23:00:00,0.0629286666666666,0.0011798333333333,0.0285186666666666,0.0238729999999999,60.470810166666666,0.2755395,16.8
2026-01-20 08:00:00,0.0455823333333333,-0.0015343333333333,0.0327048333333333,0.021172,46.758470833333334,-1.2191833333333333,16.0
2026-01-20 10:00:00,0.168106,0.0066086666666666,0.0385535,0.0195343333333333,53.93597183333333,-4.3441011666666665,23.8
2026-01-20 12:00:00,0.1585925,0.0051751666666666,0.0399174999999999,0.0199459999999999,59.164631666666665,-4.30951,20.1
2026-01-21 04:00:00,0.0892669999999999,0.0045428333333333,0.0313801666666666,0.0232729999999999,42.180782666666666,-7.299707666666667,21.6
2026-01-21 08:00:00,0.0619755,0.0029343333333333,0.0304341666666666,0.0230348333333333,44.331737333333336,-8.264351833333333,19.1
2026-01-21 09:00:00,0.0703311666666666,0.0029758333333333,0.0319406666666666,0.0229036666666666,43.78746366666667,-8.074682333333334,19.3
2026-01-21 10:00:00,0.080243,0.0040601666666666,0.0345321666666666,0.0225576666666666,44.590933166666666,-8.2339195,20.1
2026-01-21 13:00:00,0.0926168333333333,0.0020678333333333,0.0340645,0.0206181666666666,31.710298833333333,-2.2089455,21.3
2026-01-23 01:00:00,0.1112439999999999,0.0047866666666666,0.0305338333333333,0.0273775,47.53874416666667,5.1839535,24.2
2026-01-23 04:00:00,0.2255556666666666,0.0097258333333333,0.0391075,0.0213426666666666,59.67619233333333,2.3950275,28.1
2026-01-23 05:00:00,0.2268936666666667,0.0096111666666666,0.0425421666666666,0.0202046666666667,61.371455166666664,2.1817498333333334,27.5
2026-01-23 11:00:00,0.1097421666666667,0.0036916666666667,0.0326015,0.0219075,42.920143,-1.4385065,23.2
2026-01-25 04:00:00,0.0440716666666667,0.0022205,0.0381895,0.0238194999999999,29.950661,-9.4560025,20.4
2026-01-25 14:00:00,0.0492285,0.0042481666666666,0.0405613333333333,0.0244078333333332,43.93329383333333,-8.298497666666666,20.0
2026-01-25 15:00:00,0.0584736666666666,0.0057758333333333,0.0461586666666666,0.0241953333333333,53.44205933333333,-8.128759833333334,19.8
2026-01-25 16:00:00,0.0543291525423729,0.0043835593220338,0.0420162711864406,0.023746440677966,54.554535762711865,-7.640086101694915,18.2
2026-01-26 13:00:00,0.0577916666666666,0.0015658333333333,0.0364031666666666,0.0229165,62.81578716666667,-4.2676628333333335,17.7
2026-01-26 21:00:00,0.0742458333333333,0.0040945,0.0407331666666666,0.0238991666666666,65.19201983333333,-2.5620006666666666,18.2
2026-01-27 11:00:00,0.049933,0.0015893333333333,0.0327048333333333,0.0220411666666666,49.42701533333333,-9.586170666666666,18.2
2026-01-27 12:00:00,0.0880415,0.0037838333333333,0.0351705,0.0208726666666667,47.835282666666664,-8.431129166666667,20.3
2026-01-28 10:00:00,0.0603713333333332,0.0021896666666667,0.0339116666666666,0.0236633333333333,52.528434833333336,-8.743274333333334,18.5
2026-01-28 11:00:00,0.0605611666666666,0.0028548333333333,0.0350864999999999,0.0228523333333333,53.744894,-9.268757,18.8
2026-01-29 00:00:00,0.1231881666666666,0.0056961666666666,0.0313543333333333,0.0233421666666667,39.043578333333336,-3.4580941666666667,26.3
2026-01-31 06:00:00,0.0771379999999999,0.0040313333333333,0.0322026666666666,0.0204951666666666,48.142169,-11.0844565,21.6
2026-01-31 13:00:00,0.1193863333333333,0.0026558333333333,0.0377654999999999,0.0182351666666666,37.93486733333334,-5.015969666666667,21.6
2026-01-31 14:00:00,0.0579546666666666,-0.001767,0.0361436666666666,0.0174101666666666,26.6927515,0.5146075,19.4
2026-01-31 15:00:00,0.0607168333333333,-0.0006289999999999,0.0407263333333333,0.0164944999999999,23.891325,3.3779575,21.3
2026-02-01 05:00:00,0.0518536666666666,0.0016156666666666,0.0398521666666666,0.0228078333333333,46.34001333333333,-8.027320833333333,18.5
2026-02-01 06:00:00,0.0471019999999999,0.0022793333333333,0.0432699999999999,0.0223898333333333,46.797936166666666,-7.691853166666666,18.9
2026-02-02 00:00:00,0.0464399999999999,0.0021444999999999,0.0390881666666666,0.0244455,39.06929233333333,-2.987591833333333,20.7
2026-02-02 01:00:00,0.0483233333333333,0.0028544999999999,0.0408936666666666,0.0239105,39.77509716666667,-2.9930895,21.6
2026-02-02 10:00:00,0.0495883333333332,0.0025298333333333,0.0391986666666666,0.0238598333333333,38.193229,-5.125095,22.2
2026-02-02 11:00:00,0.0575061666666666,0.0030904999999999,0.0348879999999999,0.022791,39.16612083333333,-5.847969166666666,23.5
2026-02-03 04:00:00,0.0955176666666666,0.005662,0.0362898333333333,0.024362,37.31949316666667,-2.231466166666667,27.6
2026-02-03 12:00:00,0.1932408333333334,0.0078656666666666,0.0440941666666666,0.0193749999999999,41.59944383333333,-3.195412,29.8
2026-02-04 01:00:00,0.1113321666666666,0.0043684999999999,0.0290118333333333,0.0255116666666666,38.3932685,0.0925376666666666,26.0
2026-02-05 00:00:00,0.1337114999999999,0.0045324999999999,0.0308455,0.0231994999999999,41.1108105,-0.6394595,25.1
2026-02-05 06:00:00,0.1153473333333333,0.0034923333333333,0.0300261666666666,0.0210731666666666,54.46312783333333,-4.086298,20.1
2026-02-05 10:00:00,0.1278258333333333,0.004998,0.0343988333333333,0.0190204999999999,62.02479366666667,-5.5362168333333335,21.4
2026-02-06 01:00:00,0.3774498333333333,0.0126078333333333,0.0627623333333333,0.0215184999999999,57.87736483333333,-2.7026515,32.6
2026-02-06 02:00:00,0.3818895,0.0119123333333333,0.0657233333333333,0.0201288333333333,60.08786583333333,-3.7004053333333338,31.3
2026-02-06 05:00:00,0.3063718333333333,0.0089401666666666,0.0535999999999999,0.0186989999999999,58.612536666666664,-5.057296166666667,28.6
2026-02-06 10:00:00,0.091164,0.0037296666666666,0.0439845,0.0200186666666666,49.0792455,-4.6515235,22.5
2026-02-07 16:00:00,0.0476737288135593,0.0002420338983051,0.0412394915254237,0.0203320338983051,48.752027118644065,5.978317966101695,19.1
2026-02-08 04:00:00,0.0274683333333333,-0.0013555,0.0361388333333333,0.0208928333333333,42.81532266666667,-10.557810166666666,17.2
2026-02-08 05:00:00,0.0262956666666666,-0.001949,0.0333263333333332,0.0211179999999999,42.03400283333333,-11.107694666666667,17.6
2026-02-08 11:00:00,0.0261186666666666,-0.000698,0.0378928333333333,0.0209933333333333,43.550913333333334,-12.7148855,15.4
2026-02-09 02:00:00,0.0388991666666667,0.0005769999999999,0.0354455,0.0239878333333333,36.84778216666667,-7.266174166666667,18.8
2026-02-09 03:00:00,0.0423396666666666,0.0008985,0.0368445,0.0237801666666666,36.52656233333333,-7.5602735,18.9
2026-02-09 04:00:00,0.0393241666666667,0.0008785,0.0374393333333333,0.0236723333333333,36.128970833333334,-7.723936666666667,18.8
2026-02-09 05:00:00,0.0366073333333333,0.0011444999999999,0.0379043333333333,0.0238826666666666,37.3488895,-7.849982333333333,18.9
2026-02-09 06:00:00,0.0348171666666666,-0.0001158333333333,0.0335793333333333,0.0242508333333333,38.238676,-7.942547666666667,18.7
2026-02-09 07:00:00,0.0345726666666666,-8.466666666667733e-05,0.0340408333333333,0.0241516666666666,39.013447,-8.143774,18.7
2026-02-09 08:00:00,0.0376484999999999,0.0005755,0.0354466666666666,0.0236958333333333,40.217921833333335,-8.423563666666666,18.7
2026-02-09 09:00:00,0.0356113333333333,0.0009505,0.0365108333333333,0.0236931666666666,40.790593666666666,-8.4836525,18.8
2026-02-09 10:00:00,0.0333529999999999,0.0002925,0.0354076666666666,0.0233898333333333,40.516172833333336,-8.306916666666666,18.6
2026-02-09 11:00:00,0.0363608333333333,0.0001106666666666,0.0348643333333333,0.0230916666666666,40.387023,-8.245148833333333,18.4
2026-02-09 12:00:00,0.0453786666666666,0.0005455,0.0366405,0.0224993333333333,36.37068466666667,-5.9977505,18.8
2026-02-09 13:00:00,0.0485518333333334,-0.0004484999999999,0.036726,0.0208203333333333,28.533124833333332,-1.3388166666666668,19.9
2026-02-10 06:00:00,0.1134565,0.0034888333333333,0.0332045,0.0213286666666666,34.460382833333334,-3.439065333333333,24.1
2026-02-10 12:00:00,0.2724493333333333,0.0097295,0.054817,0.0174305,36.06104916666666,-2.4206268333333334,32.9
2026-02-11 06:00:00,0.1310305,0.0059986666666666,0.0271724999999999,0.0243386666666666,76.79021216666666,3.5512586666666666,21.5
2026-02-11 10:00:00,0.1074376666666666,0.0021536666666666,0.031391,0.0207485,71.9026035,3.4633368333333334,18.4
2026-02-11 11:00:00,0.0859554999999999,0.0003761666666666,0.0327779999999999,0.0201676666666666,65.38093866666667,3.0971983333333335,17.3
2026-02-11 12:00:00,0.1110544999999999,0.0002458333333333,0.033337,0.0186436666666666,59.063064,4.5103868333333335,18.0
2026-02-11 18:00:00,0.0467809999999999,-0.0064891666666667,0.0307113333333333,0.0174643333333333,26.809603333333335,14.359667,11.8
2026-02-13 03:00:00,0.0493131666666666,0.0023024999999999,0.0355328333333333,0.0278423333333333,44.60287116666667,0.5196971666666667,20.8
2026-02-13 05:00:00,0.0410011666666666,0.0026013333333333,0.039121,0.0266093333333333,44.236294666666666,-0.4268071666666667,21.1
2026-02-13 08:00:00,0.0574456666666666,0.0018996666666666,0.0339153333333333,0.0252625,46.07047133333333,-2.6497153333333334,20.0
2026-02-13 09:00:00,0.0613836666666666,0.0024219999999999,0.033528,0.0249578333333332,47.8883135,-3.141726333333333,20.9
2026-02-13 10:00:00,0.0837035,0.0045181666666666,0.0402559999999999,0.0240616666666666,49.37628683333333,-3.2935978333333336,23.1
2026-02-13 11:00:00,0.0841758333333332,0.0053695,0.0432859999999999,0.0235595,49.58515,-3.372745,23.9
2026-02-13 12:00:00,0.1019988333333333,0.0032006666666666,0.0375851666666666,0.0223066666666666,40.67183516666667,0.1037158333333333,23.2
2026-02-13 13:00:00,0.0737295,0.0001403333333333,0.0395814999999999,0.0190463333333333,28.443485666666668,6.185119333333334,22.5
2026-02-13 23:00:00,0.2270978333333334,0.0098686666666666,0.0305511666666666,0.0264591666666666,34.02743383333333,3.6863486666666665,34.1
2026-02-14 00:00:00,0.17959,0.0078458333333333,0.0294579999999999,0.0258071666666666,35.093648,2.670397,31.4
2026-02-14 11:00:00,0.0958353333333333,0.0026818333333333,0.0309498333333332,0.0230593333333333,44.07586366666666,0.1204651666666666,22.7
2026-02-16 12:00:00,0.0970863333333333,0.0049553333333333,0.0344646666666666,0.0222431666666667,50.696959666666665,2.7864105,25.0
2026-02-16 14:00:00,0.1003863333333333,0.0047769999999999,0.0380838333333333,0.0216601666666666,46.59869966666667,5.466708,24.9
2026-02-17 06:00:00,0.1788194999999999,0.0069175,0.0367933333333333,0.0185598333333333,67.40388266666666,-0.201763,24.2
2026-02-17 10:00:00,0.3658318333333333,0.0092984999999999,0.0621161666666666,0.0160196666666666,64.3761295,1.0264628333333332,27.8
2026-02-17 13:00:00,0.1720431666666667,0.0056034999999999,0.0380316666666666,0.0156894999999999,55.362839,4.078841,25.7
2026-02-17 14:00:00,0.1491201666666666,0.0033719999999999,0.035965,0.0160058333333333,49.197094666666665,6.3683095,23.5
2026-02-18 02:00:00,0.1433058333333333,0.0032195,0.0302703333333333,0.0178446666666666,71.48673583333333,5.321978166666667,18.9
2026-02-18 04:00:00,0.1141045,0.0014378333333333,0.0286746666666666,0.0183803333333332,74.71974866666666,5.033111166666667,16.9
2026-02-18 05:00:00,0.101145,0.0009808333333333,0.0285906666666666,0.0186266666666666,75.64439983333334,4.886217666666667,17.1
2026-02-18 17:00:00,0.1948458333333333,0.0023664999999999,0.04408,0.0127651666666666,57.88500283333333,10.4000365,19.1
2026-02-18 20:00:00,0.1888865,0.0055474999999999,0.0401148333333333,0.0171991666666667,72.28568983333334,8.1146385,21.6
2026-02-18 21:00:00,0.2190228333333334,0.0063736666666666,0.0423171666666666,0.0168898333333333,74.90333466666667,7.931325,22.4
2026-02-18 22:00:00,0.2198941666666666,0.0069705,0.0436631666666666,0.0167888333333333,76.91600516666666,7.560319666666667,23.7
2026-02-19 00:00:00,0.3142441666666666,0.006566,0.0480714999999999,0.0154951666666666,77.63280783333333,7.412106666666666,22.8
2026-02-19 03:00:00,0.0680836666666666,-0.0012404999999999,0.032552,0.0186048333333332,58.03413166666667,6.323544333333333,18.3
2026-02-19 04:00:00,0.0468616666666666,-0.0019631666666666,0.0344678333333333,0.02182,51.9492445,6.114834,18.0
2026-02-19 06:00:00,0.0365381666666667,-0.0017889999999999,0.0388998333333333,0.0204779999999999,40.09134483333333,5.7624915,19.8
2026-02-19 07:00:00,0.0507831666666666,6.783333333337804e-05,0.0396196666666666,0.0207528333333333,39.487745,5.699839333333333,22.5
2026-02-19 10:00:00,0.0667659999999999,0.0020613333333333,0.0401061666666666,0.0215573333333333,38.53266283333333,5.020948833333334,24.4
2026-02-20 04:00:00,0.2161608333333333,0.0098274999999999,0.0362001666666666,0.0221204999999999,67.7320125,3.0744498333333334,28.2
2026-02-20 07:00:00,0.2988411666666666,0.0090348333333333,0.0545806666666666,0.0186326666666666,70.89140966666666,1.857036666666667,25.9
2026-02-20 08:00:00,0.3090351666666666,0.0081579999999999,0.0521248333333333,0.0180278333333333,74.00362516666667,0.708758,23.8
2026-02-20 13:00:00,0.179019,0.0057466666666666,0.0434548333333333,0.0160596666666666,64.904621,4.1353785,22.5
2026-02-20 17:00:00,0.0750531666666666,0.0014164999999999,0.0357664999999999,0.0216334999999999,58.57702916666667,6.597921833333333,19.5
2026-02-21 02:00:00,0.0505479999999999,0.0009333333333333,0.0331251666666666,0.0251026666666666,79.97706216666667,4.411776166666667,16.8
2026-02-21 04:00:00,0.0464503333333333,0.0015003333333333,0.0354396666666666,0.0263756666666666,79.63632733333333,4.492146833333333,17.2
2026-02-21 06:00:00,0.0513626666666666,0.0007681666666666,0.0318643333333333,0.025866,80.59378783333334,4.219287166666667,16.8
2026-02-21 08:00:00,0.0545735,0.0013843333333333,0.0365671666666667,0.0247888333333333,77.72497866666667,4.3524313333333335,17.1
2026-02-21 14:00:00,0.049182,-0.0018418333333333,0.0296856666666666,0.0225018333333333,64.93631366666666,5.7610695,16.9
2026-02-21 20:00:00,0.0590058333333333,0.000184,0.0313225,0.025405,57.16498966666666,6.4976155,18.8
2026-02-22 04:00:00,0.0553393333333333,0.0005421666666666,0.0289705,0.025228,73.20198333333333,2.9972075,15.9
2026-02-22 05:00:00,0.0691725,0.0008285,0.030252,0.0244358333333333,71.85698916666666,3.0471168333333334,16.2
2026-02-22 06:00:00,0.0668871666666666,0.0012604999999999,0.0335349999999999,0.0240144999999999,67.84596366666666,3.2932703333333335,17.7
2026-02-22 10:00:00,0.0637906666666667,0.0022418333333333,0.03275,0.0221246666666666,63.8725555,3.3453916666666665,18.3
2026-02-22 14:00:00,0.0920933333333333,0.0004381666666666,0.0335231666666666,0.0199481666666666,54.92053833333333,6.217714166666667,18.2
2026-02-23 11:00:00,0.0278323333333332,-0.0001856666666666,0.0286763333333333,0.02744,83.48954266666667,2.9315923333333336,15.6
2026-02-23 13:00:00,0.0326656666666666,-7.399999999996298e-05,0.0305781666666666,0.0259584999999999,82.29609083333334,2.344886,15.8
2026-02-23 15:00:00,0.0286156666666666,-0.0008426666666667,0.0295241666666666,0.0268228333333333,80.62600516666667,0.707912,16.6
2026-02-23 23:00:00,0.0506521666666666,0.0016049999999999,0.0359308333333333,0.0273836666666666,68.77528116666667,1.4731753333333333,17.8
2026-02-24 00:00:00,0.0433613333333333,0.0024193333333333,0.0386606666666666,0.0268924999999999,69.04104716666667,1.1332981666666666,17.7
2026-02-24 02:00:00,0.0383731666666666,0.0008759999999999,0.0375396666666666,0.0253824999999999,60.14625866666667,0.7226863333333333,17.7
2026-02-24 03:00:00,0.0366934999999999,-0.0004601666666667,0.0341694999999999,0.0249129999999999,53.060024166666665,0.6486045,18.1
2026-02-24 04:00:00,0.053811,0.0005946666666666,0.0363363333333333,0.0241613333333333,47.953305666666665,1.660701,19.0
2026-02-24 05:00:00,0.0462021666666666,-0.0009386666666666,0.0332375,0.0249136666666666,46.33677016666667,1.5754523333333332,18.5
2026-02-24 06:00:00,0.0349608333333333,0.0005366666666666,0.0350524999999999,0.0249008333333333,45.666798666666665,1.7758708333333333,19.1
2026-02-24 08:00:00,0.0353491666666666,0.0011366666666666,0.035464,0.0262749999999999,49.114717666666664,0.5566815,19.1
2026-02-24 09:00:00,0.0370373333333333,0.0008908333333333,0.0350088333333333,0.026154,48.17700816666667,0.2700138333333333,19.0
2026-02-25 07:00:00,0.1361623333333333,0.0069835,0.0342711666666666,0.0195001666666667,46.28301916666667,-2.450422166666667,25.5
2026-02-25 08:00:00,0.2491285,0.0094035,0.0480598333333333,0.0188261666666667,47.8626845,-2.533785,27.7
2026-02-25 16:00:00,0.109205593220339,0.0007784745762711,0.0268425423728813,0.0222157627118644,59.35304830508475,8.060217288135593,17.7
2026-02-26 00:00:00,0.1481314999999999,0.0069794999999999,0.0279986666666666,0.0247635,65.55839,5.270470333333333,23.8
2026-02-26 08:00:00,0.1866846666666667,0.0049353333333332,0.0286825,0.0235643333333333,71.66060733333333,5.806489833333333,23.3
2026-02-27 01:00:00,0.2763494999999999,0.0097998333333333,0.0342103333333333,0.0228873333333333,52.0890105,6.4533875,31.2
2026-02-27 12:00:00,0.3212521666666666,0.007468,0.0624973333333332,0.0140016666666666,39.514914833333336,5.2603825,28.8
2026-02-28 07:00:00,0.3305035,0.0120201666666666,0.0576895,0.0204508333333333,69.2281545,0.113096,30.5
2026-02-28 09:00:00,0.4240764999999999,0.0121976666666666,0.0734033333333333,0.0193284999999999,71.83092466666666,-1.301877,29.7
2026-02-28 15:00:00,0.0676253333333333,-0.0090931666666666,0.0331978333333333,0.0110709999999999,24.459066166666663,18.346257166666668,9.0
2026-02-28 16:00:00,0.0391315254237288,-0.0091169491525423,0.0322966101694915,0.0153306779661016,19.56387338983051,19.886986949152544,8.1
2026-03-02 05:00:00,0.0455573333333333,0.0018968333333332,0.0382771666666666,0.0255576666666666,29.629231166666667,-1.259859,22.1
2026-03-02 06:00:00,0.0549773333333333,0.0030299999999999,0.0366644999999999,0.0249713333333333,31.707379833333334,-2.041307333333333,23.6
2026-03-02 11:00:00,0.0535445,0.0023381666666666,0.0421331666666666,0.0243491666666666,33.149494833333335,-6.485735333333333,22.6
2026-03-02 12:00:00,0.0573276666666667,0.0007388333333333,0.0394833333333333,0.0232545,23.587122333333333,-1.5071696666666667,22.2
2026-03-03 03:00:00,0.1186611666666666,0.0077549999999999,0.0314103333333333,0.0237158333333333,42.23570566666667,-3.537694166666667,29.4
2026-03-04 07:00:00,0.1169651666666666,0.0043825,0.0312435,0.0212091666666666,76.76986366666667,5.294556166666667,20.5
2026-03-04 09:00:00,0.1348163333333333,0.0063969999999999,0.0311338333333333,0.0190793333333333,78.95341833333333,4.605523833333334,23.3
2026-03-05 17:00:00,0.4483415,0.0112866666666666,0.078188,0.0173744999999999,62.007434,11.334739833333334,31.2
2026-03-05 21:00:00,0.0613425,0.0010254999999999,0.0296236666666667,0.0280976666666666,72.5668995,7.791937833333334,17.5
2026-03-05 22:00:00,0.0492626666666666,3.1666666666652077e-06,0.0274878333333333,0.0283845,73.5670415,6.846145166666667,16.8
2026-03-05 23:00:00,0.0418808333333333,0.0004261666666666,0.0296578333333333,0.0283886666666666,74.35416283333333,6.029386166666667,17.3
2026-03-06 00:00:00,0.0440726666666666,0.0006533333333333,0.0286056666666666,0.0284491666666666,77.3672395,5.3880463333333335,17.6
2026-03-06 03:00:00,0.0592499999999999,0.0017968333333333,0.0319005,0.0271483333333333,82.759627,5.848905666666667,17.4
2026-03-06 04:00:00,0.059989,0.0008206666666666,0.0288301666666667,0.0279591666666666,83.19577233333334,5.949808666666667,17.4
2026-03-06 05:00:00,0.0441813333333332,0.0005979999999999,0.0302749999999999,0.0281351666666666,83.075864,5.924514833333333,17.6
2026-03-06 07:00:00,0.0339071666666666,0.0002849999999999,0.0286876666666666,0.028239,83.51548516666666,5.4628375,17.4
2026-03-06 08:00:00,0.0322069999999999,0.000317,0.0305121666666666,0.0279766666666667,83.43396766666666,5.366556666666667,17.4
2026-03-06 16:00:00,0.0510111864406779,0.0009381355932203,0.0342293220338982,0.0247325423728813,71.86454610169491,5.121058135593221,17.3
2026-03-06 17:00:00,0.056115,0.0001315,0.0329111666666666,0.0241609999999999,67.54762683333334,6.299447666666667,17.9
2026-03-06 19:00:00,0.0593666666666666,0.0019288333333333,0.034866,0.0253778333333333,71.586027,6.430517166666666,18.2
2026-03-06 20:00:00,0.0497495,0.0002564999999999,0.0303341666666666,0.0255221666666666,70.0659145,6.759342,18.0
2026-03-06 22:00:00,0.0560321666666666,0.001039,0.0319976666666666,0.026224,74.63926816666667,5.872176333333333,17.6
2026-03-06 23:00:00,0.0539029999999999,0.0016796666666666,0.0341286666666666,0.0259688333333333,75.49644016666667,5.618557,17.6
2026-03-07 01:00:00,0.068619,0.0021286666666666,0.0340126666666666,0.0251388333333333,79.47120983333333,5.236826166666667,18.1
2026-03-07 04:00:00,0.0741146666666666,0.0015999999999999,0.0316778333333332,0.0233019999999999,81.98628416666666,5.062564833333333,17.0
2026-03-07 09:00:00,0.0766451666666666,0.0008199999999999,0.0287104999999999,0.0204246666666667,79.073981,5.683370333333333,17.2
2026-03-07 14:00:00,0.0829708333333333,0.0010923333333333,0.0295383333333333,0.0209828333333333,77.22778683333334,7.548642,17.7
2026-03-07 15:00:00,0.0789593333333333,0.0008354999999999,0.0295318333333333,0.0220403333333333,77.6180995,8.3334395,17.4
2026-03-07 23:00:00,0.0841565,0.0012903333333333,0.026397,0.0260525,77.78962733333333,10.761313833333332,18.1
2026-03-08 00:00:00,0.1040625,0.0036613333333333,0.0271373333333333,0.0254251666666666,81.1426415,10.217172666666666,18.4
2026-03-08 01:00:00,0.114569,0.0031506666666666,0.0266436666666666,0.0248935,84.60003766666667,10.195893,18.0
2026-03-08 02:00:00,0.1130031666666666,0.0028306666666666,0.0269221666666666,0.0238623333333333,85.24690016666666,10.2378295,18.0
2026-03-08 06:00:00,0.0708558333333333,-0.0003558333333333,0.0274021666666666,0.0208119999999999,82.43545,13.1730705,13.8
2026-03-09 03:00:00,0.3330868333333333,0.0051701666666666,0.0468545,0.017025,84.882119,8.731320166666666,18.0
2026-03-09 05:00:00,0.3323378333333333,0.0022881666666667,0.0474626666666666,0.0139839999999999,84.48203633333334,6.853936166666666,17.2
2026-03-09 06:00:00,0.3647796666666666,0.0024111666666666,0.0520346666666666,0.0135268333333333,84.8086025,5.981101333333333,16.8
2026-03-09 10:00:00,0.4999589999999999,0.0063179999999999,0.0917726666666666,0.0134913333333333,86.78608366666667,4.035792,16.8
2026-03-09 16:00:00,0.0403727118644068,-0.021352033898305,0.0352262711864406,-0.0049310169491525,19.19447101694915,27.563364576271187,5.2
2026-03-09 17:00:00,0.0020084999999999,-0.0203143333333333,0.0326905,0.0048043333333333,14.022789333333334,28.705609666666668,6.0
2026-03-09 18:00:00,0.0139558333333333,-0.0144853333333333,0.0307669999999999,0.0155278333333332,12.449708666666666,28.883527166666667,7.1
2026-03-09 19:00:00,0.0226426666666667,-0.0113773333333333,0.0289943333333333,0.0211631666666666,12.1057185,29.588705833333332,7.5
2026-03-09 20:00:00,0.0426736666666666,-0.0077611666666667,0.0274748333333333,0.0281083333333332,13.176525666666668,29.153928333333333,8.0
2026-03-09 21:00:00,0.0614093333333333,-0.004346,0.0268094999999999,0.0318281666666666,14.238797833333331,28.144877666666662,8.7
2026-03-10 00:00:00,0.1574655,0.0101255,0.0226875,0.0390944999999999,34.97340466666667,16.264985333333332,33.0
2026-03-10 09:00:00,0.1507523333333333,0.006795,0.0316989999999999,0.0205871666666667,85.86630233333334,6.9142953333333335,20.5
2026-03-11 10:00:00,0.2737441666666666,0.0074989999999999,0.0707134999999999,0.0163808333333333,72.29066399999999,10.199066166666666,23.3
2026-03-11 17:00:00,0.0302541666666666,-0.0107223333333333,0.0337626666666666,0.0163263333333333,26.262327,25.769683,4.8
2026-03-11 18:00:00,0.0399946666666666,-0.0093718333333333,0.0327706666666666,0.0200248333333333,25.3867265,28.102867,5.3
2026-03-12 09:00:00,0.0542711666666667,0.0003738333333333,0.028806,0.024491,85.25964716666667,13.607635333333333,17.0
2026-03-15 11:00:00,0.0620396666666666,0.0015264999999999,0.0328258333333333,0.0258079999999999,40.7612295,4.886793333333333,21.5
2026-03-17 11:00:00,0.0520651666666666,-0.0043353333333333,0.031207,0.0201206666666666,47.696000166666664,10.571083666666668,12.0
2026-03-18 10:00:00,0.0690825,0.0031559999999999,0.0330894999999999,0.025952,34.402632,0.8266461666666667,21.4
2026-03-18 11:00:00,0.0814284999999999,0.0034593333333333,0.0322405,0.0235448333333333,33.897842833333335,2.137478,22.3
2026-03-19 10:00:00,0.2190599999999999,0.0097641666666666,0.0524161666666667,0.0177061666666666,53.753115666666666,1.857490833333333,27.4
2026-03-19 11:00:00,0.2470805,0.0093526666666666,0.0515318333333333,0.0175485,50.717471333333336,3.0198543333333334,27.6
2026-03-20 09:00:00,0.1078773333333333,0.0044791666666667,0.029189,0.0246073333333333,53.3529565,5.7518701666666665,23.6
2026-03-22 03:00:00,0.0613621666666667,0.0029026666666666,0.0348856666666667,0.0291131666666666,33.01019816666667,9.692065666666666,23.7
2026-03-22 05:00:00,0.0685775,0.0033519999999999,0.0341898333333333,0.0279378333333333,35.01482433333334,8.891085333333333,24.7
2026-03-22 21:00:00,0.1105133333333333,0.0043449999999999,0.0271599999999999,0.0281391666666667,83.991129,11.726028166666667,19.8
2026-03-22 22:00:00,0.1227806666666666,0.004219,0.0274215,0.0264803333333333,84.295878,12.118507,20.0
2026-03-23 00:00:00,0.1470438333333333,0.0046433333333333,0.0284893333333333,0.0245195,84.226507,12.8926565,21.3
2026-03-23 04:00:00,0.0778236666666666,-0.0011851666666666,0.0352138333333333,0.018656,82.583316,10.921883166666667,12.8
2026-03-23 09:00:00,0.0603116666666666,0.0013321666666666,0.0363213333333333,0.022399,82.19434916666667,7.089127333333333,17.3
2026-03-23 22:00:00,0.0655331666666666,0.0001936666666666,0.0349323333333333,0.0220836666666666,62.686072,8.440459333333333,17.8
2026-03-23 23:00:00,0.0593173333333333,0.0022893333333333,0.037439,0.0242944999999999,70.26991983333333,6.571049333333333,18.2
2026-03-24 00:00:00,0.0640605,0.0024509999999999,0.0377633333333333,0.023623,70.646992,6.321166166666667,18.2
2026-03-24 01:00:00,0.0648951666666666,0.0019804999999999,0.0363494999999999,0.0224575,66.036381,7.0801185,18.2
2026-03-24 02:00:00,0.0657261666666666,0.0014218333333332,0.0346295,0.0217578333333333,67.318725,6.620667166666666,17.7
2026-03-24 04:00:00,0.068772,0.0014396666666666,0.0328556666666666,0.0221688333333333,67.760029,6.592752333333333,17.3
2026-03-24 05:00:00,0.0544586666666666,-0.0008761666666666,0.032581,0.0221238333333333,61.520563833333334,6.275144833333333,16.5
2026-03-24 06:00:00,0.0477364999999999,3.049999999998887e-05,0.0356428333333333,0.0224726666666666,56.56341666666667,5.524454833333333,17.7
2026-03-24 07:00:00,0.0508471666666666,-4.983333333336004e-05,0.032913,0.0225296666666666,52.769602166666665,5.846279666666667,17.7
2026-03-28 03:00:00,0.0579268333333333,0.004068,0.0356731666666666,0.0271176666666666,24.977926833333335,7.146575166666667,24.8
2026-03-28 05:00:00,0.0743494999999999,0.0033641666666666,0.0345126666666666,0.0266831666666667,25.438289666666662,6.030938166666667,24.6
2026-03-28 07:00:00,0.0460134999999999,0.0033921666666666,0.0369923333333333,0.0266423333333333,26.607063666666665,4.476226166666667,23.5
2026-03-28 08:00:00,0.0517204999999999,0.0022588333333333,0.0364045,0.0271831666666666,25.960881666666666,4.035477666666667,23.2
2026-03-28 11:00:00,0.0549051666666666,0.0026816666666666,0.0377939999999999,0.0260846666666666,27.689143,3.4950673333333335,22.9
2026-03-29 00:00:00,0.1010871666666666,0.0052976666666666,0.0308831666666666,0.0294851666666666,28.948598666666665,3.968342333333333,27.2
2026-03-29 01:00:00,0.0889169999999999,0.0050448333333333,0.0316684999999999,0.0286295,31.910116,3.006613333333333,25.9
2026-03-29 05:00:00,0.0662313333333333,0.0032216666666666,0.0287561666666666,0.0278494999999999,34.603237,1.4823928333333334,22.9
2026-03-29 06:00:00,0.0725411666666666,0.0039591666666666,0.0287499999999999,0.027067,37.3652975,0.7979798333333333,23.2
2026-03-29 11:00:00,0.159348,0.0061409999999999,0.0351553333333333,0.0206496666666666,38.49949566666667,3.9042003333333337,26.1
2026-03-31 07:00:00,0.082912,0.0019366666666666,0.0274765,0.0252119999999999,55.746462666666666,17.089813499999998,20.8
2026-03-31 10:00:00,0.1131309999999999,0.0075611666666666,0.0271331666666666,0.027119,74.47066466666666,13.437201166666666,25.2
2026-03-31 11:00:00,0.1126709999999999,0.0070933333333332,0.0286283333333333,0.0242006666666667,72.71609083333334,14.187692833333331,25.6
2026-03-31 12:00:00,0.1223111666666666,0.0060256666666666,0.0288461666666666,0.0252168333333333,76.64790066666667,13.8399095,23.0
2026-03-31 17:00:00,0.0849478333333333,-0.0098788333333333,0.0404013333333333,0.0048378333333333,32.53166083333333,29.017551833333332,5.8
2026-04-02 21:00:00,0.0452236666666666,0.0001978333333333,0.0301065,0.0265981666666666,65.66700183333333,8.501500666666667,18.3
2026-04-02 22:00:00,0.0447319999999999,0.0009465,0.0276671666666666,0.0279553333333333,72.82457833333333,7.526413333333333,17.9
2026-04-02 23:00:00,0.052995,0.0013983333333333,0.030619,0.0265368333333333,74.02698533333333,7.398707166666667,17.8
2026-04-03 00:00:00,0.0475116666666666,0.000735,0.028601,0.0257011666666666,73.36573866666667,7.555605166666667,17.7
2026-04-03 01:00:00,0.0462424999999999,0.0003638333333333,0.0293553333333333,0.0261576666666666,72.11719316666667,7.602046666666666,17.9
2026-04-03 02:00:00,0.0460293333333333,0.0001131666666666,0.0286556666666666,0.0263503333333333,72.24494633333333,7.706823166666667,17.8
2026-04-03 03:00:00,0.0475485,0.000618,0.0299311666666666,0.0261378333333333,73.333017,7.805523,17.9
2026-04-03 04:00:00,0.0527471666666666,0.0006375,0.0289731666666666,0.0260218333333333,76.1443725,7.670525,17.8
2026-04-03 05:00:00,0.0584526666666667,0.0012274999999999,0.0295213333333333,0.0251504999999999,78.10654,7.791263666666667,17.6
2026-04-03 06:00:00,0.061323,0.0013884999999999,0.0303286666666666,0.0244623333333333,79.6731795,7.864590166666667,17.6
2026-04-03 07:00:00,0.049969,0.0013966666666666,0.0289696666666666,0.0236655,80.00943266666667,7.889558,17.5
2026-04-03 08:00:00,0.0487453333333333,0.0012003333333333,0.0289236666666666,0.0232778333333333,80.55233633333333,7.946126666666666,17.4
2026-04-03 09:00:00,0.0637134999999999,0.0009333333333333,0.0285914999999999,0.0230589999999999,80.51541566666667,8.258582,17.6
2026-04-03 10:00:00,0.070001,0.001226,0.0283578333333333,0.0222556666666666,80.86187566666666,8.3794905,17.5
2026-04-03 21:00:00,0.093667,-0.0045433333333332,0.0293628333333333,0.0268408333333333,33.59392883333333,27.785397666666668,7.2
2026-04-05 04:00:00,0.0471363333333333,9.91666666666502e-05,0.0271615,0.0269501666666666,57.63507716666667,10.9286915,17.7
2026-04-05 08:00:00,0.0483826666666666,0.0011583333333333,0.0270586666666666,0.0272808333333333,66.31689633333333,11.130783,17.6
2026-04-05 09:00:00,0.045078,0.0010378333333332,0.0271919999999999,0.027338,67.84504066666666,11.773891833333334,17.5
2026-04-05 11:00:00,0.0575243333333333,0.0013064999999999,0.0273729999999999,0.0260889999999999,70.43792916666666,13.254495666666667,17.9
2026-04-05 12:00:00,0.0598931666666666,0.0012776666666666,0.0273795,0.0258381666666666,72.63694833333334,13.8329685,17.6
2026-04-05 13:00:00,0.0709811666666666,0.0012044999999999,0.0282691666666666,0.0244435,71.83454516666667,14.783717333333334,17.6
2026-04-07 03:00:00,0.0959146666666667,0.0072613333333333,0.0338648333333333,0.0297,31.702737333333335,8.3840765,30.0
2026-04-09 08:00:00,0.1742405,0.0085643333333333,0.032542,0.0211879999999999,60.03649133333333,4.404798666666666,25.5
2026-04-10 09:00:00,0.1004931666666666,0.0047833333333333,0.0284661666666666,0.0222014999999999,70.48582933333333,6.987957833333334,20.7
2026-04-10 10:00:00,0.1627676666666667,0.0080101666666666,0.0319293333333333,0.0209796666666666,71.29088783333333,7.634471333333334,24.7
2026-04-14 02:00:00,0.1291258333333333,0.0089306666666666,0.0251299999999999,0.0309321666666666,65.66275583333334,19.150475166666663,29.9
2026-04-14 09:00:00,0.3008606666666666,0.008732,0.0454136666666666,0.0164681666666666,78.696521,15.531174333333333,26.4
2026-04-14 14:00:00,0.0167886666666666,-0.0182778333333333,0.0396604999999999,0.004761,27.348343,34.76477466666667,5.8
2026-04-14 15:00:00,0.0235139999999999,-0.0156468333333333,0.0368768333333333,0.0126096666666666,24.700664,35.8716145,5.7
2026-04-14 16:00:00,0.0305571186440677,-0.0138950847457626,0.0373111864406779,0.0153466101694915,21.65862101694915,37.92163355932203,6.5
2026-04-15 08:00:00,0.1103345,0.0036125,0.0279348333333332,0.0219748333333333,68.4532035,17.878162,21.8
2026-04-15 14:00:00,0.0065214999999999,-0.0176811666666666,0.041352,0.0085994999999999,25.604847833333334,33.892026,5.7
2026-04-15 15:00:00,0.0010541666666666,-0.0179315,0.0420418333333333,0.0082721666666666,22.034328666666667,37.00070316666667,6.1
2026-04-15 16:00:00,-0.0125481355932203,-0.0207605084745762,0.0440922033898305,0.0088196610169491,17.68778745762712,40.112814576271184,6.4
2026-04-16 15:00:00,0.0554469999999999,-0.0173598333333332,0.0465851666666666,0.0031038333333333,30.3842605,34.4904815,5.6
2026-04-16 16:00:00,0.0826703389830508,-0.0094496610169491,0.039636440677966,0.0206708474576271,30.949723050847457,34.79809220338983,5.6
2026-04-21 01:00:00,0.0558411666666666,0.0027751666666666,0.0321624999999999,0.0303849999999999,28.236950166666663,12.199896166666669,23.4
2026-04-21 03:00:00,0.0555838333333333,0.0030978333333333,0.0329003333333333,0.0283329999999999,32.98626433333333,11.601926666666667,22.7
2026-04-21 05:00:00,0.0486193333333332,0.0030741666666666,0.0336433333333333,0.0257111666666666,33.685114166666665,10.411057666666666,22.0
2026-04-21 06:00:00,0.0664949999999999,0.0042018333333333,0.0363141666666666,0.0254749999999999,35.583475,9.706677333333332,23.1
2026-04-21 07:00:00,0.065353,0.0031033333333332,0.0329714999999999,0.0253619999999999,36.439702833333335,8.766016166666667,21.9
2026-04-21 08:00:00,0.0614051666666666,0.0027676666666666,0.0308896666666667,0.0246255,38.80682916666667,7.606187166666667,20.7
2026-04-21 14:00:00,0.0289056666666666,-0.008778,0.0336825,0.0199206666666666,11.5094705,20.536605166666668,10.9
2026-04-21 15:00:00,0.0322331666666666,-0.0072123333333333,0.0335563333333333,0.0230345,11.20131,21.027534666666668,10.4
2026-04-21 16:00:00,0.0390813559322034,-0.0064650847457626,0.0326415254237288,0.0258730508474576,11.090618644067796,21.219150508474577,10.9
2026-04-21 17:00:00,0.0362173333333333,-0.0052245,0.0320621666666666,0.0278913333333333,10.804344833333332,22.209107,11.1
2026-04-23 18:00:00,0.0290423333333333,-0.0083573333333333,0.034445,0.0246003333333333,9.9104295,27.448064166666665,9.9
2026-04-23 19:00:00,0.0292193333333333,-0.0074018333333333,0.033782,0.0259926666666666,9.321184666666667,29.146652166666662,10.0
2026-04-23 20:00:00,0.0416158333333332,-0.0060116666666666,0.0319668333333333,0.0286648333333333,10.210219333333333,29.615730666666668,10.6
2026-04-23 21:00:00,0.0455613333333333,-0.0050879999999999,0.0312265,0.0295055,10.052219833333334,29.924768166666667,10.9
2026-04-23 22:00:00,0.0688704999999999,-0.0020116666666666,0.0277175,0.0337591666666666,11.469993,27.385273,11.7
2026-04-24 09:00:00,0.0940289999999999,0.0038103333333333,0.0265503333333333,0.0244813333333333,46.80286616666667,11.319369,23.0
2026-04-24 17:00:00,0.0347298333333333,-0.0064059999999999,0.0330435,0.0279045,11.5660015,24.467993333333332,10.3
2026-04-24 18:00:00,0.034437,-0.005943,0.0333495,0.0286756666666667,10.945853166666666,25.544716166666667,10.6
2026-04-25 04:00:00,0.1493778333333333,0.0058584999999999,0.0261719999999999,0.0243045,53.22666316666667,10.943610666666666,23.1
2026-04-27 02:00:00,0.2087826666666666,0.0096653333333333,0.0266311666666666,0.0250684999999999,40.48654533333333,13.920456833333333,30.9
2026-04-27 19:00:00,0.0290354999999999,-0.0062225,0.0340596666666667,0.0279955,14.873813,29.9914705,8.8
2026-04-29 21:00:00,0.0647466666666666,-0.0005706666666666,0.0286091666666666,0.0329236666666666,29.414664833333333,25.642306833333333,11.4
2026-04-30 21:00:00,0.1085278333333333,0.0021613333333333,0.0284446666666666,0.0272603333333333,50.74752016666667,20.062169666666662,22.0
2026-04-30 22:00:00,0.0977283333333333,0.0023684999999999,0.0284978333333333,0.0264556666666666,52.511411333333335,19.746182833333332,21.8
2026-05-01 00:00:00,0.1380383333333333,0.0039138333333333,0.028326,0.021564,58.833158,18.7796095,22.6
2026-05-01 04:00:00,0.0459793333333333,-0.002862,0.0293181666666667,0.0205783333333333,61.6418575,14.319237666666666,10.6
2026-05-01 05:00:00,0.0447233333333332,-0.002259,0.0297258333333333,0.0213421666666666,63.36626833333333,13.005822166666666,11.8
2026-05-01 19:00:00,0.0331699999999999,-0.0073476666666666,0.0346586666666666,0.0220883333333333,14.142727833333334,27.799628666666667,9.1
2026-05-01 20:00:00,0.0223855,-0.0086753333333333,0.0347551666666666,0.0220871666666666,12.452332666666669,29.215306166666668,9.6
2026-05-01 21:00:00,0.0353798333333333,-0.0067091666666666,0.0333789999999999,0.0261318333333333,11.782569166666669,29.166261333333335,10.3
2026-05-02 00:00:00,0.1804535,0.0088901666666666,0.0232143333333333,0.0354829999999999,27.152090333333337,17.367143,33.7
2026-05-02 22:00:00,0.0732505,0.001871,0.027792,0.0260143333333333,55.964373,17.514713,21.0
2026-05-02 23:00:00,0.0723836666666667,0.0022091666666666,0.0274056666666666,0.0259781666666666,59.58272616666667,16.719428833333332,21.0
2026-05-03 04:00:00,0.0340703333333333,-0.0082275,0.0331863333333333,0.0144511666666666,38.1592235,15.552593833333331,7.9
2026-05-03 05:00:00,0.0322496666666666,-0.0064446666666666,0.0349635,0.0159874999999999,33.88396183333333,15.479849833333333,10.8
2026-05-03 06:00:00,0.0254608333333333,-0.0071346666666666,0.03242,0.0187501666666666,31.059741,14.801565166666666,11.4
2026-05-03 07:00:00,0.0305801666666666,-0.003315,0.0334103333333333,0.022368,34.477234333333335,13.0790615,13.4
2026-05-03 08:00:00,0.0333439999999999,-0.0033325,0.0298446666666666,0.0233911666666666,36.162507166666664,13.121108833333333,13.2
2026-05-04 02:00:00,0.166838,0.0073718333333333,0.0268191666666666,0.0257716666666666,37.6251935,10.789679833333333,28.6
2026-05-04 07:00:00,0.1161006666666666,0.0042659999999999,0.0283849999999999,0.0199868333333333,39.5568935,11.689755166666666,25.7
2026-05-04 08:00:00,0.1322509999999999,0.0049575,0.0295788333333333,0.0200776666666666,39.853578166666665,11.390063333333334,27.9
2026-05-07 17:00:00,0.0039946666666666,-0.0121388333333333,0.0381785,0.0165791666666666,13.847719333333334,27.892909666666668,8.0
2026-05-07 18:00:00,0.0150881666666666,-0.0087458333333333,0.0357503333333333,0.0218343333333333,12.505236333333333,28.044217833333335,9.4
2026-05-07 19:00:00,0.0228021666666666,-0.0075613333333333,0.034754,0.0234621666666666,11.300971,28.964007833333337,10.2
2026-05-07 20:00:00,0.0252003333333333,-0.0065943333333333,0.0335118333333333,0.0258798333333333,11.368181666666668,29.698976666666667,10.4
2026-05-11 02:00:00,0.2105851666666666,0.0062626666666666,0.0263281666666666,0.0279151666666666,62.031993,21.75355933333333,20.3
2026-05-11 05:00:00,0.0428115,-0.0075681666666666,0.0340811666666666,0.0156901666666666,41.322474666666665,21.1208445,5.7
2026-05-11 06:00:00,0.0181804999999999,-0.0073991666666666,0.0410918333333333,0.0128088333333333,27.326469333333332,20.931969833333333,7.3
2026-05-12 07:00:00,0.0447676666666667,-0.0009961666666666,0.0307348333333333,0.0198648333333333,35.5810455,14.511521,13.1
2026-05-16 14:00:00,0.0419614999999999,-0.0082083333333333,0.0359798333333333,0.0145286666666666,28.3459565,30.122207333333332,5.4
2026-05-16 15:00:00,0.0364928333333333,-0.008014,0.0360161666666666,0.0177958333333333,24.428385333333335,30.8272365,5.7
2026-05-16 17:00:00,0.0344228333333333,-0.0080208333333333,0.0359948333333333,0.0221669999999999,18.435412666666668,33.113775,7.8
2026-05-17 13:00:00,0.0364808333333333,-0.0154473333333333,0.0438531666666666,0.0132761666666666,23.616300833333337,35.855220833333334,5.7
2026-05-17 14:00:00,0.0247218333333333,-0.0143686666666666,0.0425665,0.0156408333333333,19.406218666666668,37.610402,6.9
2026-05-18 10:00:00,0.2074855,-0.0027399999999999,0.0414546666666666,0.0053679999999999,43.207301,26.554399833333335,11.7
2026-05-18 11:00:00,0.0643481666666666,-0.018302,0.0514686666666666,-0.0040323333333333,25.032270166666667,32.26704333333333,5.4
2026-05-18 12:00:00,0.0313553333333333,-0.0203321666666666,0.0535601666666666,-0.0026698333333333,19.196356,35.91641533333333,5.7
2026-05-19 19:00:00,0.0687999999999999,-0.0141956666666666,0.0528731666666666,0.0180708333333333,20.264735833333333,43.669684833333335,7.2
2026-05-19 20:00:00,0.090764,-0.009273,0.0483128333333333,0.0267731666666666,20.250174833333332,43.253938166666664,7.7
2026-05-19 22:00:00,0.2172621666666666,0.0118803333333333,0.0249628333333333,0.0549171666666666,34.050878,34.50867983333333,8.8
2026-05-19 23:00:00,0.1976554999999999,0.0104541666666666,0.0265498333333333,0.0507343333333333,38.461198833333334,33.40418566666666,9.3
2026-05-20 10:00:00,0.1848606666666666,0.0005388333333333,0.04485,0.0068386666666666,48.580058333333334,29.633573333333334,11.3
2026-05-20 12:00:00,0.052618,-0.0213128333333332,0.0565959999999999,0.0029094999999999,30.3020075,37.705625,5.4
2026-05-20 13:00:00,0.0694239999999999,-0.0121465,0.0484771666666666,0.0166224999999999,29.7085315,38.168148,5.4
2026-05-20 14:00:00,0.0680414999999999,-0.0104728333333333,0.0460313333333333,0.0194406666666666,27.704208166666668,39.52702983333333,6.0
2026-05-20 16:00:00,0.0462696610169491,-0.0109405084745762,0.0485701694915254,0.0221471186440677,22.06931593220339,42.14021525423729,7.2
2026-05-22 06:00:00,0.0517798333333333,-0.0005743333333333,0.03015,0.0237111666666666,32.7345695,18.323028166666667,9.5
2026-05-22 07:00:00,0.0480491666666666,-0.0001523333333333,0.029717,0.0245231666666667,33.4900065,17.567401333333333,10.0
2026-05-22 16:00:00,0.0208486440677965,-0.0064550847457626,0.0371498305084745,0.0217047457627118,14.078743389830509,29.17220152542373,7.6
2026-05-22 18:00:00,0.0301951666666666,-0.0041486666666666,0.035642,0.0269208333333333,12.919064666666667,29.532237333333335,8.7
2026-05-22 19:00:00,0.0410701666666666,-0.0026134999999999,0.0341225,0.0284973333333333,13.079047833333334,29.063933333333335,8.7
2026-05-23 14:00:00,0.0448419999999999,-0.0092346666666666,0.0399845,0.0126698333333333,20.405923666666663,27.440941,6.3
2026-05-23 15:00:00,0.0302088333333333,-0.0088816666666666,0.0392511666666666,0.0171188333333333,17.9542265,28.848246833333334,6.4
2026-05-25 20:00:00,0.0485926666666666,-0.0086423333333333,0.0414908333333333,0.0082691666666666,32.913306,34.3639555,5.1
2026-05-25 21:00:00,0.0390909999999999,-0.0090911666666666,0.0400983333333332,0.0106436666666666,30.026157166666668,35.526356666666665,5.2
2026-05-26 14:00:00,0.0057144999999999,-0.0159124999999999,0.0452761666666666,0.0107201666666666,20.833648666666665,36.35351333333333,6.3
2026-05-27 14:00:00,0.0464393333333333,-0.0182844999999999,0.0497226666666666,0.0095643333333333,21.303716333333337,38.796963833333336,6.6
2026-05-27 15:00:00,0.0495136666666666,-0.0116411666666666,0.0431294999999999,0.0215755,19.821501333333337,38.835290666666666,7.5
2026-05-29 15:00:00,0.0148829999999999,-0.0087231666666666,0.0397278333333333,0.0200156666666666,17.069891,31.286373833333332,7.5
2026-05-31 13:00:00,0.0139193333333333,-0.0120446666666666,0.0409678333333333,0.0085658333333333,22.9756705,28.248083333333337,5.7
2026-05-31 14:00:00,0.0069216666666666,-0.0114088333333333,0.040038,0.0124628333333333,18.333133,29.867854666666663,6.2
2026-05-31 15:00:00,0.0193385,-0.0074504999999999,0.0374573333333332,0.0186376666666666,17.539872833333334,30.810221,7.6
2026-05-31 16:00:00,0.0139423728813559,-0.009418813559322,0.0388908474576271,0.0182615254237287,15.182278983050848,33.28609949152543,8.4
2026-05-31 17:00:00,0.0366061666666666,-0.0054015,0.0353578333333333,0.0247246666666666,15.229494,32.934312,9.3
