datetime_utc,co_wrk_aux,no2_wrk_aux,no_wrk_aux,o3_wrk_aux,rh,temp,mjf_quant_no2
2025-10-28 16:00:00,0.0280342372881356,0.0089955932203389,0.033088813559322,0.0183189830508475,36.925697796610166,18.59237745762712,3.8
2025-10-28 17:00:00,0.0284148333333332,0.0120773333333333,0.0307689999999999,0.0208571666666667,38.247063833333335,17.232489166666667,4.3
2025-10-31 14:00:00,0.0457726666666666,0.0100449999999999,0.0346314999999999,0.0185201666666666,47.2547855,19.545876333333332,3.1
2025-10-31 15:00:00,0.045084,0.0111261666666666,0.0338306666666666,0.0183076666666666,44.190291,19.778255666666663,3.6
2025-10-31 16:00:00,0.0467028813559322,0.0109016949152542,0.0334605084745762,0.0187122033898304,40.86846186440678,20.935078983050847,3.8
2025-10-31 17:00:00,0.0520263333333332,0.0137988333333333,0.031355,0.0224348333333333,43.9374985,18.606159166666668,4.0
2025-10-31 18:00:00,0.0546936666666666,0.0139724999999999,0.0309378333333333,0.0229174999999999,42.84111466666667,18.178379833333334,4.1
2025-10-31 19:00:00,0.0432586666666666,0.0110624999999999,0.0322981666666666,0.0222288333333333,34.919871666666666,20.660539333333332,4.3
2025-11-02 17:00:00,0.0245756666666666,0.0104121666666666,0.0324625,0.0244868333333332,24.274983333333335,20.465642166666665,5.2
2025-11-04 16:00:00,0.0218984745762712,0.0097225423728813,0.0333313559322034,0.0266784745762712,23.382196949152544,18.987911186440677,5.6
2025-11-04 17:00:00,0.0242166666666666,0.0112936666666667,0.0317568333333333,0.0283114999999999,23.242260833333333,18.841812833333332,5.8
2025-11-04 18:00:00,0.0229903333333333,0.0099428333333333,0.0328334999999999,0.0276773333333333,18.611064,21.8946805,6.0
2025-11-07 09:00:00,0.0500131666666667,0.020799,0.0266091666666666,0.023084,52.88670666666667,2.3019815,17.3
2025-11-07 10:00:00,0.057022,0.0206093333333333,0.0268465,0.0233424999999999,55.115621166666664,2.068966666666667,16.6
2025-11-07 15:00:00,0.0332668333333333,0.0118379999999999,0.0317823333333333,0.0234251666666666,28.341185833333338,16.08029833333333,5.4
2025-11-08 17:00:00,0.0343813333333333,0.0066174999999999,0.0368536666666666,0.0198173333333333,36.914366333333334,24.228925,3.4
2025-11-08 18:00:00,0.028406,0.0013681666666666,0.0406914999999999,0.0189218333333333,27.169059666666666,28.174771333333332,4.0
2025-11-08 19:00:00,0.0311356666666666,0.0035874999999999,0.0393068333333332,0.0221583333333333,22.993522166666665,29.323941833333333,4.5
2025-11-12 19:00:00,0.0400026666666666,0.0116511666666667,0.0332538333333333,0.0258953333333333,22.792127833333332,18.423038333333334,7.2
2025-11-12 20:00:00,0.0523593333333333,0.0154256666666666,0.0290771666666666,0.0273121666666666,27.3486155,15.047493166666667,8.6
2025-11-14 19:00:00,0.0352908333333333,0.0133991666666666,0.029834,0.0232974999999999,27.997973833333333,14.8582135,6.6
2025-11-16 15:00:00,0.0372516666666666,0.0115008333333333,0.031119,0.0225731666666666,44.7735935,15.762126333333333,3.6
2025-11-16 16:00:00,0.0383459322033898,0.0112523728813559,0.0318305084745763,0.0232905084745763,40.47787898305085,16.136915254237287,3.9
2025-11-16 17:00:00,0.0286338333333333,0.0112238333333333,0.0317733333333333,0.0232898333333333,33.339529,16.515912666666665,4.4
2025-11-16 18:00:00,0.0287685,0.011129,0.0319971666666666,0.0231979999999999,29.325941166666667,16.896806,4.7
2025-11-16 19:00:00,0.0313654999999999,0.0120931666666667,0.0308559999999999,0.0238415,27.996112666666665,16.692397,5.4
2025-11-16 20:00:00,0.0338845,0.0137001666666666,0.0288755,0.024706,30.260359333333337,14.811221833333333,6.0
2025-11-23 11:00:00,0.1236165,0.0186911666666666,0.049107,0.018973,65.47519066666666,-1.5306468333333334,16.9
2025-11-23 12:00:00,0.1675041666666667,0.0187488333333333,0.0522934999999999,0.01962,66.60523066666667,-1.0127683333333333,16.9
2025-11-23 14:00:00,0.1356601666666667,0.0200245,0.0375836666666666,0.0216203333333333,56.71015933333334,7.878023666666667,8.9
2025-11-27 16:00:00,0.0266477966101695,0.0130137288135592,0.0296630508474576,0.0271042372881356,29.224388305084744,13.149057288135593,5.8
2025-11-30 03:00:00,0.1757221666666666,0.0236081666666667,0.0314301666666666,0.0235491666666666,48.48727616666667,0.3916676666666667,23.3
2025-11-30 04:00:00,0.1803433333333333,0.0238118333333333,0.0376926666666666,0.0229721666666666,49.940797833333335,1.1369171666666666,22.2
2025-11-30 05:00:00,0.1578451666666666,0.0229256666666666,0.0334841666666666,0.0224948333333333,50.3153635,1.5918505,20.2
2025-11-30 06:00:00,0.1535943333333333,0.0230033333333333,0.033615,0.022216,48.957934,2.16572,21.6
2025-12-02 05:00:00,0.1418461666666667,0.023437,0.0375903333333333,0.0224745,50.15319566666667,-0.8737771666666667,21.7
2025-12-02 06:00:00,0.1349523333333333,0.0229273333333333,0.035286,0.0222793333333333,50.56907433333333,-0.1964655,20.7
2025-12-02 07:00:00,0.1053858333333332,0.0223631666666666,0.0309508333333333,0.022173,49.04632133333333,1.2902375,19.9
2025-12-02 22:00:00,0.0971788333333333,0.0227481666666666,0.0279924999999999,0.0239174999999999,74.22590066666666,4.967411333333334,16.0
2025-12-05 07:00:00,0.0128173333333333,0.0195246666666666,0.0283431666666666,0.0289328333333333,28.9129465,-6.903405833333333,17.0
2025-12-05 08:00:00,0.0126016666666666,0.0198801666666666,0.028023,0.029237,30.450483166666668,-7.301029833333334,17.2
2025-12-05 09:00:00,0.0132525,0.0200201666666666,0.027985,0.0288941666666666,30.6589395,-7.737895333333333,16.5
2025-12-05 10:00:00,0.0180448333333333,0.0203746666666666,0.0278574999999999,0.0283766666666666,32.025279166666664,-7.873141,16.6
2025-12-05 11:00:00,0.0190443333333333,0.0204878333333333,0.0278763333333333,0.0277084999999999,34.22732716666667,-8.462462333333333,17.3
2025-12-05 12:00:00,0.0213405,0.0203781666666666,0.0283508333333333,0.0263923333333333,32.765243,-8.194584833333334,16.9
2025-12-06 06:00:00,0.0779828333333333,0.0207026666666666,0.0269693333333333,0.0232776666666666,47.60425766666667,1.3252685,17.1
2025-12-06 07:00:00,0.0809006666666667,0.0209093333333333,0.0270213333333332,0.0227023333333333,47.647556,1.549615,16.9
2025-12-06 08:00:00,0.0806398333333333,0.0207603333333333,0.0269446666666666,0.0224911666666666,48.02904866666667,1.714993166666667,17.4
2025-12-06 09:00:00,0.0847286666666667,0.0210138333333333,0.0271751666666666,0.0220013333333333,48.45239633333333,1.978608,17.6
2025-12-09 03:00:00,0.0270695,0.020886,0.0273684999999999,0.0268785,30.625117,-4.858593166666666,17.8
2025-12-09 04:00:00,0.0312573333333333,0.0209179999999999,0.0274821666666666,0.0265429999999999,32.47673983333333,-5.492445666666667,17.4
2025-12-09 05:00:00,0.0316593333333333,0.0206958333333333,0.0275681666666666,0.026311,33.417973833333335,-5.907691,17.0
2025-12-09 06:00:00,0.0348631666666666,0.0205936666666666,0.0276051666666666,0.0252061666666666,34.1784735,-5.988321666666667,17.4
2025-12-09 07:00:00,0.0326518333333333,0.0207906666666666,0.0276394999999999,0.0252065,36.58866233333333,-6.406036666666667,17.0
2025-12-09 08:00:00,0.0295185,0.0204331666666666,0.0276521666666667,0.0248809999999999,37.8294095,-6.455420666666667,15.5
2025-12-09 10:00:00,0.0348813333333333,0.0207984999999999,0.0276644999999999,0.0237568333333333,39.664566666666666,-7.2676695,16.1
2025-12-09 12:00:00,0.0476044999999999,0.0210796666666666,0.0282439999999999,0.0222796666666666,41.819046166666666,-7.88839,17.2
2025-12-13 12:00:00,0.0980674999999999,0.0225571666666666,0.0344348333333333,0.0219811666666666,50.255371333333336,-1.031921,21.8
2025-12-13 13:00:00,0.1014688333333334,0.0224584999999999,0.03283,0.0219593333333333,48.52791933333334,0.7240193333333333,20.6
2025-12-14 07:00:00,0.0718685,0.020654,0.0269679999999999,0.0235613333333333,55.428617833333334,4.065232166666667,16.3
2025-12-14 08:00:00,0.0772126666666666,0.0209046666666666,0.0271916666666666,0.0228251666666666,57.06017466666667,4.040993666666667,16.3
2025-12-14 09:00:00,0.0720173333333333,0.0206466666666666,0.027235,0.0225529999999999,58.472081833333334,3.765309333333333,16.1
2025-12-14 10:00:00,0.0694781666666666,0.020162,0.0272856666666666,0.0218461666666666,59.500766166666665,3.854704,15.1
2025-12-16 11:00:00,0.0710673333333333,0.0216985,0.0288778333333333,0.0217536666666666,46.38104466666667,-0.5693261666666667,22.6
2025-12-16 12:00:00,0.0919121666666667,0.0218363333333333,0.0306708333333333,0.021605,47.321835166666666,-0.4393163333333333,21.2
2025-12-17 00:00:00,0.0828401666666666,0.0228183333333333,0.0270206666666666,0.0241978333333333,43.2170565,0.7212761666666667,22.1
2025-12-17 01:00:00,0.0989443333333333,0.0237201666666667,0.0280666666666666,0.0230904999999999,45.58494833333333,0.4659071666666666,24.0
2025-12-17 04:00:00,0.0690258333333334,0.0218073333333333,0.0271138333333333,0.0238563333333333,49.01014,0.8085505,18.2
2025-12-17 05:00:00,0.0612166666666667,0.0206881666666666,0.0267348333333333,0.0245646666666666,49.972863,0.9999985,17.5
2025-12-17 06:00:00,0.061921,0.0204436666666666,0.026803,0.0237181666666666,49.60447583333333,0.8690066666666667,17.4
2025-12-17 07:00:00,0.0640834999999999,0.0207633333333333,0.0272718333333333,0.0230188333333333,48.66158866666667,0.882573,17.0
2025-12-17 08:00:00,0.068368,0.0209596666666667,0.0271008333333333,0.0228088333333333,49.46481516666667,1.0844243333333334,17.3
2025-12-17 09:00:00,0.0697856666666666,0.0212961666666666,0.0273713333333333,0.0227134999999999,50.0846575,1.376931,18.0
2025-12-17 10:00:00,0.0680063333333332,0.0212673333333333,0.0276981666666666,0.0226419999999999,48.84581266666667,1.713362,18.6
2025-12-18 01:00:00,0.1113608333333333,0.0237223333333333,0.0281066666666666,0.0262143333333333,49.1692005,6.563344,23.0
2025-12-18 15:00:00,0.1970908333333333,0.0200651666666666,0.0424011666666666,0.0160346666666666,41.3116225,12.095784166666666,11.1
2025-12-23 00:00:00,0.0796768333333333,0.0227648333333333,0.0266056666666666,0.024791,38.86966116666667,0.8604683333333334,23.5
2025-12-23 11:00:00,0.130512,0.0229611666666666,0.0410603333333333,0.0207906666666666,53.17281,1.6243903333333334,20.7
2025-12-23 13:00:00,0.1653308333333333,0.0234449999999999,0.0450575,0.0199729999999999,47.32196883333334,4.488422,22.9
2025-12-25 04:00:00,0.0628781666666666,0.0199914999999999,0.0273283333333333,0.0234728333333333,51.70065833333334,0.5916343333333334,15.2
2025-12-25 06:00:00,0.0866653333333332,0.0205254999999999,0.0277426666666666,0.0224861666666666,54.13075,1.1237206666666666,16.4
2025-12-25 07:00:00,0.0764448333333333,0.0200609999999999,0.0275746666666666,0.0226153333333333,53.06436983333333,1.75468,16.9
2025-12-25 08:00:00,0.0670171666666666,0.0194886666666666,0.0277763333333333,0.0228663333333333,52.14095233333333,1.9117821666666663,13.5
2025-12-26 12:00:00,0.0172183333333333,0.0201003333333333,0.0281835,0.027388,38.4126915,-7.947049166666667,14.8
2025-12-27 06:00:00,0.0376354999999999,0.0214334999999999,0.0274864999999999,0.0266826666666666,56.14099816666667,-3.5397526666666668,16.1
2025-12-27 07:00:00,0.0408371666666666,0.0216001666666666,0.0277975,0.0258021666666666,57.829475,-3.601136,17.0
2025-12-27 08:00:00,0.0437734999999999,0.0218583333333333,0.0277391666666666,0.0251449999999999,58.50810033333333,-3.5208695,16.4
2025-12-27 09:00:00,0.0415633333333333,0.0218021666666666,0.0277551666666666,0.025689,61.313331166666664,-3.8531471666666666,17.1
2025-12-27 10:00:00,0.0359959999999999,0.0213386666666666,0.0278251666666666,0.0257186666666666,61.95261416666666,-4.2147155,14.9
2025-12-28 00:00:00,0.0899995,0.0228218333333333,0.0279969999999999,0.0209243333333333,52.192283833333335,-5.0002265,21.1
2025-12-28 08:00:00,0.0935996666666666,0.0223958333333333,0.0345091666666666,0.0185476666666666,60.6621495,-7.953293,19.0
2025-12-28 09:00:00,0.1096258333333333,0.0236136666666667,0.0454563333333333,0.0184866666666666,61.2968985,-8.481691,21.3
2025-12-28 10:00:00,0.1152814999999999,0.0234906666666666,0.0449144999999999,0.0183595,60.375031166666666,-8.174549833333334,20.3
2025-12-28 11:00:00,0.1296583333333333,0.0241623333333333,0.053184,0.0184171666666667,60.52924133333333,-8.456967833333334,23.1
2025-12-28 12:00:00,0.141085,0.0239861666666666,0.054784,0.0183006666666666,60.744235,-8.3848225,22.4
2025-12-28 13:00:00,0.1482183333333333,0.0245056666666666,0.0563348333333333,0.0196635,60.78881283333333,-6.18881,20.9
2025-12-31 11:00:00,0.0310288333333333,0.0195241666666666,0.027583,0.0270873333333333,38.95580416666667,-1.362863,17.4
2026-01-01 01:00:00,0.0708076666666666,0.0219559999999999,0.0274069999999999,0.0269593333333333,40.4964435,-0.6655661666666667,19.1
2026-01-01 12:00:00,0.0750234999999999,0.0211633333333333,0.0279898333333333,0.0228389999999999,62.45042333333333,3.224725333333333,16.6
2026-01-03 02:00:00,0.052562,0.021573,0.0274763333333333,0.0278793333333333,45.28348016666666,-3.293321,17.9
2026-01-03 03:00:00,0.0472703333333333,0.0213153333333333,0.027399,0.0283031666666666,48.506333166666664,-3.330148666666666,16.1
2026-01-04 01:00:00,0.1011905,0.0227483333333333,0.0274631666666666,0.0262268333333333,40.699242,-0.4928421666666667,23.4
2026-01-04 02:00:00,0.1029404999999999,0.0243798333333333,0.0288728333333333,0.0235326666666667,41.4919145,-0.1520885,29.3
2026-01-04 03:00:00,0.0838258333333333,0.0214959999999999,0.0274833333333333,0.0257193333333333,40.596098,0.3976018333333333,19.2
2026-01-04 12:00:00,0.0493244999999999,0.0214693333333333,0.0271691666666666,0.0288889999999999,54.130574333333335,-0.48143,16.9
2026-01-04 13:00:00,0.0505775,0.0208228333333333,0.0274193333333333,0.0286259999999999,55.730798666666665,0.1479088333333333,16.8
2026-01-06 10:00:00,0.0629618333333333,0.0202375,0.0266585,0.0228261666666667,56.345001,2.154800333333333,16.3
2026-01-06 12:00:00,0.0613718333333332,0.0200179999999999,0.0272759999999999,0.0228993333333333,57.1451095,1.8277645,15.9
2026-01-07 21:00:00,0.0980799999999999,0.0200184999999999,0.0284251666666666,0.0220746666666666,62.92603783333333,5.866188666666667,13.8
2026-01-09 09:00:00,0.2081375,0.0204938333333333,0.0622171666666666,0.0178231666666666,64.90574983333333,-1.0012496666666666,15.9
2026-01-09 14:00:00,0.397921,0.0245684999999999,0.085034,0.0193106666666666,62.763138166666664,6.814196833333333,16.7
2026-01-13 02:00:00,0.0666256666666666,0.0222211666666666,0.0270414999999999,0.0280596666666666,50.07600766666667,2.9931731666666668,18.1
2026-01-13 03:00:00,0.0650748333333333,0.0216469999999999,0.0272029999999999,0.0271608333333333,50.33395,3.242554833333333,17.2
2026-01-13 04:00:00,0.06741,0.0209751666666666,0.0273608333333333,0.0259365,49.584379,3.767995,17.1
2026-01-13 05:00:00,0.0683863333333333,0.0209871666666666,0.0272026666666666,0.0252999999999999,49.9301165,3.228968666666667,15.6
2026-01-13 10:00:00,0.09144,0.0216083333333333,0.0285201666666666,0.0225059999999999,52.3966235,1.2809615,20.3
2026-01-13 11:00:00,0.1089773333333333,0.0214469999999999,0.0305686666666666,0.0220544999999999,51.312854333333334,2.326866,21.2
2026-01-13 16:00:00,0.0560833898305084,0.0147444067796609,0.0298425423728813,0.0237510169491525,30.83298186440678,12.442440338983053,7.2
2026-01-13 17:00:00,0.0513956666666667,0.0117016666666666,0.031696,0.0215604999999999,25.4156215,16.325741,7.0
2026-01-15 18:00:00,0.0619536666666666,0.0115093333333333,0.0329061666666666,0.0218229999999999,33.50565266666667,18.633962666666665,4.7
2026-01-15 20:00:00,0.0494631666666666,0.0115105,0.0326409999999999,0.0218946666666666,25.578098166666667,19.4825875,6.0
2026-01-18 05:00:00,0.0912179999999999,0.0204781666666666,0.0269889999999999,0.0209471666666666,61.802193333333335,2.5357111666666667,15.3
2026-01-18 09:00:00,0.0916116666666666,0.0203536666666666,0.0276919999999999,0.0201826666666666,65.90245066666667,2.547578666666667,15.6
2026-01-18 10:00:00,0.081005,0.0205349999999999,0.0280644999999999,0.0198406666666666,64.789774,3.463314,15.9
2026-01-18 12:00:00,0.0862491666666667,0.0201811666666666,0.0279796666666666,0.0199643333333333,64.01446566666667,4.259949333333333,13.9
2026-01-18 13:00:00,0.0943021666666666,0.020648,0.028658,0.0203698333333333,64.245873,4.5280380000000005,16.0
2026-01-18 14:00:00,0.0857546666666667,0.0209754999999999,0.0286353333333333,0.0214208333333333,64.972962,4.783515666666666,16.0
2026-01-18 15:00:00,0.1032389999999999,0.0209621666666666,0.0296506666666666,0.0212534999999999,65.1381345,5.950919833333334,15.0
2026-01-18 16:00:00,0.1020972881355932,0.0207135593220338,0.0302466101694915,0.0211201694915253,64.78578254237289,6.39047966101695,15.6
2026-01-19 01:00:00,0.0893228333333333,0.0209685,0.0271564999999999,0.0232976666666666,67.996206,3.687003,15.1
2026-01-19 02:00:00,0.0872498333333333,0.0210136666666666,0.0271671666666666,0.0229616666666666,69.1829825,3.527159166666667,15.1
2026-01-19 03:00:00,0.092183,0.0205353333333333,0.0271858333333333,0.0220246666666666,70.07087966666667,3.419877666666667,13.3
2026-01-19 04:00:00,0.0839268333333333,0.0201876666666666,0.0271756666666667,0.0223648333333333,71.08159516666666,3.3018718333333332,10.3
2026-01-19 13:00:00,0.0967281666666666,0.0197195,0.0281068333333333,0.0221393333333333,67.22657666666667,3.8212983333333335,15.0
2026-01-19 14:00:00,0.1291193333333333,0.020182,0.0300391666666666,0.0218059999999999,66.27874833333334,4.874226833333333,16.6
2026-01-20 01:00:00,0.0541225,0.0190296666666666,0.027502,0.0236748333333333,55.713958833333336,-0.9444011666666666,16.8
2026-01-20 02:00:00,0.0557494999999999,0.0193896666666666,0.0279418333333333,0.0229366666666666,55.93320516666667,-1.6710326666666666,15.3
2026-01-20 03:00:00,0.0527976666666666,0.0190748333333333,0.027562,0.0232128333333332,56.12152183333333,-1.4125656666666666,16.1
2026-01-20 04:00:00,0.0581949999999999,0.0193473333333333,0.0275931666666666,0.0232718333333333,55.73195333333333,-0.715761,14.5
2026-01-20 05:00:00,0.0596604999999999,0.0190891666666666,0.0276339999999999,0.0231394999999999,53.69470366666667,-0.0561495,16.7
2026-01-20 06:00:00,0.0617929999999999,0.0183189999999999,0.027588,0.0238514999999999,53.099601,-0.5789903333333334,13.7
2026-01-20 12:00:00,0.0488563333333333,0.0212383333333333,0.0285078333333333,0.0242093333333333,51.36506283333333,-4.989106666666666,15.2
2026-01-21 01:00:00,0.0308146666666666,0.021036,0.0276171666666666,0.0263183333333333,32.646651166666665,-6.183292,17.5
2026-01-21 03:00:00,0.0454466666666666,0.0217078333333333,0.0277516666666666,0.0243643333333333,35.7815495,-6.627436833333333,19.2
2026-01-21 04:00:00,0.0429168333333332,0.0213254999999999,0.0277361666666666,0.0247413333333333,38.033778166666664,-6.9351191666666665,18.1
2026-01-21 05:00:00,0.0430191666666666,0.0213753333333333,0.027978,0.0242083333333333,39.012069,-6.969115,18.0
2026-01-21 06:00:00,0.0383591666666666,0.0212246666666666,0.0279083333333333,0.0238976666666666,39.701361,-7.4321225,16.6
2026-01-21 07:00:00,0.039244,0.0214763333333333,0.0279538333333333,0.0226536666666666,41.35115166666667,-8.146859,17.2
2026-01-21 08:00:00,0.0507563333333334,0.0228905,0.0286778333333332,0.0204574999999999,45.4898755,-9.245893166666669,20.9
2026-01-21 09:00:00,0.0446794999999999,0.0220813333333333,0.0285013333333333,0.0214648333333333,45.99787633333333,-9.295007333333333,19.0
2026-01-21 10:00:00,0.0354045,0.0202128333333333,0.0279086666666666,0.0237535,41.54411016666667,-8.173661166666667,15.5
2026-01-21 12:00:00,0.1089471666666666,0.0238148333333333,0.0340986666666666,0.0194973333333333,45.66410166666667,-9.3295865,25.1
2026-01-21 13:00:00,0.0647036666666666,0.0219559999999999,0.0316526666666666,0.0230041666666666,42.068531166666666,-6.764800833333333,18.6
2026-01-22 23:00:00,0.0974239999999999,0.0234821666666666,0.0266803333333333,0.0302141666666666,41.04458783333333,7.3281765,22.1
2026-01-23 04:00:00,0.1058115,0.0239659999999999,0.0276514999999999,0.023581,51.750631166666665,2.144858166666667,23.9
2026-01-23 05:00:00,0.0936844999999999,0.0233223333333333,0.0275635,0.02454,50.61704233333333,2.4817838333333335,22.0
2026-01-23 06:00:00,0.0985625,0.0230281666666666,0.0272565,0.0232498333333333,47.663161,2.7198176666666667,22.6
2026-01-25 22:00:00,0.0563808333333333,0.0224971666666666,0.0279271666666666,0.0233898333333333,59.9743885,-6.362536666666666,17.0
2026-01-25 23:00:00,0.0596338333333333,0.0222168333333332,0.0276815,0.0245018333333333,61.571588,-4.5898900000000005,17.4
2026-01-26 19:00:00,0.0556383333333334,0.020096,0.0294031666666666,0.0257601666666666,52.392788,-2.0495221666666668,15.5
2026-01-26 20:00:00,0.0534319999999999,0.020521,0.0286204999999999,0.0262793333333333,55.206141333333335,-2.7967875,15.1
2026-01-26 21:00:00,0.0452374999999999,0.0212414999999999,0.0278771666666666,0.0268173333333333,61.290776666666666,-4.042418666666666,15.4
2026-01-26 22:00:00,0.0457776666666666,0.0211713333333333,0.0278174999999999,0.0265765,64.99147066666667,-4.219149166666667,16.2
2026-01-26 23:00:00,0.041331,0.0214033333333333,0.0307791666666666,0.0262611666666666,65.06846416666667,-4.0843023333333335,15.6
2026-01-27 00:00:00,0.0398846666666666,0.0208533333333333,0.0287393333333333,0.0264869999999999,64.46742383333333,-3.3192618333333335,15.7
2026-01-27 06:00:00,0.0158141666666666,0.0200153333333333,0.0280348333333333,0.0270546666666666,52.02674433333333,-8.132258666666667,10.0
2026-01-29 05:00:00,0.0516863333333333,0.0225483333333333,0.0274148333333333,0.0222321666666666,42.89638083333333,-8.330399,19.9
2026-01-29 06:00:00,0.0546538333333334,0.0226746666666666,0.0275476666666666,0.0213126666666667,44.87151766666667,-8.801930833333333,20.7
2026-01-29 07:00:00,0.0522818333333333,0.0231473333333333,0.0272986666666666,0.0212028333333333,48.049546166666666,-10.1466915,20.1
2026-01-29 09:00:00,0.038822,0.0217338333333333,0.0272598333333333,0.0222891666666666,48.498248,-9.918056833333331,17.0
2026-01-29 10:00:00,0.0351825,0.0221716666666666,0.0272716666666666,0.0235276666666666,49.785581666666666,-9.926360166666669,15.9
2026-01-30 04:00:00,0.0190476666666666,0.0211168333333333,0.027614,0.0259463333333333,37.4164945,-7.894710833333334,15.7
2026-01-30 05:00:00,0.0160669999999999,0.0212439999999999,0.0276764999999999,0.0259056666666666,36.27269666666667,-8.643513,16.7
2026-01-30 06:00:00,0.0149223333333333,0.0214588333333333,0.0275874999999999,0.0257064999999999,38.91767016666667,-9.1725695,15.9
2026-01-30 07:00:00,0.0154503333333333,0.0216191666666666,0.0275813333333333,0.0253689999999999,41.741100333333335,-9.7848225,15.2
2026-01-30 08:00:00,0.0154271666666666,0.021516,0.0275373333333333,0.0252175,42.81782533333333,-10.2869885,15.1
2026-01-30 09:00:00,0.0143193333333333,0.0214453333333333,0.0276508333333333,0.0250154999999999,41.66967916666667,-10.8202665,16.2
2026-01-30 10:00:00,0.0133774999999999,0.0214105,0.0278018333333333,0.0248446666666666,39.518193333333336,-11.491658,16.2
2026-01-31 00:00:00,0.0206506666666666,0.0219094999999999,0.0275146666666666,0.0255684999999999,35.77672366666667,-9.213550333333334,17.6
2026-01-31 01:00:00,0.0206878333333333,0.021844,0.0275173333333333,0.025181,36.695287,-9.456026666666666,17.8
2026-01-31 02:00:00,0.022255,0.021809,0.0275306666666666,0.0248073333333332,37.903355166666664,-9.803777666666669,17.8
2026-01-31 03:00:00,0.0253525,0.0219708333333333,0.0277163333333333,0.0242851666666666,39.0525395,-10.166007,17.9
2026-01-31 04:00:00,0.0311108333333333,0.0220064999999999,0.0276595,0.0237998333333332,40.25783966666667,-10.613212,17.9
2026-01-31 05:00:00,0.0296963333333333,0.0218926666666666,0.0277494999999999,0.0232269999999999,40.993443,-10.914667166666666,17.9
2026-01-31 06:00:00,0.0283808333333333,0.0218793333333333,0.0277306666666666,0.023205,41.91661466666667,-11.006235833333331,17.9
2026-01-31 07:00:00,0.0327136666666666,0.0220476666666666,0.0277764999999999,0.0229506666666666,42.87465666666667,-11.132039333333331,17.9
2026-01-31 11:00:00,0.0354943333333333,0.0229483333333333,0.0282218333333333,0.0200684999999999,46.88906516666667,-12.442906166666669,21.1
2026-01-31 12:00:00,0.0366465,0.0240261666666666,0.0315395,0.0191605,47.04332616666667,-12.119600166666666,24.8
2026-01-31 13:00:00,0.0352343333333333,0.0212123333333333,0.0304271666666666,0.0232029999999999,44.45306816666667,-9.751386333333333,16.6
2026-01-31 14:00:00,0.0339698333333333,0.019743,0.0299638333333333,0.0246266666666666,36.066217333333334,-5.056423833333334,15.4
2026-01-31 22:00:00,0.0631281666666667,0.0232076666666666,0.0266109999999999,0.0252531666666666,32.32756716666667,-2.8493311666666665,22.0
2026-02-01 00:00:00,0.1411021666666667,0.0253908333333333,0.0285539999999999,0.0218811666666666,45.4931445,-6.668115833333333,28.9
2026-02-01 01:00:00,0.1117023333333332,0.0257515,0.0319386666666666,0.0202859999999999,46.10054133333333,-7.750892833333333,30.7
2026-02-01 03:00:00,0.0741411666666666,0.0234133333333333,0.0282216666666666,0.0218304999999999,45.9677295,-8.368848166666666,20.9
2026-02-01 04:00:00,0.0436273333333333,0.0218628333333333,0.0271044999999999,0.0242279999999999,44.329424333333336,-8.665240333333333,15.0
2026-02-02 11:00:00,0.0363553333333333,0.0216669999999999,0.0279561666666666,0.0250766666666666,37.610332666666665,-6.325861,18.8
2026-02-02 12:00:00,0.0504779999999999,0.0219336666666666,0.0283926666666666,0.0226296666666666,38.31747583333333,-6.760217666666667,22.2
2026-02-02 13:00:00,0.0515965,0.0212746666666666,0.0301461666666666,0.0245931666666666,35.856243,-4.2515,21.0
2026-02-03 05:00:00,0.0445836666666666,0.0223513333333333,0.0269991666666666,0.0253241666666667,33.718689166666664,-3.2010776666666665,21.0
2026-02-03 06:00:00,0.0439663333333333,0.0226879999999999,0.0269528333333333,0.0250378333333333,36.62927933333333,-4.214764333333333,21.9
2026-02-03 07:00:00,0.0450675,0.022689,0.0270418333333333,0.0230709999999999,38.4348705,-5.0579665,22.1
2026-02-03 08:00:00,0.0371468333333332,0.0224305,0.0270641666666667,0.0235454999999999,40.3460505,-5.658740333333333,19.8
2026-02-03 09:00:00,0.0410228333333333,0.0229851666666666,0.0274396666666666,0.0227508333333333,43.16310883333333,-6.758885833333333,21.4
2026-02-03 11:00:00,0.0801051666666666,0.023736,0.0281411666666666,0.0195816666666666,45.359698333333334,-8.2400665,26.1
2026-02-03 12:00:00,0.2124346666666666,0.0262878333333332,0.0430621666666666,0.0194328333333333,47.9960305,-8.533652333333333,33.6
2026-02-03 13:00:00,0.1380298333333333,0.0255865,0.0416248333333333,0.0224491666666666,43.919506166666665,-4.0022105,30.9
2026-02-03 16:00:00,0.0547001694915254,0.0168755932203389,0.0311727118644067,0.0254159322033898,21.644033220338983,8.402074915254238,10.2
2026-02-03 23:00:00,0.1098215,0.0285068333333333,0.0249069999999999,0.0268214999999999,39.681853833333335,-0.5251681666666667,28.9
2026-02-04 00:00:00,0.0928369999999999,0.0259416666666666,0.0257563333333333,0.0265135,38.073027,-0.8181733333333333,24.6
2026-02-04 07:00:00,0.0478711666666666,0.02188,0.0271688333333333,0.0270715,44.9147265,-2.33956,17.3
2026-02-04 08:00:00,0.0474414999999999,0.0220263333333333,0.0275943333333333,0.0257538333333333,45.0633895,-2.7213575,17.9
2026-02-05 02:00:00,0.0491303333333333,0.0211428333333333,0.0270168333333333,0.0248603333333333,40.65800766666667,-1.9579981666666664,18.0
2026-02-05 05:00:00,0.0391796666666666,0.0217775,0.0276368333333333,0.0235575,46.05002,-3.34494,17.7
2026-02-05 06:00:00,0.0400451666666666,0.0213976666666666,0.0277446666666666,0.0236151666666666,47.281015333333336,-3.8360215,15.8
2026-02-05 08:00:00,0.0457035,0.0218273333333333,0.0283678333333333,0.0200693333333333,50.4176695,-6.077344833333333,17.8
2026-02-05 11:00:00,0.1616068333333332,0.0244996666666666,0.0586443333333333,0.0174541666666666,54.31170733333333,-9.556837333333334,30.4
2026-02-05 13:00:00,0.1847461666666667,0.0234808333333333,0.0546425,0.021258,53.12970816666667,-4.134201833333333,24.9
2026-02-06 00:00:00,0.216572,0.0277306666666666,0.0328903333333333,0.0225006666666666,43.58960583333333,-2.611877333333333,33.1
2026-02-06 01:00:00,0.1600855,0.0272221666666666,0.033625,0.0212678333333333,44.690499,-3.7808818333333334,32.1
2026-02-06 02:00:00,0.1779913333333332,0.0280453333333333,0.041113,0.0203484999999999,46.938377,-4.324394166666667,33.4
2026-02-06 03:00:00,0.1777045,0.0276403333333333,0.0414916666666667,0.019481,47.65706516666667,-4.870502166666666,32.7
2026-02-06 04:00:00,0.1454653333333333,0.0269183333333333,0.041377,0.0188253333333333,49.293835333333334,-6.449656,30.3
2026-02-06 05:00:00,0.1417588333333333,0.0263225,0.0419413333333333,0.0183571666666666,50.51902166666667,-7.45225,28.2
2026-02-06 06:00:00,0.1823703333333333,0.0269033333333333,0.0531566666666666,0.018519,51.14454816666667,-7.319953166666667,31.5
2026-02-06 07:00:00,0.1409666666666666,0.0260526666666666,0.0432865,0.0183389999999999,50.999509333333336,-6.948204666666666,28.8
2026-02-06 08:00:00,0.0974039999999999,0.0226224999999999,0.0312458333333333,0.0184126666666666,49.910898833333334,-6.8567875,24.8
2026-02-06 09:00:00,0.0901291666666666,0.0219796666666666,0.029933,0.0183809999999999,49.17434983333333,-6.940896333333334,24.2
2026-02-06 10:00:00,0.0809713333333334,0.0211031666666666,0.0293243333333333,0.0191308333333333,48.778224333333334,-6.8220255,21.6
2026-02-06 11:00:00,0.0792875,0.0212736666666666,0.0295606666666666,0.0189924999999999,48.82573383333333,-6.6977728333333335,22.6
2026-02-06 13:00:00,0.0901235,0.0201228333333333,0.034883,0.0223091666666666,44.66539783333333,-3.6905486666666665,18.8
2026-02-08 01:00:00,0.0170748333333333,0.0183504999999999,0.0292351666666667,0.0236136666666667,44.451386,-10.215265333333331,13.3
2026-02-08 02:00:00,0.0159394999999999,0.0182885,0.0293006666666666,0.0234213333333333,43.921147166666664,-11.161532333333334,14.0
2026-02-08 03:00:00,0.0150783333333333,0.0184258333333333,0.0293253333333333,0.0232483333333333,43.499839333333334,-11.706367833333331,14.6
2026-02-08 04:00:00,0.014768,0.0184848333333333,0.0293728333333333,0.0231244999999999,43.873909,-12.449092333333333,15.1
2026-02-08 05:00:00,0.0135979999999999,0.0184525,0.0294861666666666,0.0230523333333333,43.5898405,-12.958527333333333,16.0
2026-02-08 06:00:00,0.0134451666666666,0.0184076666666666,0.0294773333333333,0.0229608333333333,43.205746,-13.282148,16.8
2026-02-08 07:00:00,0.0133424999999999,0.0184308333333333,0.029523,0.0228869999999999,43.04147666666667,-13.539879833333334,17.1
2026-02-08 08:00:00,0.0126436666666666,0.0185199999999999,0.0295308333333333,0.022745,43.21637716666667,-13.926449833333333,17.2
2026-02-08 09:00:00,0.0116399999999999,0.0185209999999999,0.029625,0.0228548333333333,43.280919,-14.104846666666669,17.1
2026-02-08 10:00:00,0.0123011666666666,0.0184936666666666,0.0295714999999999,0.0227858333333333,43.140170833333336,-14.213002333333334,16.8
2026-02-08 11:00:00,0.0119376666666666,0.0183973333333333,0.0295616666666667,0.0227966666666666,42.836493,-14.275149166666669,16.0
2026-02-08 12:00:00,0.0131173333333333,0.0181938333333332,0.0298223333333333,0.0231224999999999,41.823591666666665,-13.804924,15.8
2026-02-08 13:00:00,0.015183,0.0178803333333333,0.0303579999999999,0.0235098333333333,38.133986166666666,-11.9215455,15.9
2026-02-08 14:00:00,0.0195816666666667,0.0177031666666666,0.0307545,0.0238618333333333,34.20781066666667,-9.370871166666667,17.0
2026-02-08 15:00:00,0.0204536666666667,0.0176278333333333,0.0303866666666666,0.0240996666666666,29.973461,-6.087730333333333,15.9
2026-02-08 22:00:00,0.0236306666666666,0.0193991666666666,0.0278216666666666,0.0271044999999999,30.3432245,-6.457942166666666,17.0
2026-02-08 23:00:00,0.0227315,0.0200816666666666,0.0284296666666666,0.0258579999999999,33.050706,-7.255610833333334,16.8
2026-02-09 00:00:00,0.0229778333333333,0.0200223333333333,0.0284478333333333,0.0255708333333333,34.448320333333335,-7.736001333333333,16.8
2026-02-09 01:00:00,0.0228945,0.0200575,0.0285688333333333,0.0252846666666666,36.05296583333333,-8.319840833333334,16.6
2026-02-09 02:00:00,0.0214621666666666,0.0198789999999999,0.0286825,0.0251041666666666,36.9616525,-8.781189,16.6
2026-02-09 03:00:00,0.0208561666666666,0.019708,0.0287688333333333,0.0250019999999999,36.705181333333336,-8.947779,17.0
2026-02-09 04:00:00,0.0194548333333333,0.0195361666666666,0.0289471666666666,0.0248288333333333,35.96235933333333,-9.094853166666669,17.5
2026-02-09 05:00:00,0.0180038333333333,0.0196416666666666,0.0288938333333333,0.0249595,37.01096116666667,-9.354083833333334,17.2
2026-02-09 06:00:00,0.0166324999999999,0.0196244999999999,0.0288751666666666,0.0250878333333333,38.534375,-9.420598333333333,16.3
2026-02-09 07:00:00,0.0166899999999999,0.0196578333333333,0.0289876666666666,0.0247469999999999,39.03442866666666,-9.557427,16.5
2026-02-09 08:00:00,0.0169705,0.0197538333333333,0.0290071666666666,0.024593,39.72169066666667,-9.762763333333334,16.3
2026-02-09 09:00:00,0.0173726666666667,0.0196116666666666,0.0290476666666666,0.0244678333333333,40.1123895,-9.888207333333334,16.2
2026-02-09 10:00:00,0.0173161666666666,0.0194858333333333,0.0290535,0.0245724999999999,40.594306,-9.861783166666669,15.5
2026-02-09 11:00:00,0.0180876666666666,0.0192238333333333,0.0291179999999999,0.0246113333333333,40.78307783333333,-9.773634666666666,15.4
2026-02-09 12:00:00,0.0217718333333333,0.0188791666666666,0.0295266666666667,0.0245993333333333,39.7106755,-9.229556,15.5
2026-02-10 05:00:00,0.0367308333333333,0.0203866666666666,0.0288321666666666,0.0228453333333333,29.471071,-3.6404605,21.2
2026-02-10 06:00:00,0.0352013333333333,0.0206736666666667,0.0288526666666666,0.0220938333333333,30.328901,-4.207102833333333,21.5
2026-02-10 07:00:00,0.0399081666666666,0.0210808333333333,0.0287416666666666,0.0213426666666666,33.57532716666667,-5.247616166666667,21.8
2026-02-10 11:00:00,0.1944843333333333,0.0248758333333333,0.0487556666666666,0.0181716666666666,43.585313,-6.829352,34.6
2026-02-10 12:00:00,0.2661458333333333,0.0266536666666666,0.0620431666666666,0.018525,44.1978525,-6.388175666666666,39.1
2026-02-10 13:00:00,0.2014598333333333,0.0243213333333333,0.0518934999999999,0.0204659999999999,39.08696666666667,-1.8700366666666663,31.0
2026-02-11 03:00:00,0.0771368333333333,0.0220113333333333,0.0272311666666666,0.0243439999999999,48.015621,3.9986785,20.2
2026-02-11 10:00:00,0.0639138333333333,0.0209644999999999,0.0269345,0.0268214999999999,64.00751816666667,2.999475,14.9
2026-02-13 12:00:00,0.0498884999999999,0.0204219999999999,0.0293276666666666,0.0251139999999999,46.213900833333334,-3.8983595,19.0
2026-02-14 01:00:00,0.1046713333333333,0.0251874999999999,0.026144,0.025896,33.899927166666664,1.9217115,29.1
2026-02-14 02:00:00,0.0846711666666666,0.0238973333333333,0.0260221666666666,0.0274321666666666,35.77698483333333,1.3825336666666668,22.3
2026-02-14 07:00:00,0.0554595,0.0226211666666666,0.0271615,0.0245143333333333,41.016748,-0.2525805,20.7
2026-02-14 08:00:00,0.0804138333333333,0.0236118333333333,0.027687,0.0225225,43.3169065,-0.9977993333333334,26.4
2026-02-14 09:00:00,0.0690999999999999,0.0224326666666667,0.0278136666666666,0.0225009999999999,42.907365,-0.522518,24.9
2026-02-14 10:00:00,0.0570785,0.0207256666666666,0.0275866666666667,0.0247325,41.447661333333336,0.5363983333333333,19.1
2026-02-14 11:00:00,0.0538704999999999,0.020231,0.0276071666666666,0.0254941666666666,41.43091016666666,0.2187008333333333,17.8
2026-02-15 03:00:00,0.1268628333333333,0.0224038333333333,0.0319221666666666,0.020383,55.97998166666667,-1.0240743333333333,25.9
2026-02-15 04:00:00,0.1493873333333333,0.0226511666666666,0.035771,0.0198098333333333,57.498812666666666,-1.9627803333333331,25.8
2026-02-15 05:00:00,0.1264013333333333,0.0228396666666667,0.0325219999999999,0.0203794999999999,59.45280233333333,-1.9675261666666664,26.1
2026-02-15 06:00:00,0.1346653333333333,0.0224685,0.0330501666666667,0.0197984999999999,61.14021266666666,-2.458072,24.7
2026-02-15 07:00:00,0.1182011666666666,0.0221441666666666,0.0333075,0.0192309999999999,62.2656175,-2.8686716666666667,23.4
2026-02-15 08:00:00,0.1219621666666666,0.0219473333333333,0.0384444999999999,0.017969,61.789548,-3.6843988333333337,23.1
2026-02-15 09:00:00,0.1264703333333333,0.0222118333333333,0.0472188333333333,0.0171151666666666,61.480577,-4.292038166666667,23.6
2026-02-15 10:00:00,0.1317964999999999,0.0217186666666667,0.0486391666666666,0.0165186666666666,61.09466833333333,-4.740352833333334,22.2
2026-02-15 11:00:00,0.1392618333333333,0.0215196666666666,0.0486203333333333,0.0163361666666666,60.355000833333335,-4.664732833333333,22.2
2026-02-17 02:00:00,0.1181536666666666,0.0247306666666666,0.0271746666666666,0.0224293333333333,51.968773166666665,0.7664346666666667,27.6
2026-02-17 03:00:00,0.1384016666666667,0.0249421666666666,0.0323964999999999,0.02133,53.156977,-0.049226,29.5
2026-02-17 04:00:00,0.1702396666666667,0.0254226666666667,0.0386104999999999,0.0209958333333333,54.18993966666667,-0.6402401666666667,30.3
2026-02-17 05:00:00,0.169406,0.0252416666666667,0.0411733333333333,0.0206573333333333,55.140884,-0.8116605,29.4
2026-02-17 06:00:00,0.1605999999999999,0.0241086666666666,0.0409951666666666,0.0200921666666666,56.1392325,-1.2954466666666666,27.2
2026-02-17 07:00:00,0.1581031666666666,0.0237281666666666,0.045354,0.0200776666666666,56.905602333333334,-0.971999,27.4
2026-02-17 08:00:00,0.1831459999999999,0.02376,0.0480038333333333,0.0196874999999999,57.4682245,-0.624475,27.1
2026-02-17 09:00:00,0.1617385,0.0235856666666666,0.0487145,0.0195813333333333,57.293731666666666,0.0786378333333333,26.9
2026-02-17 10:00:00,0.1430048333333333,0.0231273333333333,0.0429674999999999,0.0193858333333333,57.6421615,-0.397808,26.0
2026-02-17 11:00:00,0.1895461666666666,0.0237945,0.0504381666666666,0.0196861666666666,58.539622666666666,-0.1683975,27.7
2026-02-17 12:00:00,0.1690428333333333,0.0236961666666666,0.0485156666666666,0.019584,57.7397575,1.3949346666666669,26.6
2026-02-17 13:00:00,0.149066,0.023155,0.0406238333333333,0.0194071666666666,55.61857233333333,3.602068666666667,23.6
2026-02-18 01:00:00,0.1104584999999999,0.0209545,0.0288076666666666,0.0215033333333333,58.578288,4.834804666666667,19.3
2026-02-18 02:00:00,0.1091551666666666,0.0208749999999999,0.0280941666666666,0.0210465,59.1263565,5.249114,17.7
2026-02-18 03:00:00,0.1059745,0.0204041666666666,0.0277963333333333,0.0215423333333333,60.445835833333334,5.001227166666666,17.2
2026-02-18 04:00:00,0.0869294999999999,0.0196264999999999,0.027305,0.022096,61.08598383333333,5.1651205,13.7
2026-02-18 06:00:00,0.0918318333333333,0.0196746666666666,0.0275296666666666,0.021274,62.61200816666667,5.105037,15.8
2026-02-18 07:00:00,0.1010531666666666,0.0199583333333333,0.0278331666666666,0.0202326666666666,62.942878666666665,5.393994666666667,16.1
2026-02-18 08:00:00,0.1040365,0.0200798333333332,0.0288276666666666,0.0195374999999999,63.04866633333333,5.523615666666666,15.6
2026-02-18 09:00:00,0.106719,0.0200505,0.0284099999999999,0.0196084999999999,63.126481,5.489306166666667,16.0
2026-02-18 10:00:00,0.1098351666666666,0.0198758333333333,0.0286001666666667,0.0194991666666666,63.283157333333335,5.328398666666667,15.7
2026-02-18 11:00:00,0.1308671666666666,0.0202206666666666,0.0329866666666666,0.0189868333333333,63.5501805,5.172229833333334,16.5
2026-02-18 12:00:00,0.1363306666666666,0.0197741666666666,0.0330384999999999,0.0192088333333333,63.43035783333333,5.556092333333333,16.1
2026-02-18 13:00:00,0.1448443333333333,0.0191461666666666,0.0339625,0.0184253333333333,61.546965166666666,6.880697333333333,17.5
2026-02-18 20:00:00,0.1579161666666667,0.0211998333333333,0.033748,0.0200561666666666,58.94445316666667,8.100651666666666,17.4
2026-02-18 21:00:00,0.1627971666666666,0.0215461666666666,0.0335793333333333,0.0202418333333333,61.44889283333333,7.768853166666666,17.6
2026-02-18 22:00:00,0.1590871666666667,0.0214298333333333,0.0321886666666667,0.0195793333333333,62.14001183333333,7.575530833333333,18.6
2026-02-18 23:00:00,0.1672961666666666,0.0212228333333333,0.0324736666666666,0.0192001666666666,62.819237666666666,7.209639166666666,18.9
2026-02-19 00:00:00,0.1870798333333333,0.0219841666666666,0.0367506666666666,0.0190923333333333,63.229989333333336,7.0943675,19.4
2026-02-19 01:00:00,0.1592799999999999,0.0217268333333333,0.0313398333333333,0.0200111666666666,63.72288366666667,7.083113166666667,18.0
2026-02-20 09:00:00,0.1425146666666666,0.0224345,0.0434766666666666,0.0197314999999999,60.1835025,-1.0260865,20.2
2026-02-20 10:00:00,0.1474805,0.0220941666666666,0.0449913333333333,0.0193906666666666,60.67396433333333,-1.2533773333333331,19.7
2026-02-20 11:00:00,0.2019661666666666,0.023401,0.0576095,0.0197851666666666,61.33180016666667,-0.5266085,23.7
2026-02-20 12:00:00,0.2159458333333333,0.0237433333333333,0.0582253333333333,0.0198798333333333,61.27165816666667,0.8810823333333333,23.9
2026-02-20 13:00:00,0.1954576666666667,0.0234398333333333,0.0481365,0.0198736666666666,59.44434366666667,3.173122333333333,21.2
2026-02-22 11:00:00,0.0604521666666666,0.0196698333333333,0.0275613333333333,0.0235084999999999,58.53859633333333,2.843818,15.7
2026-02-22 12:00:00,0.0680458333333333,0.0202443333333333,0.0284645,0.0232353333333333,58.13583333333333,3.3119435,17.2
2026-02-26 05:00:00,0.0912286666666666,0.0223194999999999,0.0268451666666666,0.0241939999999999,67.384505,2.9194465,17.3
2026-02-26 08:00:00,0.0912061666666666,0.0221241666666666,0.027741,0.0217829999999999,64.93161233333333,3.5987635,19.0
2026-02-26 09:00:00,0.1088518333333333,0.0233566666666666,0.0331323333333333,0.0207646666666667,67.15016283333334,2.3932136666666666,24.4
2026-02-26 11:00:00,0.1623478333333333,0.023454,0.0461341666666666,0.0203758333333333,68.7867425,0.526129,26.5
2026-02-26 12:00:00,0.3542331666666666,0.0263424999999999,0.0655936666666666,0.0217063333333333,70.26376716666667,2.725166,34.2
2026-02-27 01:00:00,0.1453556666666666,0.025567,0.0268705,0.0273464999999999,50.416749,5.979427333333334,26.8
2026-02-27 09:00:00,0.0686293333333333,0.0223066666666666,0.0276268333333333,0.021904,51.26186666666667,-2.1376888333333333,23.4
2026-02-27 10:00:00,0.0857055,0.0233063333333333,0.0302241666666666,0.021075,52.893328333333336,-3.2857346666666665,26.1
2026-02-27 11:00:00,0.1003375,0.0240858333333333,0.0349938333333333,0.0207284999999999,53.227082333333335,-3.260767,27.6
2026-02-27 12:00:00,0.1103643333333333,0.0229765,0.0360808333333333,0.022556,51.50336083333333,-0.7650548333333334,22.6
2026-02-28 15:00:00,0.0351081666666666,0.0075518333333333,0.0346555,0.0173923333333332,25.996434666666666,18.608802833333332,4.5
2026-03-01 08:00:00,0.1823186666666666,0.0217601666666666,0.0498435,0.0193793333333333,66.2689445,0.1988883333333333,21.2
2026-03-01 09:00:00,0.1785028333333333,0.0216551666666666,0.0548521666666667,0.0189495,65.8094665,-0.1375296666666666,21.1
2026-03-02 09:00:00,0.019778,0.0180321666666666,0.0271474999999999,0.0260393333333333,33.063482,-6.6970715,17.0
2026-03-02 10:00:00,0.0200529999999999,0.0184188333333333,0.026842,0.0256049999999999,33.05642066666667,-7.682864,17.4
2026-03-03 01:00:00,0.0544311666666666,0.0219909999999999,0.0250245,0.0261013333333333,38.334976833333336,-4.159613666666667,20.7
2026-03-03 04:00:00,0.1100363333333333,0.0228273333333333,0.0277078333333333,0.0207324999999999,49.16275866666667,-6.5640835,26.8
2026-03-03 06:00:00,0.0774196666666666,0.0230874999999999,0.0294285,0.0192666666666667,51.14385,-7.358816333333333,25.3
2026-03-03 07:00:00,0.0795214999999999,0.0232104999999999,0.0358315,0.0186703333333333,52.1474905,-7.765768333333333,27.0
2026-03-03 08:00:00,0.0834154999999999,0.0233511666666667,0.0394478333333332,0.0183576666666666,52.325561,-8.294386833333332,27.3
2026-03-03 09:00:00,0.0855669999999999,0.0231513333333333,0.0400433333333333,0.0172621666666666,53.54739816666667,-8.836711,26.9
2026-03-03 10:00:00,0.0977919999999999,0.0234431666666666,0.0477088333333333,0.0168309999999999,54.543859166666664,-8.916849666666666,29.2
2026-03-03 13:00:00,0.1951071666666666,0.0246684999999999,0.0572226666666667,0.0198946666666666,46.79512833333333,0.8430798333333334,33.8
2026-03-04 06:00:00,0.064263,0.0204278333333333,0.0273089999999999,0.0234461666666666,67.44204616666667,4.693361333333334,16.6
2026-03-04 07:00:00,0.0641223333333333,0.0201863333333333,0.0272101666666666,0.0225541666666666,67.99820683333333,4.7246945,17.0
2026-03-04 09:00:00,0.0978588333333333,0.0205613333333333,0.0283396666666666,0.0188431666666666,68.45518066666666,3.8320036666666666,21.1
2026-03-04 10:00:00,0.0951433333333333,0.020873,0.0308023333333333,0.0186966666666666,68.57031966666666,2.847174666666666,22.2
2026-03-04 17:00:00,0.03011,-0.0020508333333333,0.0410741666666666,0.012593,18.999680333333338,28.276339,4.4
2026-03-05 04:00:00,0.1191583333333333,0.0228486666666666,0.0261469999999999,0.0227215,65.396723,2.248897,19.9
2026-03-05 13:00:00,0.3621986666666666,0.0231588333333332,0.0731763333333332,0.018825,60.941076,6.9869243333333335,26.1
2026-03-08 17:00:00,0.0723028333333333,0.0111263333333333,0.0338695,0.0179733333333333,46.32954616666667,21.363126166666667,3.0
2026-03-09 01:00:00,0.197251,0.0209366666666666,0.0327034999999999,0.0204183333333333,64.22007333333333,10.764683,17.9
2026-03-09 02:00:00,0.1906608333333333,0.02076,0.0365808333333333,0.0194071666666666,66.76873033333334,9.328173833333333,16.7
2026-03-09 03:00:00,0.1986726666666666,0.0210075,0.0392814999999999,0.0194031666666666,69.78147566666667,8.097759166666666,15.5
2026-03-09 09:00:00,0.1023301666666667,0.0170816666666666,0.0391276666666666,0.0170196666666666,70.76624116666667,3.2374495,9.3
2026-03-09 15:00:00,0.0538244999999999,-0.0031971666666666,0.044092,-0.0029689999999999,26.855783,27.299235333333332,3.9
2026-03-09 16:00:00,0.037644406779661,-0.0046010169491525,0.0430252542372881,0.0055996610169491,20.779960338983052,28.94671220338983,3.5
2026-03-09 20:00:00,0.0682576666666666,0.0062328333333333,0.0363621666666666,0.0300314999999999,11.24292,35.283053333333335,4.9
2026-03-09 21:00:00,0.0898111666666666,0.0122788333333333,0.0327169999999999,0.0305496666666666,13.172901166666666,33.813946,5.1
2026-03-10 10:00:00,0.0706446666666666,0.0198043333333333,0.0281751666666666,0.0209298333333333,68.20102733333333,5.856301833333333,16.7
2026-03-10 16:00:00,0.045628813559322,-0.0015598305084745,0.0448193220338982,0.008335593220339,23.841787118644067,30.667965762711862,4.7
2026-03-10 18:00:00,0.0446703333333333,-0.0046488333333333,0.0474581666666666,0.0171871666666666,15.001552333333333,38.345306,5.1
2026-03-11 17:00:00,0.0136491666666666,-0.0030933333333333,0.0440181666666666,0.0156264999999999,20.131466333333332,31.567656666666668,4.5
2026-03-11 18:00:00,0.0135398333333333,-0.0083573333333333,0.0496526666666666,0.0127013333333333,16.424604833333333,36.6986755,4.3
2026-03-19 08:00:00,0.0775898333333333,0.020695,0.0291319999999999,0.0201961666666666,53.29086016666667,-1.522107833333333,22.0
2026-03-19 09:00:00,0.0912939999999999,0.020712,0.0318901666666666,0.0200518333333333,53.59487016666667,-0.3823766666666666,22.7
2026-03-19 10:00:00,0.0976785,0.0206309999999999,0.0306266666666666,0.0201958333333333,53.69651666666667,0.0040096666666666,21.3
2026-03-25 15:00:00,0.0254561666666666,0.0086729999999999,0.0342236666666667,0.0230993333333333,19.4729105,19.098137333333337,6.9
2026-03-26 17:00:00,0.0424901666666666,0.0062296666666666,0.0370619999999999,0.0217586666666667,27.180723333333333,26.967181333333333,4.1
2026-03-29 09:00:00,0.0579036666666666,0.0211095,0.0260005,0.0246118333333333,41.095102,-0.4097933333333333,23.0
2026-03-29 10:00:00,0.0733665,0.0215048333333333,0.0266936666666666,0.0224478333333333,43.74584133333333,-1.0730978333333334,25.1
2026-03-29 11:00:00,0.0733291666666666,0.0212011666666666,0.0272856666666666,0.0243541666666666,43.43961383333333,0.1816691666666666,21.8
2026-03-30 17:00:00,0.0333266666666666,0.0067808333333333,0.037422,0.0224833333333333,24.155600666666665,28.067576,4.6
2026-03-31 17:00:00,0.0520563333333333,-0.0020063333333333,0.0460085,0.0091273333333333,29.2381765,31.5628525,4.5
2026-03-31 18:00:00,0.0568509999999999,0.0005643333333333,0.0445013333333333,0.0123283333333333,26.811632,32.88552166666667,6.0
2026-03-31 19:00:00,0.0794048333333333,0.0099206666666666,0.0357449999999999,0.0272288333333333,28.127611333333338,30.997378,5.8
2026-04-03 20:00:00,0.0614206666666666,0.0033136666666666,0.0404471666666666,0.0209443333333333,22.6485865,35.533689333333335,5.7
2026-04-04 13:00:00,0.0398083333333333,0.008474,0.035105,0.0175273333333333,41.970283,20.9707145,3.6
2026-04-04 14:00:00,0.0344971666666666,0.007475,0.0355625,0.0174913333333333,34.97833466666667,22.360041333333335,4.2
2026-04-04 15:00:00,0.0446746666666666,0.0092696666666666,0.0336461666666667,0.0214809999999999,33.713479666666665,22.368420166666667,4.2
2026-04-07 17:00:00,0.0296923333333333,0.0118523333333333,0.0318441666666666,0.0295396666666666,24.366129666666662,19.210741833333337,5.5
2026-04-09 09:00:00,0.0740926666666667,0.0221345,0.0288393333333333,0.021033,64.0970555,1.056663666666667,21.4
2026-04-10 06:00:00,0.0512268333333332,0.0210103333333332,0.0255926666666666,0.0268096666666666,67.21391133333333,4.173929833333333,15.2
2026-04-10 07:00:00,0.0500196666666666,0.0205103333333332,0.0258396666666666,0.0256129999999999,68.835467,3.904554166666667,16.3
2026-04-14 12:00:00,0.2516665,0.0215686666666666,0.0406766666666666,0.0201721666666666,63.990551833333335,20.196277833333333,12.9
2026-04-14 13:00:00,0.1526198333333333,0.0104921666666666,0.0416709999999999,0.0093804999999999,46.82236433333333,27.972912166666667,4.9
2026-04-14 14:00:00,0.0103338333333333,-0.0039223333333333,0.0500745,0.008537,31.043389166666667,32.924602166666666,5.3
2026-04-14 15:00:00,0.0112151666666666,-0.0049783333333333,0.0511504999999999,0.012469,25.948159333333333,35.77652916666666,5.5
2026-04-14 16:00:00,0.0117172881355932,-0.0116262711864406,0.0580183050847457,0.0084306779661016,20.041618305084747,41.01630542372882,5.3
2026-04-14 17:00:00,0.0599308333333333,-0.003706,0.0511584999999999,0.0237718333333333,19.579617833333337,41.416506166666665,5.5
2026-04-15 13:00:00,0.0973491666666667,0.0085103333333332,0.0374703333333333,0.0140808333333333,45.23284666666667,27.5896455,4.1
2026-04-15 14:00:00,0.0142705,-0.0036698333333333,0.0478388333333333,0.0103598333333333,29.531296333333337,32.395102,5.2
2026-04-15 15:00:00,0.0053706666666666,-0.006411,0.05307,0.0115844999999999,23.938199666666662,36.418203,5.3
2026-04-15 16:00:00,-0.0012316949152542,-0.0126374576271185,0.0599401694915254,0.0096362711864406,17.98367406779661,41.76245610169491,5.1
2026-04-15 17:00:00,0.0388129999999999,-0.001388,0.0507923333333333,0.0261053333333333,16.920582666666668,41.676810833333334,6.0
2026-04-16 14:00:00,0.0558653333333333,0.0005809999999999,0.0433328333333333,0.0084341666666666,36.63496683333333,30.7743345,4.4
2026-04-16 15:00:00,0.0475924999999999,-0.0040143333333333,0.0513151666666666,0.0081253333333333,29.867366333333333,35.80716116666667,6.2
2026-04-16 16:00:00,0.0453998305084745,-0.0087877966101694,0.0579528813559322,0.0109938983050847,24.303496610169493,40.35494322033898,5.8
2026-04-16 17:00:00,0.0473346666666666,-0.0092143333333333,0.0599121666666666,0.0158403333333333,20.577815666666663,43.30349616666667,5.8
2026-04-16 18:00:00,0.0492921666666666,-0.0097653333333333,0.0623651666666666,0.0194764999999999,17.391719000000002,45.513833,5.5
2026-04-16 19:00:00,0.0698948333333333,-0.0051111666666666,0.060899,0.0223065,15.760148166666667,46.8638405,5.0
2026-04-16 20:00:00,0.1050163333333333,0.0047796666666666,0.0524081666666667,0.0323189999999999,16.600345,45.5016715,5.9
2026-04-16 22:00:00,0.1458435,0.0244988333333333,0.0285394999999999,0.0470094999999999,27.666751166666668,35.505106166666664,6.6
2026-04-17 16:00:00,0.0694284745762711,0.0015259322033898,0.0459374576271186,0.0163596610169491,31.95665610169491,33.746938813559325,4.7
2026-04-17 17:00:00,0.0539144999999999,0.0029173333333333,0.0454391666666666,0.0251001666666667,29.776601666666668,34.63937766666667,6.2
2026-04-21 16:00:00,0.0207361016949153,0.0092830508474576,0.0343096610169491,0.0284189830508474,12.578694237288136,22.030727627118644,5.6
2026-04-21 17:00:00,0.0198171666666666,0.0059836666666666,0.0355856666666666,0.0278718333333333,11.495734,25.640695,6.1
2026-04-23 14:00:00,0.0122211666666666,0.0056483333333333,0.0381616666666666,0.0211861666666666,24.126343,22.692899833333332,4.9
2026-04-23 18:00:00,0.021085,0.008162,0.0344206666666666,0.0320261666666666,11.487529666666669,28.143961333333333,5.2
2026-04-23 19:00:00,0.0262266666666666,0.0096439999999999,0.0337455,0.033939,9.902677333333331,29.146101833333333,5.8
2026-04-23 20:00:00,0.0291351666666666,0.0105858333333332,0.0331834999999999,0.0349415,10.667166833333331,30.2960335,6.2
2026-04-23 21:00:00,0.032766,0.0110611666666666,0.0326573333333333,0.0348999999999999,10.671581,30.827037833333332,6.4
2026-04-25 14:00:00,0.0183515,0.0084635,0.0345886666666666,0.0209969999999999,24.569305166666663,19.9623705,5.5
2026-04-25 15:00:00,0.0210676666666666,0.0080893333333333,0.0349975,0.0226445,20.802182833333333,22.22657866666667,6.0
2026-04-26 18:00:00,0.0185658333333333,0.0040651666666666,0.0393584999999999,0.0261666666666666,17.049134,28.002315333333332,5.4
2026-04-27 18:00:00,0.0204323333333333,0.0051765,0.0399899999999999,0.0298356666666667,13.475608666666666,33.030457166666665,6.1
2026-04-27 19:00:00,0.0284346666666666,0.0073009999999999,0.0386066666666666,0.0317353333333333,12.7446605,33.83253283333333,6.6
2026-04-27 20:00:00,0.0341988333333333,0.0086183333333333,0.0373218333333333,0.0322945,12.287659,34.604538833333336,6.8
2026-04-28 20:00:00,0.0341765,0.0094833333333332,0.0348111666666666,0.0321091666666666,13.379287,30.771689166666665,6.2
2026-05-01 18:00:00,0.0153661666666666,0.0063966666666666,0.0366066666666666,0.0253316666666666,16.064849166666665,28.937892333333338,5.8
2026-05-01 19:00:00,0.0143466666666666,0.005732,0.0372009999999999,0.0258133333333333,13.537473666666669,30.554884833333332,5.2
2026-05-01 20:00:00,0.0216201666666666,0.0077398333333333,0.0358614999999999,0.0289539999999999,12.515072,31.1931015,5.2
2026-05-05 19:00:00,0.0698943333333332,0.0094213333333333,0.0378953333333333,0.0363835,21.367168,35.725821333333336,6.2
2026-05-07 15:00:00,0.0060208333333333,0.0041703333333333,0.0378469999999999,0.019452,29.587029666666663,24.139952,4.6
2026-05-07 16:00:00,-0.0007133898305085,0.0020157627118643,0.0398816949152542,0.0201949152542372,20.99357644067797,26.849929152542373,5.7
2026-05-07 17:00:00,0.00167,0.0022116666666666,0.0391348333333333,0.0231463333333333,15.699993,28.217547333333332,5.2
2026-05-07 18:00:00,0.0057535,0.0032856666666666,0.038637,0.0257351666666666,13.396215833333333,29.873875333333334,5.2
2026-05-07 19:00:00,0.0103409999999999,0.0053188333333333,0.0372181666666666,0.0279068333333333,11.5594115,30.990983333333332,5.2
2026-05-11 05:00:00,0.0465818333333333,0.0108456666666666,0.0313616666666666,0.0205223333333333,45.62147266666667,19.0544225,3.5
2026-05-11 06:00:00,0.0134106666666666,0.0076443333333333,0.033609,0.0196999999999999,29.677644333333333,18.610472333333338,4.8
2026-05-12 16:00:00,0.01719,0.0074896610169492,0.0353688135593219,0.0256593220338983,15.66033372881356,26.93778593220339,5.4
2026-05-16 13:00:00,0.0329713333333333,0.0037898333333333,0.0389416666666666,0.0112208333333333,38.3091955,26.563230333333333,3.9
2026-05-16 14:00:00,0.0282748333333333,0.0006211666666666,0.0418768333333333,0.0106961666666666,30.9242945,29.82003033333333,5.8
2026-05-16 15:00:00,0.0155035,-0.0006639999999999,0.0434538333333333,0.0160708333333333,24.918424666666667,31.140993333333338,5.6
2026-05-16 16:00:00,0.0238645762711864,0.0022269491525423,0.0413489830508474,0.0239135593220338,21.511603898305086,32.58526542372881,5.6
2026-05-16 17:00:00,0.0321828333333333,0.0003845,0.0436341666666666,0.0243048333333333,18.884711666666668,35.947312333333336,5.5
2026-05-16 18:00:00,0.045561,0.002429,0.0428854999999999,0.0293398333333332,17.335939333333332,38.1087415,5.4
2026-05-17 13:00:00,0.0224313333333333,-0.0014899999999999,0.0452239999999999,0.0146713333333333,29.620211666666663,32.5291185,5.6
2026-05-17 14:00:00,0.0170106666666666,-0.0047725,0.049304,0.0164996666666666,23.453737666666665,35.537658666666665,5.5
2026-05-17 15:00:00,0.0105711666666666,-0.0051338333333333,0.0509609999999999,0.020741,18.5514835,38.055693833333336,6.4
2026-05-17 16:00:00,0.0309652542372881,-0.0034508474576271,0.0517242372881355,0.0264099999999999,15.882117288135593,40.9181406779661,6.9
2026-05-17 17:00:00,0.0462723333333333,0.0011206666666666,0.0493359999999999,0.0341131666666666,14.428095333333331,42.739719,6.9
2026-05-17 18:00:00,0.0577788333333333,0.0039001666666666,0.0484043333333333,0.0403546666666666,13.592486,44.10896966666667,7.1
2026-05-17 19:00:00,0.0591605,0.0045594999999999,0.0479006666666666,0.0381558333333333,12.1088345,44.990910166666666,7.3
2026-05-17 20:00:00,0.0808434999999999,0.0063734999999999,0.0465393333333333,0.0389321666666666,12.273506,45.534227333333334,7.6
2026-05-18 11:00:00,0.0897469999999999,0.0118103333333333,0.0322683333333333,0.0193858333333333,46.78391216666667,22.784919833333333,3.7
2026-05-18 12:00:00,0.0675144999999999,0.0056326666666666,0.0382584999999999,0.0136593333333333,36.155264833333334,27.170159833333333,5.2
2026-05-18 13:00:00,0.0140518333333333,-0.0080134999999999,0.0516099999999999,0.0015615,22.474063666666662,34.89415066666667,5.4
2026-05-18 14:00:00,0.0086959999999999,-0.0081554999999999,0.0557038333333333,0.0102086666666666,17.616269833333334,37.656898166666664,6.1
2026-05-18 15:00:00,0.0253289999999999,-0.0026625,0.0547728333333333,0.0211009999999999,16.688622833333334,39.730395333333334,7.1
2026-05-18 16:00:00,0.0594623728813559,-0.0029433898305084,0.0581354237288135,0.0239969491525423,14.614414576271187,42.701119661016946,7.5
2026-05-18 23:00:00,0.1682295,0.0267241666666667,0.0292791666666666,0.0487258333333333,30.396167166666668,34.92777816666667,6.3
2026-05-19 12:00:00,0.1144209999999999,0.0086165,0.0382351666666666,0.0166284999999999,48.69196383333333,29.658953333333333,4.8
2026-05-19 13:00:00,0.0563608333333333,-0.0084211666666666,0.0572183333333333,-0.0006541666666666,32.19888183333333,37.46883233333333,6.1
2026-05-19 14:00:00,0.0593175,-0.0105784999999999,0.065698,0.0053403333333333,27.130755,40.80118683333333,6.1
2026-05-19 15:00:00,0.0632068333333333,-0.007622,0.0684055,0.0119944999999999,24.065256833333333,43.2002265,6.7
2026-05-19 16:00:00,0.0806477966101694,-0.0090774576271186,0.07403406779661,0.011336440677966,21.015493898305085,46.14509033898305,6.8
2026-05-19 17:00:00,0.0977268333333333,-0.0084239999999999,0.0752838333333333,0.0174228333333333,18.7908775,47.66626983333333,7.2
2026-05-19 18:00:00,0.1030662068965517,-0.0082898275862068,0.0793858620689654,0.0225506896551724,16.869080689655174,49.33126465517241,7.1
2026-05-19 20:00:00,0.1607898333333333,0.0067608333333333,0.0623381666666666,0.0343781666666666,18.010106666666665,46.652166666666666,7.3
2026-05-19 21:00:00,0.197753,0.0218881666666666,0.0396266666666666,0.0474175,23.812689166666665,40.996872,5.9
2026-05-19 22:00:00,0.2079486666666667,0.0324423333333333,0.0251621666666666,0.0569478333333333,34.17643,33.68711533333333,6.0
2026-05-20 12:00:00,0.1156703333333333,0.0048839999999999,0.0428848333333333,0.0124861666666666,45.20846433333333,31.885073,4.6
2026-05-20 13:00:00,0.0359364999999999,-0.0055301666666666,0.0562573333333333,0.0127438333333333,32.63202016666666,36.54270266666666,6.4
2026-05-20 14:00:00,0.0443198333333333,-0.0039873333333332,0.0593346666666667,0.0204708333333333,29.579847666666662,38.573047,6.1
2026-05-20 15:00:00,0.04214,-0.0017886666666666,0.0600319999999999,0.0256393333333333,26.673950666666663,39.7340175,6.0
2026-05-20 16:00:00,0.0350806666666666,-0.0040465,0.0664761666666666,0.0261468333333333,22.197009,42.491976,6.0
2026-05-20 17:00:00,0.0690561666666666,0.0025231666666666,0.0594748333333333,0.0362391666666667,21.375745333333334,42.97168883333333,6.0
2026-05-20 18:00:00,0.0839226666666666,0.0061626666666666,0.0545111666666666,0.0371938333333333,21.507896166666665,42.57061133333333,5.8
2026-05-21 05:00:00,0.0377305,0.0085016666666666,0.0355228333333333,0.0194925,39.984912,23.856136,3.6
2026-05-21 06:00:00,0.0317688333333333,0.0086688333333333,0.0354018333333333,0.021635,36.157354833333336,24.141582666666668,3.8
2026-05-21 16:00:00,0.0364442372881355,0.0053842372881355,0.0391901694915254,0.0196949152542372,24.55497186440678,29.79312033898305,5.7
2026-05-21 17:00:00,0.0379651666666666,0.0090903333333333,0.0368523333333333,0.0251658333333333,23.117790833333338,28.502260833333334,5.7
2026-05-21 18:00:00,0.0452321666666666,0.0122091666666666,0.034183,0.0293736666666666,23.876935833333334,27.454827166666668,5.9
2026-05-22 15:00:00,0.0112445,0.0056284999999999,0.037419,0.0255033333333333,18.831585333333333,25.916160166666668,5.2
2026-05-22 16:00:00,0.0061089830508474,0.0045203389830508,0.0390711864406779,0.0252138983050847,16.527005762711866,29.085919491525424,5.7
2026-05-22 17:00:00,0.003709,0.0030758333333333,0.0416096666666667,0.0249981666666666,13.922141666666668,31.614027666666665,6.7
2026-05-22 18:00:00,0.0193955,0.007753,0.0377916666666666,0.0299054999999999,13.1318965,30.9072525,6.9
2026-05-22 19:00:00,0.0327351666666667,0.0107855,0.0348771666666666,0.0316575,13.764022333333331,30.038373833333335,6.9
2026-05-22 20:00:00,0.0383066666666666,0.0123601666666666,0.0334223333333333,0.0327106666666666,14.204902166666669,29.649176833333332,6.5
2026-05-23 14:00:00,0.0392655,0.0075354999999999,0.0359475,0.0190796666666666,28.287417,25.293210666666667,5.4
2026-05-23 15:00:00,0.0422791666666667,0.0033539999999999,0.0394596666666666,0.0184151666666666,22.105454833333333,28.2644405,5.2
2026-05-23 16:00:00,0.0146208474576271,0.0029515254237288,0.0407098305084746,0.0199286440677965,18.87660372881356,30.689588644067797,5.4
2026-05-25 17:00:00,0.034883,0.0069505,0.037708,0.014483,46.33609233333333,27.797550166666667,3.7
2026-05-25 18:00:00,0.0316686666666666,0.0048591666666666,0.0387383333333333,0.0146031666666666,39.96164916666667,30.173139333333335,3.8
2026-05-25 19:00:00,0.0392919999999999,0.0067964999999999,0.0378625,0.0181268333333333,38.32837116666666,31.049175166666668,3.9
2026-05-25 20:00:00,0.0402336666666666,0.0027536666666666,0.0438698333333333,0.0156678333333333,33.031676,34.200444166666664,3.9
2026-05-25 21:00:00,0.026934,-0.0012099999999999,0.047972,0.01444,27.445123,37.1541795,5.2
2026-05-25 22:00:00,0.0491683333333333,0.0055848333333333,0.0413973333333332,0.0225325,28.159185666666662,36.463188333333335,5.1
2026-05-26 14:00:00,0.0177153333333333,-0.003651,0.0477853333333333,0.011079,26.704913666666663,33.45618533333333,5.6
2026-05-26 15:00:00,0.0227175,-0.0019306666666666,0.0486105,0.0190204999999999,24.054735666666662,35.74037716666667,5.6
2026-05-26 20:00:00,0.1013728333333333,0.0095351666666666,0.0420514999999999,0.0332561666666667,16.812225333333334,43.545354833333334,6.1
2026-05-26 21:00:00,0.1103644999999999,0.0145223333333333,0.0373756666666666,0.0376675,18.006329,41.641096833333336,5.6
2026-05-27 12:00:00,0.1569501666666666,0.0094654999999999,0.0388,0.0164586666666666,38.40613716666667,30.3567665,5.0
2026-05-27 13:00:00,0.1071448333333333,0.0033053333333333,0.0455975,0.0147138333333333,31.576547333333338,34.419944666666666,6.4
2026-05-27 14:00:00,0.0668211666666666,-0.0035618333333333,0.0532139999999999,0.0148909999999999,25.667266333333338,37.734497833333336,6.1
2026-05-27 15:00:00,0.0350704999999999,-0.0025631666666666,0.0533176666666666,0.0250176666666666,20.554564166666665,38.95677583333333,5.8
2026-05-28 13:00:00,0.0234249999999999,0.005327,0.0393079999999999,0.0197463333333333,28.812134666666665,29.078326166666667,5.8
2026-05-28 19:00:00,0.0414295,0.0105083333333333,0.0365539999999999,0.0295141666666666,22.450297833333337,30.9769525,5.5
2026-05-28 20:00:00,0.0562246666666666,0.0149861666666666,0.0322251666666666,0.0339965,23.962381833333332,30.072995333333335,5.9
2026-05-29 12:00:00,0.0288046666666667,0.0085979999999999,0.0349435,0.0179149999999999,34.811468166666664,23.339370833333337,4.6
2026-05-29 13:00:00,0.0098931666666666,0.0051226666666666,0.0377183333333333,0.0187818333333333,26.725685833333333,26.024841333333335,5.6
2026-05-29 15:00:00,0.0079428333333333,0.0042631666666667,0.039111,0.0250623333333333,20.3415915,29.453121666666668,5.2
2026-05-29 18:00:00,0.0224705,0.0075871666666666,0.0379318333333333,0.0298963333333333,17.844934,32.841459,5.3
2026-05-31 12:00:00,0.0297284999999999,0.0070666666666667,0.0357381666666666,0.0154826666666667,40.28037916666667,20.303780166666662,4.0
2026-05-31 13:00:00,0.0029391666666666,0.0032439999999999,0.0390479999999999,0.0133585,28.174693,25.130817333333333,5.4
2026-05-31 14:00:00,0.0036598333333333,0.0025766666666666,0.0387331666666667,0.0178844999999999,22.995244,27.116884166666665,5.2
2026-05-31 15:00:00,0.0011261666666667,0.002719,0.0395723333333333,0.021261,19.90922116666667,29.472255166666667,5.2
2026-05-31 16:00:00,0.0134761016949152,0.0038886440677965,0.0396371186440678,0.0253445762711864,18.11302186440678,31.57193033898305,5.3
2026-05-31 17:00:00,0.0189951666666666,0.0054353333333333,0.0383633333333333,0.027958,16.841860166666667,32.88524666666667,5.4
