datetime_utc,co_wrk_aux,no2_wrk_aux,no_wrk_aux,o3_wrk_aux,rh,temp,pha_quant_no2
2025-11-07 09:00:00,0.125037,0.0105939999999999,-0.0010189999999999,0.0228468333333333,69.7584675,0.5433606666666667,23.2
2025-11-07 10:00:00,0.0957896666666666,0.0100648333333333,-0.0052114999999999,0.0217458333333333,69.48337016666666,0.4608503333333333,22.1
2025-11-08 19:00:00,0.0377379999999999,-0.0043951666666666,0.0069733333333333,0.0159894999999999,25.552093166666666,27.6261845,5.8
2025-11-19 23:00:00,0.2948568333333333,0.0165363333333333,0.0028961666666666,0.0272003333333333,48.263436166666665,3.9891278333333338,37.0
2025-11-20 00:00:00,0.2644865,0.0150166666666666,0.0012613333333333,0.0257676666666666,54.1643775,2.7561675,32.8
2025-11-20 04:00:00,0.1687956666666666,0.0107941666666666,-0.002359,0.0210775,67.81962166666666,-0.375968,23.4
2025-11-20 05:00:00,0.1405068333333333,0.0091766666666666,-0.003834,0.0203879999999999,69.096807,-0.7086395,21.8
2025-11-21 07:00:00,0.1711288333333333,0.0073243333333333,0.0042461666666666,0.0177403333333333,81.7474145,-0.512169,17.0
2025-11-21 09:00:00,0.1819008333333333,0.0065093333333333,0.0082913333333333,0.0167559999999999,82.57311083333333,-0.971163,15.8
2025-11-21 10:00:00,0.1998731666666666,0.0063975,0.0132796666666666,0.0161123333333333,82.15825,-1.0550565,15.6
2025-11-23 09:00:00,0.1362594999999999,0.0070925,0.0010593333333333,0.0175775,85.13871083333333,-1.5704105,16.1
2025-11-23 10:00:00,0.1345155,0.006603,0.001931,0.0170265,85.2392535,-2.059744333333333,15.2
2025-11-23 11:00:00,0.1490293333333333,0.0065361666666666,0.0035476666666666,0.0169916666666666,85.12417016666667,-2.2281795,15.2
2025-11-23 12:00:00,0.2128133333333333,0.0054291666666667,0.0104206666666666,0.0157783333333333,65.878901,3.5274015,16.6
2025-11-23 13:00:00,0.2650668333333333,0.0038793333333332,0.0179421666666667,0.0074485,38.12757,12.350114166666668,19.4
2025-11-30 03:00:00,0.2321993333333333,0.0120431666666666,0.0021014999999999,0.0235848333333333,57.0839085,-0.6720846666666667,30.6
2025-11-30 04:00:00,0.1568481666666666,0.0108021666666666,-0.0055853333333333,0.0226466666666667,54.63688833333333,0.530977,27.9
2025-11-30 05:00:00,0.1184724999999999,0.0097329999999999,-0.007386,0.0227948333333333,53.346102,0.904744,25.4
2025-11-30 06:00:00,0.1321313333333333,0.0095846666666666,-0.007352,0.0220358333333333,52.921353333333336,1.3141201666666666,25.5
2025-11-30 07:00:00,0.1504974999999999,0.0103038333333333,-0.0038631666666666,0.021202,54.30432,1.148418333333333,27.2
2025-11-30 08:00:00,0.2324605,0.0111701666666667,0.0075311666666666,0.0206559999999999,57.747324166666665,1.054495,28.5
2025-11-30 09:00:00,0.1744138333333333,0.0100431666666666,0.0009231666666666,0.0198753333333333,57.694525666666664,1.4571191666666667,26.1
2025-12-02 04:00:00,0.2162655,0.0112186666666666,0.0040351666666666,0.0218264999999999,62.97949216666667,-1.50952,26.8
2025-12-02 05:00:00,0.1853734999999999,0.0103756666666666,0.0024508333333332,0.021104,65.033838,-1.8659998333333336,25.3
2025-12-02 06:00:00,0.1604435,0.0096005,0.0001103333333333,0.0204958333333333,65.34396233333334,-1.409711,23.5
2025-12-02 07:00:00,0.139706,0.0092256666666666,-0.0028256666666666,0.0195091666666666,59.942407333333335,0.0428316666666666,23.9
2025-12-02 11:00:00,0.1178005,0.009193,-0.0053825,0.0201783333333333,55.9852185,2.34364,24.3
2025-12-02 21:00:00,0.1293423333333332,0.0112219999999999,-0.0060466666666667,0.0223218333333333,86.46080766666667,4.83569,22.9
2025-12-02 22:00:00,0.0899309999999999,0.0091158333333333,-0.0075895,0.0221864999999999,86.4570775,4.199021666666667,18.4
2025-12-04 01:00:00,0.2009936666666666,0.0125875,-0.0026268333333333,0.0243053333333333,64.88651133333333,1.0379688333333337,26.9
2025-12-04 03:00:00,0.1853119999999999,0.0116973333333333,-0.0011096666666666,0.0221716666666666,72.419481,-0.5922345,25.2
2025-12-04 04:00:00,0.1761693333333333,0.0111001666666666,-0.0011863333333333,0.0219861666666666,75.1803575,-0.9225175,24.4
2025-12-04 06:00:00,0.1390965,0.0093498333333333,-0.0038258333333333,0.0204274999999999,68.505318,0.4994741666666666,22.2
2025-12-05 06:00:00,0.033189,0.0058368333333333,-0.0090093333333333,0.0290008333333333,32.79640366666667,-6.847886,19.9
2025-12-05 07:00:00,0.0302531666666666,0.0058154999999999,-0.0092205,0.0286466666666666,34.526256333333336,-7.690931166666667,19.9
2025-12-05 08:00:00,0.0271023333333333,0.0056368333333333,-0.0092988333333333,0.0283904999999999,32.9532425,-8.394576166666667,19.8
2025-12-05 09:00:00,0.0327683333333332,0.0060906666666666,-0.0093733333333333,0.0275858333333333,35.96319483333333,-9.070098666666668,20.6
2025-12-05 10:00:00,0.0390474999999999,0.0060563333333333,-0.0096224999999999,0.0271976666666666,37.599321833333335,-9.478144,20.4
2025-12-05 11:00:00,0.0473528333333333,0.0061053333333333,-0.0094903333333333,0.0265571666666666,38.34211583333333,-9.737066833333332,20.6
2025-12-05 12:00:00,0.0685893333333333,0.0056501666666666,-0.0069926666666666,0.025713,33.962730666666666,-7.446536333333333,22.1
2025-12-06 06:00:00,0.1221313333333332,0.0084329999999999,-0.0087878333333333,0.0242264999999999,54.163237,0.1589748333333333,22.2
2025-12-06 07:00:00,0.1063174999999999,0.0084453333333333,-0.0085446666666667,0.0237698333333333,54.61558,0.4757195,22.7
2025-12-06 08:00:00,0.1002593333333332,0.0085291666666666,-0.0084163333333333,0.0225043333333333,55.1863535,0.6030371666666666,23.0
2025-12-06 09:00:00,0.1182408333333333,0.008721,-0.0080115,0.0211138333333333,55.536453,0.7238848333333333,24.1
2025-12-06 11:00:00,0.1425604999999999,0.0091658333333333,-0.0064163333333333,0.0201569999999999,58.65007416666667,1.0645205,24.2
2025-12-06 15:00:00,0.1807093333333332,0.0105103333333332,0.0023606666666666,0.0205254999999999,52.5034615,6.8032216666666665,27.0
2025-12-07 00:00:00,0.2233378333333334,0.0110796666666666,0.0005061666666666,0.0228606666666666,77.32573533333333,1.6714118333333334,24.2
2025-12-07 03:00:00,0.1939333333333333,0.0094908333333333,-0.0013803333333333,0.0197664999999999,75.942753,0.7509215,22.5
2025-12-07 04:00:00,0.2154853333333333,0.009311,0.0001606666666666,0.0193961666666667,78.47880783333333,-0.4547395,22.4
2025-12-09 01:00:00,0.0471326666666667,0.0071983333333333,-0.0089781666666666,0.0275421666666667,31.28959233333333,-4.893446666666667,23.7
2025-12-09 02:00:00,0.045524,0.0072408333333333,-0.0093623333333333,0.0273,33.31663666666667,-5.672523333333333,23.4
2025-12-09 03:00:00,0.0443166666666666,0.0070973333333333,-0.0095091666666666,0.0267391666666666,35.762395166666664,-6.599107666666667,23.4
2025-12-09 04:00:00,0.0444711666666666,0.0071548333333333,-0.0096184999999999,0.0262671666666666,37.8860355,-7.465296166666667,23.5
2025-12-09 05:00:00,0.0459844999999999,0.0068545,-0.0095645,0.0261841666666666,39.299045,-7.870879666666666,22.3
2025-12-09 06:00:00,0.0469046666666667,0.0069748333333333,-0.0096006666666666,0.0257473333333333,41.114336,-8.047835166666667,22.1
2025-12-09 07:00:00,0.0434496666666666,0.0068641666666666,-0.0095755,0.0252968333333333,45.372333833333336,-8.388031166666666,21.4
2025-12-09 08:00:00,0.0409528333333333,0.0066491666666666,-0.0090348333333333,0.0254763333333333,45.901346333333336,-8.513319166666667,20.7
2025-12-09 09:00:00,0.0412541666666667,0.0065356666666666,-0.0084863333333333,0.0254476666666666,44.74790516666667,-8.657534333333333,20.6
2025-12-09 10:00:00,0.051271,0.0067435,-0.0082404999999999,0.0244483333333333,47.73551466666667,-9.219935666666666,20.8
2025-12-09 11:00:00,0.0706261666666666,0.0072063333333333,-0.0068861666666666,0.02255,50.328795,-9.6332135,22.5
2025-12-09 12:00:00,0.1114686666666666,0.0067665,-0.0045319999999999,0.021959,45.2043305,-6.9983755,23.4
2025-12-13 10:00:00,0.0763224999999999,0.0081866666666666,-0.0084028333333333,0.0242949999999999,58.41282233333333,-3.263875,22.2
2025-12-13 12:00:00,0.1555755,0.0098014999999999,-0.00128,0.020828,56.50055066666667,-1.8648236666666669,27.8
2025-12-13 13:00:00,0.1670258333333333,0.0097185,0.0018291666666666,0.0206649999999999,51.330965,0.5106898333333333,28.1
2025-12-14 06:00:00,0.0719468333333333,0.0089896666666666,-0.0084028333333333,0.0263093333333333,69.532051,2.6727833333333333,19.0
2025-12-14 07:00:00,0.0781678333333333,0.0087014999999999,-0.0088461666666666,0.0255673333333333,74.7668795,2.5385828333333333,17.8
2025-12-14 08:00:00,0.0880358333333333,0.0087108333333333,-0.0080403333333333,0.0236606666666666,75.69933466666667,2.686136,18.8
2025-12-14 09:00:00,0.1202913333333333,0.0084305,-0.0082399999999999,0.0225093333333333,75.76136983333333,2.7352731666666665,18.6
2025-12-14 10:00:00,0.0897066666666666,0.0081603333333333,-0.0081293333333333,0.0219515,75.29280283333334,2.9481311666666667,17.7
2025-12-15 06:00:00,0.0219756666666666,0.0056335,-0.0080968333333333,0.0256974999999999,49.830873833333335,-6.967218666666667,16.7
2025-12-16 11:00:00,0.1087401666666666,0.0082734999999999,-0.0066943333333333,0.0211256666666666,52.005932333333334,-1.6976723333333334,24.2
2025-12-16 12:00:00,0.1197366666666667,0.0079903333333333,-0.0054393333333332,0.0211178333333333,51.2428705,-1.4393945,22.4
2025-12-16 14:00:00,0.1021025,0.0057539999999999,0.0019964999999999,0.0184901666666666,31.657197,8.027510833333334,23.1
2025-12-16 22:00:00,0.1013343333333333,0.0110136666666667,-0.0086538333333333,0.0284631666666666,46.006215,0.281681,26.7
2025-12-16 23:00:00,0.1319143333333333,0.0114428333333333,-0.0065783333333333,0.0257636666666666,50.543531,-0.6931308333333334,30.1
2025-12-17 00:00:00,0.1461941666666666,0.0111091666666666,-0.0054446666666666,0.0246178333333333,52.7749675,-0.9941045,29.2
2025-12-17 01:00:00,0.1600101666666666,0.0116741666666667,-0.0003871666666667,0.0229874999999999,54.5744445,-0.8985496666666667,30.8
2025-12-17 03:00:00,0.1176726666666666,0.0102611666666667,-0.0060093333333333,0.0225491666666666,58.36018816666667,-1.1557296666666663,27.0
2025-12-17 04:00:00,0.0893254999999999,0.0094143333333333,-0.0071768333333333,0.0240884999999999,59.4961645,-1.0282033333333334,24.8
2025-12-17 05:00:00,0.0836841666666667,0.0087418333333333,-0.0071768333333333,0.0242823333333333,58.295881333333334,-0.6199945,21.9
2025-12-17 06:00:00,0.0803091666666667,0.0082185,-0.0081813333333333,0.0232156666666666,57.849044666666664,-0.8556648333333333,22.2
2025-12-17 07:00:00,0.0765431666666666,0.0076964999999999,-0.0074771666666666,0.0225005,53.66499233333333,-0.280999,21.9
2025-12-17 08:00:00,0.0792768333333333,0.0081983333333333,-0.0077566666666666,0.0225968333333332,56.226283333333335,0.043876,22.5
2025-12-17 09:00:00,0.0893851666666666,0.0082174999999999,-0.0073686666666666,0.0219076666666666,57.0036935,0.1793855,23.3
2025-12-17 10:00:00,0.0953359999999999,0.0083048333333333,-0.0068205,0.021453,55.8048505,0.2166903333333333,23.7
2025-12-17 11:00:00,0.1325908333333332,0.0093833333333332,-0.00276,0.0206945,56.412305,0.067661,26.6
2025-12-17 23:00:00,0.1122673333333333,0.0119401666666666,-0.0076341666666666,0.025715,53.763988,6.3122735,29.2
2025-12-18 00:00:00,0.1408681666666666,0.0123373333333333,-0.0056773333333333,0.0242528333333333,56.74820316666666,5.310840833333334,30.8
2025-12-18 01:00:00,0.1332741666666667,0.0112953333333333,-0.0045561666666666,0.0241266666666666,57.523447166666664,4.954870833333334,28.2
2025-12-18 09:00:00,0.1768111666666667,0.0103036666666666,0.005022,0.0204096666666666,75.25444183333333,-0.5921763333333333,24.9
2025-12-22 23:00:00,0.1303833333333334,0.0108151666666667,-0.0079555,0.027179,44.576918666666664,-0.0870625,29.6
2025-12-23 00:00:00,0.1000095,0.0099199999999999,-0.0079653333333333,0.0274293333333333,45.880094666666665,0.0379086666666666,27.1
2025-12-23 01:00:00,0.0979041666666666,0.0095991666666666,-0.0078503333333333,0.0269286666666666,48.24447516666667,-0.0848885,26.0
2025-12-23 11:00:00,0.2840673333333333,0.0097906666666666,0.0132073333333333,0.0181784999999999,55.375753333333336,1.5825813333333334,27.2
2025-12-23 12:00:00,0.2893166666666666,0.0098213333333333,0.0138711666666666,0.0171566666666666,50.8661025,3.015331833333333,28.1
2025-12-23 13:00:00,0.0774206666666667,0.0079863333333333,-0.0074498333333333,0.0243445,52.261586,4.6496075,20.9
2025-12-23 14:00:00,0.0674958333333333,0.0084213333333333,-0.0079964999999999,0.0270936666666666,57.746502166666666,5.347221666666667,20.2
2025-12-25 04:00:00,0.1220441666666666,0.0081555,-0.0073778333333333,0.0217403333333333,67.487763,-1.8868085,20.1
2025-12-25 05:00:00,0.1490355,0.0084733333333333,-0.0038886666666666,0.0203206666666666,68.64442633333333,-1.5423903333333333,21.5
2025-12-25 06:00:00,0.0985508333333333,0.0072118333333333,-0.0069354999999999,0.0206533333333333,64.8985925,-0.620802,18.7
2025-12-25 07:00:00,0.0817118333333333,0.0064448333333333,-0.0071163333333333,0.0209878333333333,62.365638,0.0909816666666666,16.9
2025-12-25 08:00:00,0.0726124999999999,0.0065206666666666,-0.0071108333333333,0.0213305,62.43719766666667,0.1048846666666666,17.3
2025-12-26 10:00:00,0.037738,0.0062659999999999,-0.0086304999999999,0.0278055,44.32322666666667,-8.362535166666667,19.7
2025-12-26 11:00:00,0.037411,0.0061333333333333,-0.0085636666666666,0.0275165,43.65147733333333,-8.796869333333333,19.6
2025-12-26 12:00:00,0.0381544999999999,0.0057465,-0.0079873333333333,0.0274846666666666,39.793747833333335,-7.607754,20.0
2025-12-26 13:00:00,0.0461311666666666,0.0056143333333333,-0.0069991666666666,0.0267908333333333,32.229973,-3.8057505,20.8
2025-12-27 06:00:00,0.1023164999999999,0.0089748333333333,-0.0092118333333333,0.027594,69.5425285,-4.7881015,19.8
2025-12-27 07:00:00,0.0968731666666666,0.0087008333333333,-0.0090606666666666,0.0267093333333333,70.05270349999999,-4.8332605,19.6
2025-12-27 08:00:00,0.1060413333333333,0.0084851666666666,-0.0087933333333333,0.0261506666666666,69.85264583333333,-4.654522166666666,19.4
2025-12-27 09:00:00,0.0836885,0.0083639999999999,-0.0088566666666666,0.0267066666666667,71.07259933333333,-4.4783125,18.5
2025-12-27 10:00:00,0.0811521666666666,0.0078773333333333,-0.008798,0.0262441666666666,69.74600716666667,-4.636182666666667,18.1
2025-12-28 00:00:00,0.2013766666666667,0.0111448333333333,0.0015571666666666,0.02205,72.98224016666667,-6.030233166666667,28.1
2025-12-28 01:00:00,0.1296818333333333,0.0098773333333333,-0.0058871666666666,0.0228176666666666,73.9927305,-5.813769166666667,24.1
2025-12-28 05:00:00,0.1089063333333333,0.0085298333333333,-0.0069945,0.0226394999999999,72.7977335,-5.9958345,21.4
2025-12-28 06:00:00,0.1709491666666666,0.0088648333333333,-0.0051948333333333,0.020044,74.168363,-7.172146333333333,23.7
2025-12-28 08:00:00,0.1392278333333333,0.0087353333333333,-0.0030895,0.0197496666666666,75.56324666666667,-8.232924,23.2
2025-12-28 09:00:00,0.0958813333333333,0.0085455,-0.0054086666666666,0.0206543333333333,74.19938116666667,-8.1680115,22.3
2025-12-28 10:00:00,0.0891333333333333,0.008603,-0.0060828333333333,0.0212123333333333,72.77889733333333,-8.011625500000001,22.4
2025-12-28 11:00:00,0.1049819999999999,0.0087094999999999,-0.0069385,0.0217703333333333,72.44503533333334,-7.740646833333333,22.3
2025-12-28 12:00:00,0.1499511666666666,0.0081046666666666,-0.0038951666666666,0.0207896666666667,66.86859416666667,-5.979421333333334,23.2
2025-12-28 13:00:00,0.1515751666666666,0.0061581666666666,-0.0019958333333333,0.0197321666666666,40.329688833333336,3.4366848333333335,21.9
2025-12-28 14:00:00,0.1220069999999999,0.0045656666666666,0.0001686666666666,0.0168416666666666,27.743557166666665,10.845452666666668,21.5
2025-12-31 11:00:00,0.0443671666666666,0.0082419999999999,-0.0075041666666667,0.0286748333333333,43.957240666666664,-3.008611833333333,22.7
2025-12-31 12:00:00,0.04652,0.0081998333333333,-0.0075826666666666,0.0286223333333333,44.2839375,-3.0274475,22.6
2026-01-01 01:00:00,0.0836216666666667,0.0090905,-0.0081981666666666,0.0279535,47.54998483333333,-2.0948975,24.0
2026-01-01 03:00:00,0.0692434999999999,0.0084449999999999,-0.0087503333333333,0.0274191666666666,53.895914833333336,-2.7367165,21.5
2026-01-01 04:00:00,0.0814316666666666,0.0086229999999999,-0.0070046666666666,0.0254499999999999,54.543102833333336,-2.2852805,23.0
2026-01-01 12:00:00,0.1120341666666666,0.0100538333333333,-0.0038976666666666,0.0229688333333333,75.25810333333334,2.2072105,21.9
2026-01-02 05:00:00,0.0304436666666667,0.0074871666666666,-0.0088059999999999,0.0289296666666666,44.47978366666667,-7.952682,20.8
2026-01-02 06:00:00,0.0282021666666666,0.0073196666666666,-0.0082078333333333,0.0289869999999999,42.20929233333333,-6.955569833333334,20.9
2026-01-02 07:00:00,0.0313861666666666,0.007203,-0.0083515,0.0288276666666666,41.112458,-6.3503205,21.1
2026-01-03 00:00:00,0.0499631666666666,0.0090698333333333,-0.0088778333333333,0.0304683333333333,50.109278,-4.898782166666667,22.7
2026-01-03 01:00:00,0.0655523333333333,0.0090948333333333,-0.0089976666666666,0.0288381666666666,52.29457383333333,-5.291575333333333,23.2
2026-01-03 02:00:00,0.0662753333333333,0.0087909999999999,-0.0087021666666666,0.0289798333333333,54.893275833333334,-5.691818333333333,21.8
2026-01-03 03:00:00,0.0543639999999999,0.0087346666666666,-0.0090173333333333,0.0296596666666666,57.72000083333333,-5.543471,20.5
2026-01-03 23:00:00,0.1061649999999999,0.0108503333333333,-0.0082906666666666,0.0287855,43.121967166666664,-0.7813735,28.8
2026-01-04 01:00:00,0.1035638333333333,0.0103778333333333,-0.008692,0.0270683333333333,47.654024,-2.126387,28.2
2026-01-04 02:00:00,0.0938981666666666,0.0097415,-0.0079311666666666,0.0269091666666666,46.614846,-1.42612,26.7
2026-01-04 03:00:00,0.0672451666666666,0.0091404999999999,-0.0083386666666666,0.0275471666666666,45.190900166666665,-1.106819166666667,24.6
2026-01-04 11:00:00,0.0726511666666667,0.0093508333333333,-0.0090918333333332,0.0296055,62.00218816666667,-1.3105101666666668,20.9
2026-01-04 12:00:00,0.0795426666666666,0.008998,-0.0087919999999999,0.029214,61.63817233333333,-1.4403013333333334,20.0
2026-01-04 13:00:00,0.074527,0.0089886666666667,-0.0087368333333333,0.0294674999999999,64.98533666666667,-0.9950526666666668,19.3
2026-01-06 08:00:00,0.1146336666666666,0.0083599999999999,-0.0080983333333333,0.0220936666666666,63.9613705,1.5705735,20.9
2026-01-06 09:00:00,0.08404,0.0078571666666666,-0.0081413333333333,0.0232053333333333,64.81475416666666,1.294526,19.0
2026-01-06 10:00:00,0.1006976666666667,0.0077336666666666,-0.0079496666666666,0.0226084999999999,65.81607233333334,1.1143893333333332,19.0
2026-01-06 12:00:00,0.1166155,0.0078131666666667,-0.0067414999999999,0.0210116666666666,66.01108166666667,1.0039116666666668,20.1
2026-01-06 13:00:00,0.1053793333333333,0.0074279999999999,-0.0049939999999999,0.0203951666666666,63.27273183333333,1.7947111666666666,20.3
2026-01-07 21:00:00,0.1270451666666667,0.0075925,-0.0054283333333333,0.0201476666666666,74.07634383333334,5.450105333333333,17.6
2026-01-08 13:00:00,0.500189,0.0097364999999999,0.0189248333333333,0.0159416666666666,66.6921105,6.4400995,25.2
2026-01-09 09:00:00,0.1973798333333333,0.0068821666666666,0.0120391666666666,0.0153888333333332,86.07234733333334,-1.800804,15.5
2026-01-09 10:00:00,0.229024,0.0069809999999999,0.0180503333333333,0.0151434999999999,86.17966833333334,-1.9088701666666668,15.7
2026-01-09 11:00:00,0.2739951666666667,0.0067691666666667,0.0237851666666666,0.0143453333333333,84.761123,-1.9303748333333333,15.7
2026-01-09 14:00:00,0.404658,0.0054698333333333,0.032138,0.002711,37.895460666666665,14.993527666666669,20.4
2026-01-13 01:00:00,0.0777238333333333,0.0108134999999999,-0.0085386666666666,0.029278,54.896145,1.6174716666666666,24.2
2026-01-13 02:00:00,0.0771821666666666,0.0103223333333333,-0.0085071666666666,0.028203,57.06318983333333,1.6628485,22.9
2026-01-13 03:00:00,0.0779723333333333,0.0100963333333333,-0.008466,0.0268229999999999,58.925341,1.5617503333333334,22.6
2026-01-13 04:00:00,0.0766785,0.0091578333333333,-0.0077476666666666,0.0259468333333333,56.669172333333336,2.2131225,21.3
2026-01-13 05:00:00,0.0675176666666666,0.0088118333333333,-0.0079843333333333,0.0254225,55.95892383333333,1.8108098333333331,20.3
2026-01-13 09:00:00,0.1013218333333333,0.0091261666666667,-0.0080413333333333,0.0222306666666666,60.675561333333334,-0.157925,21.8
2026-01-13 10:00:00,0.1000816666666666,0.0089529999999999,-0.0061091666666666,0.0219846666666666,61.50047583333333,-0.0422748333333333,22.2
2026-01-13 11:00:00,0.0880738333333333,0.0079178333333333,-0.0059696666666667,0.022413,55.8554425,1.427376,20.3
2026-01-17 02:00:00,0.0696208333333333,0.0087481666666666,-0.0072998333333333,0.0283998333333333,39.647160166666666,-1.7819573333333334,26.6
2026-01-17 03:00:00,0.0639339999999999,0.0085296666666666,-0.0076851666666666,0.0281125,40.71036933333333,-1.3829415,25.9
2026-01-17 04:00:00,0.0664855,0.0079791666666666,-0.0075331666666666,0.0266416666666666,39.205966833333335,0.6977483333333333,25.2
2026-01-17 05:00:00,0.0782756666666666,0.0085983333333333,-0.005525,0.0247818333333333,39.03195016666667,1.2219106666666666,27.3
2026-01-17 06:00:00,0.0905141666666667,0.0093706666666666,-0.0050006666666666,0.023501,41.037560166666665,1.318575,29.5
2026-01-17 13:00:00,0.1487954999999999,0.0099498333333333,-0.003119,0.0237728333333333,51.94405016666666,5.770342666666666,27.0
2026-01-18 05:00:00,0.1227316666666667,0.0084028333333333,-0.0066416666666667,0.0216361666666666,81.28221616666667,0.6805246666666667,18.7
2026-01-18 06:00:00,0.1534978333333333,0.008839,-0.0029616666666666,0.0193475,85.46117266666667,-0.3984073333333333,21.0
2026-01-18 09:00:00,0.1580486666666667,0.0081736666666666,-0.0005211666666666,0.0177066666666666,82.45065133333334,1.180417,19.7
2026-01-18 10:00:00,0.1391116666666667,0.0078043333333333,-0.0033765,0.0169776666666666,77.44213166666667,2.041189166666667,19.7
2026-01-18 12:00:00,0.1124968333333333,0.0075868333333333,-0.0056771666666666,0.0184531666666666,77.28811383333334,2.5423121666666666,17.1
2026-01-18 13:00:00,0.120186,0.0078945,-0.0044778333333333,0.0196503333333333,81.40368,2.6793576666666667,17.0
2026-01-18 14:00:00,0.131311,0.0083301666666666,-0.0042153333333333,0.0210768333333333,83.31193033333334,3.3851918333333333,16.8
2026-01-18 15:00:00,0.157449,0.008645,-0.0016868333333333,0.0198883333333333,79.56957816666666,4.668713833333333,18.6
2026-01-18 16:00:00,0.1643510169491525,0.0091396610169491,-0.0011769491525423,0.0193811864406779,77.28004288135594,4.938721525423729,20.0
2026-01-19 01:00:00,0.1192818333333333,0.0084139999999999,-0.0073701666666666,0.0218811666666666,87.862679,2.1679803333333334,16.7
2026-01-19 02:00:00,0.1421759999999999,0.0079759999999999,-0.006692,0.0200651666666666,88.297729,2.124613,16.6
2026-01-19 03:00:00,0.1373478333333333,0.0072311666666666,-0.0073888333333333,0.0201666666666666,88.42642483333333,2.035119,14.9
2026-01-19 13:00:00,0.1016386666666666,0.0076321666666666,-0.004475,0.021363,78.29706316666666,2.7051838333333333,16.4
2026-01-19 14:00:00,0.1035008333333333,0.0067441666666666,-0.0045443333333333,0.0204143333333333,73.5641225,3.765488,16.6
2026-01-19 23:00:00,0.0530825,0.0090914999999999,-0.0081916666666667,0.0268864999999999,68.211315,-1.7439553333333333,17.8
2026-01-20 00:00:00,0.0607501666666666,0.0092836666666666,-0.0073323333333333,0.0251591666666666,69.5322775,-2.314136333333334,19.3
2026-01-20 01:00:00,0.0789104999999999,0.0092879999999999,-0.0067518333333333,0.0240751666666666,72.09742783333333,-3.1804003333333335,19.7
2026-01-20 02:00:00,0.0944455,0.0094033333333333,-0.0058739999999999,0.0227211666666666,70.88130416666667,-3.5607203333333333,20.9
2026-01-20 03:00:00,0.0793301666666666,0.009176,-0.0060031666666666,0.0225943333333333,72.02735716666666,-3.5204573333333333,20.3
2026-01-20 04:00:00,0.0665608333333332,0.0082698333333333,-0.007396,0.0238094999999999,68.75742416666667,-2.63064,18.1
2026-01-20 05:00:00,0.0585871666666666,0.0079723333333333,-0.0075781666666666,0.0239323333333333,64.65664866666667,-1.8752178333333336,17.5
2026-01-20 06:00:00,0.0527544999999999,0.0081621666666666,-0.0076546666666666,0.0237238333333333,65.26116449999999,-2.617702333333334,17.7
2026-01-20 12:00:00,0.1241648333333332,0.0072966666666666,-0.0043311666666666,0.0230808333333333,68.24850633333334,-5.594795166666667,19.3
2026-01-21 00:00:00,0.0431246666666666,0.0081919999999999,-0.0082654999999999,0.0286595,37.8860125,-7.486752333333333,24.5
2026-01-21 01:00:00,0.0473014999999999,0.0079403333333333,-0.0087078333333333,0.0284106666666666,39.1833965,-8.131799333333333,23.8
2026-01-21 02:00:00,0.0662533333333332,0.0082391666666666,-0.0088291666666666,0.0266391666666666,42.326473166666666,-9.0055445,24.9
2026-01-21 03:00:00,0.0823165,0.0086714999999999,-0.0080103333333333,0.0248523333333333,48.527186666666665,-9.550463833333334,25.9
2026-01-21 04:00:00,0.053271,0.0075411666666667,-0.0088461666666666,0.0264206666666666,47.660941333333334,-9.595651333333333,22.1
2026-01-21 05:00:00,0.0543029999999999,0.0073113333333333,-0.0087868333333333,0.0259858333333333,48.20745516666667,-9.6634905,21.6
2026-01-21 06:00:00,0.0492978333333333,0.0070271666666666,-0.0087683333333333,0.0258108333333333,48.098892166666666,-9.895681666666666,21.2
2026-01-21 07:00:00,0.0476046666666666,0.0071323333333333,-0.0089778333333333,0.0257344999999999,49.293041,-10.126471,21.0
2026-01-21 08:00:00,0.0374176666666666,0.0068351666666666,-0.0085844999999999,0.0262879999999999,48.044099,-9.814598333333333,20.4
2026-01-21 09:00:00,0.03934,0.0070458333333333,-0.0086423333333333,0.0261956666666666,47.682405333333335,-9.521922166666666,20.8
2026-01-21 10:00:00,0.043056,0.0068408333333333,-0.0083756666666666,0.0255934999999999,47.681476,-9.772889166666667,20.6
2026-01-21 12:00:00,0.0908178333333333,0.0067401666666666,-0.0058721666666666,0.0239488333333333,45.11455133333333,-8.469830333333334,22.8
2026-01-21 13:00:00,0.079558,0.0059226666666666,-0.0050883333333333,0.0246493333333333,31.250544333333337,-1.313824,21.6
2026-01-21 14:00:00,0.0600871666666666,0.0053638333333333,-0.0036956666666666,0.0234956666666666,23.890537,3.6886206666666665,22.1
2026-01-22 23:00:00,0.0884501666666666,0.0123833333333333,-0.009297,0.0338796666666666,45.724023333333335,6.335321666666666,27.5
2026-01-23 00:00:00,0.0996648333333333,0.0121408333333333,-0.0087034999999999,0.0323304999999999,47.819063666666665,5.365805,27.0
2026-01-23 03:00:00,0.1458386666666666,0.0124478333333333,-0.0075319999999999,0.0251589999999999,60.5323075,1.4643521666666666,29.2
2026-01-23 04:00:00,0.20587,0.0125968333333333,-0.0018056666666667,0.0230035,63.91033516666667,1.005797,30.1
2026-01-23 05:00:00,0.153217,0.0115153333333333,-0.0053048333333333,0.0223261666666667,65.05104333333334,0.7042103333333334,27.5
2026-01-23 06:00:00,0.1482434999999999,0.0108364999999999,-0.0051268333333333,0.0214531666666666,66.0952915,0.4395061666666666,26.2
2026-01-25 19:00:00,0.080827,0.0095824999999999,-0.0087776666666666,0.0261111666666666,64.58065216666667,-9.524663,20.1
2026-01-25 20:00:00,0.0816358333333333,0.0098606666666666,-0.0089096666666667,0.0260011666666666,67.95313666666667,-9.096107333333332,20.4
2026-01-25 22:00:00,0.106495,0.0101361666666666,-0.0090725,0.0255739999999999,71.12813366666667,-7.559516666666667,20.9
2026-01-25 23:00:00,0.1124991666666666,0.010581,-0.0091096666666666,0.0265671666666666,73.74708483333333,-5.9661625,21.2
2026-01-26 00:00:00,0.1260303333333333,0.0113064999999999,-0.0094268333333333,0.0302531666666666,78.33706883333333,-3.641137,20.5
2026-01-26 18:00:00,0.0972658333333333,0.0087276666666666,-0.0065959999999999,0.0268616666666666,56.63805216666667,-2.272572333333333,20.1
2026-01-26 19:00:00,0.0782555,0.0090191666666666,-0.0072086666666666,0.0271323333333333,57.117650833333336,-2.4384971666666666,19.9
2026-01-26 20:00:00,0.0853293333333333,0.0095423333333333,-0.0076591666666666,0.0275303333333333,61.254706,-3.208969,20.3
2026-01-26 21:00:00,0.0681656666666666,0.0099091666666666,-0.0085016666666666,0.0284983333333333,69.89586933333334,-4.428517666666667,19.2
2026-01-26 22:00:00,0.0581028333333333,0.0098021666666666,-0.0088509999999999,0.0289543333333333,74.36845466666666,-4.834112166666666,18.2
2026-01-26 23:00:00,0.0646941666666667,0.009751,-0.0084898333333333,0.0282548333333333,75.29653666666667,-4.6112478333333335,18.8
2026-01-27 00:00:00,0.0639251666666666,0.0096809999999999,-0.008147,0.0276049999999999,75.34667566666667,-3.985882833333333,18.6
2026-01-27 09:00:00,0.0214644999999999,0.0078573333333333,-0.0081239999999999,0.0264298333333333,54.581408333333336,-10.794506166666666,18.8
2026-01-27 11:00:00,0.0325868333333332,0.0083541666666666,-0.0075959999999999,0.0251026666666666,56.99575383333333,-11.966475,19.6
2026-01-27 12:00:00,0.0641038333333333,0.0074306666666666,-0.006787,0.0251369999999999,51.949734166666666,-9.348673,19.8
2026-01-27 22:00:00,0.0564874999999999,0.0124233333333333,-0.0098114999999999,0.0332576666666666,56.22327466666667,-4.418969,25.1
2026-01-29 00:00:00,0.0755653333333333,0.0103091666666666,-0.0088401666666667,0.0271648333333333,43.247378166666664,-5.3587595,27.2
2026-01-29 05:00:00,0.0960016666666667,0.0103338333333333,-0.005641,0.0218406666666666,59.14047333333333,-10.238478833333334,26.5
2026-01-29 06:00:00,0.0776654999999999,0.0097838333333333,-0.0078401666666667,0.0224571666666666,58.5757135,-10.680519333333333,24.5
2026-01-29 07:00:00,0.0647659999999999,0.0095523333333333,-0.0085626666666666,0.0236733333333333,58.441095833333335,-10.5914315,22.8
2026-01-29 08:00:00,0.0512325,0.0091061666666666,-0.0091045,0.02474,58.2048525,-10.477911,21.0
2026-01-29 09:00:00,0.0614463333333332,0.0093064999999999,-0.0085373333333333,0.0240205,59.804778166666665,-10.783002833333333,21.8
2026-01-29 10:00:00,0.0530494999999999,0.0089811666666666,-0.0092188333333333,0.0249426666666666,60.895720833333336,-11.074198166666667,20.0
2026-01-30 04:00:00,0.0281736666666666,0.0085884999999999,-0.0086503333333333,0.0279461666666666,43.753454166666664,-8.680099666666667,21.6
2026-01-30 05:00:00,0.0238011666666666,0.0082853333333333,-0.0095695,0.0281556666666666,41.151413166666664,-9.4000595,20.9
2026-01-30 06:00:00,0.0210989999999999,0.0084961666666666,-0.0090244999999999,0.0280596666666667,44.59445916666667,-10.210534166666667,20.8
2026-01-30 07:00:00,0.0209885,0.0085223333333332,-0.0091236666666666,0.0276553333333333,48.08601083333333,-10.956917833333334,20.4
2026-01-30 08:00:00,0.0222509999999999,0.0084113333333333,-0.0091673333333333,0.027139,48.80870566666667,-11.476126333333331,20.1
2026-01-30 09:00:00,0.0188856666666666,0.0081769999999999,-0.0087306666666666,0.0273876666666666,45.97823616666667,-11.7121475,19.8
2026-01-30 10:00:00,0.0188188333333333,0.0079911666666666,-0.0086063333333333,0.027041,42.90113016666667,-12.110812666666666,20.1
2026-01-30 23:00:00,0.0408171666666666,0.0094326666666666,-0.0085726666666666,0.02881,39.4163805,-9.7057265,24.3
2026-01-31 00:00:00,0.0348308333333333,0.0090706666666666,-0.0091478333333333,0.0286018333333333,41.101248,-10.246512166666667,23.1
2026-01-31 01:00:00,0.0364621666666666,0.0089623333333332,-0.0094013333333333,0.0278846666666666,43.24592233333333,-10.858111166666667,22.7
2026-01-31 02:00:00,0.034495,0.0088268333333333,-0.0096118333333333,0.0273706666666666,45.16395083333333,-11.5059955,22.0
2026-01-31 03:00:00,0.0543329999999999,0.0087808333333333,-0.0097441666666666,0.0265171666666667,47.36083166666667,-12.108416666666669,22.3
2026-01-31 04:00:00,0.062506,0.0086479999999999,-0.0099976666666666,0.0261638333333333,49.64785966666667,-12.657314,22.2
2026-01-31 05:00:00,0.0535236666666666,0.0087668333333333,-0.0097733333333333,0.0257241666666666,50.322280166666665,-12.819261,22.5
2026-01-31 06:00:00,0.0382563333333333,0.0084791666666667,-0.0098851666666666,0.026799,50.621524666666666,-13.072573,20.6
2026-01-31 07:00:00,0.0393496666666666,0.0084916666666666,-0.0097634999999999,0.0260041666666666,51.900596166666666,-13.383218666666666,20.9
2026-01-31 10:00:00,0.1524488333333333,0.0105546666666666,0.0154176666666666,0.0214078333333332,62.32723333333333,-15.083158833333334,27.8
2026-01-31 11:00:00,0.1359256666666666,0.0104949999999999,0.0142476666666666,0.0218761666666666,63.051483,-15.2432655,27.3
2026-01-31 12:00:00,0.1136738333333333,0.0098933333333333,0.0068065,0.0230916666666666,60.668308333333336,-14.227049,25.4
2026-01-31 13:00:00,0.134774,0.0068241666666666,8.483333333336729e-05,0.0241596666666666,39.15494733333333,-4.707471166666667,22.5
2026-01-31 14:00:00,0.0740531666666666,0.0061786666666666,-0.0066523333333333,0.0245641666666666,24.323509833333333,2.5089206666666666,20.3
2026-01-31 22:00:00,0.0795936666666666,0.0126193333333333,-0.0077939999999999,0.0316961666666666,46.421624,-5.266780166666667,29.5
2026-01-31 23:00:00,0.1315216666666667,0.0121063333333333,-0.0080316666666666,0.0289905,52.2416855,-6.6227365,29.7
2026-02-01 00:00:00,0.1788831666666666,0.0127373333333333,-0.0003618333333333,0.025801,56.0732795,-7.470015333333333,32.9
2026-02-01 01:00:00,0.1662556666666667,0.0125516666666666,0.0031091666666666,0.0248871666666666,57.188471666666665,-8.306241166666666,32.2
2026-02-01 02:00:00,0.145963,0.0111991666666667,-0.003226,0.0247903333333333,56.39253933333333,-8.940339666666667,28.3
2026-02-01 03:00:00,0.0853508333333332,0.0091091666666666,-0.0097061666666666,0.028196,48.76275733333333,-8.408245333333333,21.4
2026-02-01 04:00:00,0.0630966666666666,0.0084858333333333,-0.0098608333333333,0.0293604999999999,47.947076333333335,-9.218920333333331,19.8
2026-02-01 23:00:00,0.0399005,0.008958,-0.0085923333333333,0.0312433333333333,40.20499516666667,-4.2747855,22.9
2026-02-02 01:00:00,0.0406693333333333,0.0087575,-0.0088223333333333,0.0314154999999999,41.71112133333333,-4.819681666666667,22.2
2026-02-02 02:00:00,0.035631,0.0087541666666666,-0.009014,0.0311675,42.580345666666666,-4.983135333333333,21.9
2026-02-02 03:00:00,0.0323723333333333,0.0087843333333333,-0.008997,0.0307173333333333,43.40928366666667,-5.591994,21.8
2026-02-02 05:00:00,0.026725,0.0085419999999999,-0.0089193333333333,0.031221,42.04355366666667,-6.6528395,21.5
2026-02-02 06:00:00,0.0298653333333333,0.0086818333333333,-0.0089115,0.0313803333333333,41.386098833333335,-6.682848166666667,21.8
2026-02-02 07:00:00,0.0272683333333333,0.0086729999999999,-0.009039,0.0315269999999999,40.749517,-6.480396666666667,22.1
2026-02-02 08:00:00,0.0269479999999999,0.0086078333333333,-0.0090034999999999,0.0315909999999999,40.1239065,-6.210359166666667,21.9
2026-02-02 09:00:00,0.0272499999999999,0.0087693333333332,-0.0089571666666666,0.0310421666666666,40.25245833333333,-6.372053333333334,22.5
2026-02-02 10:00:00,0.0401114999999999,0.008983,-0.0089059999999999,0.0302059999999999,40.803732,-6.954384166666666,23.3
2026-02-02 11:00:00,0.0563548333333333,0.0094321666666666,-0.0088991666666666,0.0285373333333333,42.936190333333336,-7.765333833333333,24.9
2026-02-02 12:00:00,0.1016231666666666,0.0092493333333333,-0.0063035,0.0275473333333333,42.60800416666667,-7.147039833333333,25.9
2026-02-02 13:00:00,0.0727653333333333,0.0072766666666667,-0.0038826666666667,0.0272744999999999,28.018005333333335,1.4941863333333334,25.1
2026-02-03 04:00:00,0.0688126666666666,0.0102511666666667,-0.009711,0.0303563333333333,39.788829666666665,-4.1817831666666665,27.7
2026-02-03 05:00:00,0.0597763333333332,0.0103134999999999,-0.0092111666666666,0.0300908333333333,41.7593895,-4.547468,27.5
2026-02-03 06:00:00,0.0546106666666666,0.0097543333333333,-0.0093688333333333,0.0304466666666666,44.136674666666664,-5.1946405,25.7
2026-02-03 07:00:00,0.0480891666666666,0.0096131666666666,-0.009346,0.0305455,45.948169666666665,-5.618143666666667,24.5
2026-02-03 08:00:00,0.0562473333333333,0.0095734999999999,-0.009497,0.0300303333333333,47.297424,-6.062662333333333,24.2
2026-02-03 09:00:00,0.06938,0.0099481666666666,-0.0090876666666666,0.0281809999999999,49.770856,-6.938057166666667,25.5
2026-02-03 10:00:00,0.108844,0.0102551666666666,-0.0086528333333333,0.0258696666666666,52.50475816666667,-7.858048833333333,27.0
2026-02-03 11:00:00,0.1819851666666666,0.0111521666666666,0.0002341666666667,0.0232474999999999,56.437684,-8.823327,30.3
2026-02-03 12:00:00,0.2087203333333333,0.0101706666666666,0.0057428333333333,0.0232658333333333,48.5702635,-5.291268,30.3
2026-02-03 13:00:00,0.1543203333333332,0.0077729999999999,-0.0003845,0.0219818333333333,26.771730833333333,4.9435475,27.2
2026-02-03 23:00:00,0.089905,0.0123331666666666,-0.0086471666666666,0.03267,35.67394266666667,-0.5740223333333333,30.7
2026-02-04 00:00:00,0.0757226666666666,0.0115,-0.0097228333333333,0.0339634999999999,38.326251666666664,-1.2036051666666667,28.2
2026-02-04 01:00:00,0.0644881666666666,0.0113371666666666,-0.0096614999999999,0.0347419999999999,41.732761333333336,-1.5499221666666667,26.9
2026-02-04 05:00:00,0.0862995,0.0108571666666666,-0.0092821666666667,0.0316453333333333,51.551786,-3.533376,24.6
2026-02-04 06:00:00,0.0562623333333333,0.010203,-0.0091208333333333,0.0326794999999999,51.78188316666667,-3.4823523333333335,22.6
2026-02-04 07:00:00,0.0511923333333332,0.0100795,-0.0091051666666666,0.031832,52.3065825,-4.031237833333333,22.6
2026-02-04 08:00:00,0.0552876666666667,0.0098823333333333,-0.0089004999999999,0.030285,53.890811166666666,-4.538414166666667,22.8
2026-02-04 09:00:00,0.0752526666666666,0.0094345,-0.0082369999999999,0.029041,52.07769833333333,-3.2915325,23.2
2026-02-04 12:00:00,0.1302928333333333,0.0093736666666666,-0.0047424999999999,0.0245246666666666,49.160782166666664,-1.0830638333333331,25.5
2026-02-05 00:00:00,0.0928443333333333,0.0102633333333332,-0.0091706666666666,0.0291318333333333,46.069260666666665,-3.0592698333333335,25.8
2026-02-05 01:00:00,0.0752996666666667,0.0101458333333333,-0.0086218333333333,0.0285913333333333,48.13103666666667,-3.515253,25.5
2026-02-05 02:00:00,0.0693109999999999,0.0098226666666667,-0.008864,0.0286798333333333,49.514996,-3.7355043333333335,23.8
2026-02-05 04:00:00,0.0673143333333333,0.009663,-0.0087526666666666,0.0274148333333333,53.3640135,-4.435182833333333,23.5
2026-02-05 05:00:00,0.0634843333333333,0.0095311666666667,-0.0088681666666666,0.0276913333333333,55.52755233333333,-4.934327333333333,22.2
2026-02-05 06:00:00,0.0677016666666666,0.0093329999999999,-0.0091133333333333,0.0275535,58.024858333333334,-5.594660333333334,21.4
2026-02-05 08:00:00,0.0868536666666666,0.0095638333333333,-0.0087681666666666,0.0244618333333333,63.792177333333335,-7.169916333333333,22.8
2026-02-05 10:00:00,0.0939588333333333,0.0094158333333333,-0.0081606666666666,0.0237315,68.98788766666667,-8.154516,22.1
2026-02-05 11:00:00,0.178295,0.0102808333333332,0.0057726666666667,0.0220328333333333,71.46007716666666,-8.627133666666667,26.1
2026-02-05 13:00:00,0.2229411666666666,0.0070004999999999,0.0038814999999999,0.0185648333333333,33.97757883333333,5.4240815,24.5
2026-02-06 00:00:00,0.2634735,0.0151691666666666,0.0129541666666666,0.0270034999999999,55.613603833333336,-3.126234833333333,37.8
2026-02-06 01:00:00,0.1712573333333333,0.0134603333333332,-0.0007191666666667,0.0258321666666666,57.587576166666665,-4.1351785,33.2
2026-02-06 02:00:00,0.1603726666666666,0.0130953333333333,-0.0031996666666666,0.0249478333333333,58.55993333333333,-5.053884833333333,30.5
2026-02-06 03:00:00,0.1528755,0.0129135,-0.0005518333333333,0.0244723333333333,58.66952966666667,-5.712572833333334,30.5
2026-02-06 04:00:00,0.2006666666666666,0.013077,0.0050176666666666,0.0236243333333333,61.16942983333333,-6.548074,31.1
2026-02-06 05:00:00,0.1594134999999999,0.0123828333333333,0.0039371666666666,0.0230671666666666,62.19742983333333,-7.177828666666667,28.9
2026-02-06 06:00:00,0.1131236666666666,0.011238,-0.0039063333333333,0.0225111666666666,62.494589166666664,-8.149935,26.2
2026-02-06 07:00:00,0.1016583333333333,0.0107726666666666,-0.0050945,0.0225341666666666,63.009617666666664,-8.650981333333334,24.9
2026-02-06 08:00:00,0.0797301666666666,0.0100391666666666,-0.0085218333333333,0.0236604999999999,59.394596666666665,-8.222014,23.3
2026-02-06 09:00:00,0.0730926666666666,0.0098741666666666,-0.0089624999999999,0.0242241666666666,56.2383905,-7.695290666666667,23.0
2026-02-06 10:00:00,0.0783844999999999,0.0097273333333333,-0.0088973333333333,0.0242581666666666,55.33998233333333,-7.610032333333333,23.0
2026-02-06 11:00:00,0.0895383333333333,0.0100501666666666,-0.0080206666666666,0.0238488333333333,55.8426865,-7.503015666666666,24.1
2026-02-06 12:00:00,0.0929794999999999,0.0093121666666666,-0.0072324999999999,0.0249021666666666,53.34457,-6.475624166666667,22.4
2026-02-06 13:00:00,0.1092466666666666,0.0073063333333333,-0.0034105,0.024232,41.92238716666667,-0.6520681666666667,22.9
2026-02-06 23:00:00,0.0849649999999999,0.0111379999999999,-0.0087065,0.0303116666666666,59.5379135,0.3563785,24.3
2026-02-07 02:00:00,0.0559898333333334,0.0102268333333332,-0.0073039999999999,0.0301658333333333,56.58032016666667,0.5961128333333333,22.8
2026-02-07 03:00:00,0.0716488333333332,0.0105513333333333,-0.0067556666666666,0.0288718333333333,57.89695583333333,0.6447711666666667,24.3
2026-02-07 04:00:00,0.0762048333333332,0.01066,-0.0078646666666666,0.0272618333333333,59.145437,0.4556778333333333,25.0
2026-02-08 00:00:00,0.0226998333333333,0.0073203333333333,-0.007964,0.0262621666666666,51.29775683333333,-9.6362115,18.3
2026-02-08 01:00:00,0.0189936666666666,0.0070891666666666,-0.0083044999999999,0.0262706666666666,49.99348966666667,-10.711399166666666,18.2
2026-02-08 02:00:00,0.0180326666666666,0.0071496666666666,-0.0082996666666666,0.0264593333333333,47.78679483333333,-11.293856666666668,18.7
2026-02-08 03:00:00,0.0164893333333333,0.0073126666666666,-0.0083426666666667,0.0267176666666666,46.840111,-11.875242333333333,18.1
2026-02-08 04:00:00,0.0142809999999999,0.0073681666666666,-0.0086601666666666,0.0267706666666666,46.646356833333336,-12.6367615,17.5
2026-02-08 05:00:00,0.0134863333333333,0.0073746666666666,-0.0088011666666666,0.0268991666666666,46.163424666666664,-13.2155885,16.8
2026-02-08 06:00:00,0.0135956666666666,0.0074829999999999,-0.0088059999999999,0.0270006666666666,45.96260516666667,-13.717862,16.3
2026-02-08 07:00:00,0.0122123333333333,0.0075406666666666,-0.0088074999999999,0.0272111666666666,46.05582883333333,-14.179738166666668,16.2
2026-02-08 08:00:00,0.0128198333333333,0.0075578333333333,-0.0089638333333332,0.0273886666666666,46.3910515,-14.533820666666667,15.9
2026-02-08 09:00:00,0.0123653333333333,0.0076433333333333,-0.0090008333333333,0.0274745,46.56396316666667,-14.7441225,15.8
2026-02-08 10:00:00,0.0129593333333333,0.0076008333333333,-0.0094001666666666,0.0274776666666666,46.626499333333335,-14.899197,15.7
2026-02-08 11:00:00,0.0145686666666666,0.0076669999999999,-0.009549,0.0274358333333333,46.568616166666665,-14.988270833333331,16.0
2026-02-08 12:00:00,0.0225599999999999,0.0068041666666666,-0.0085234999999999,0.0275183333333333,41.54157933333333,-12.369849666666669,16.4
2026-02-08 13:00:00,0.0336366666666667,0.0063101666666666,-0.0072513333333333,0.0268013333333332,30.012688666666666,-6.309489666666667,17.8
2026-02-08 14:00:00,0.0324031666666665,0.0063088333333333,-0.0063943333333333,0.0264598333333333,25.859718,-3.2448186666666667,19.3
2026-02-08 15:00:00,0.0360344999999999,0.0058748333333333,-0.0054886666666666,0.0262688333333332,24.281875666666668,-1.157836,20.1
2026-02-08 16:00:00,0.0403115254237287,0.0055689830508474,-0.004733220338983,0.0253686440677966,22.447725593220337,0.8329642372881356,20.9
2026-02-08 22:00:00,0.0313123333333333,0.0098511666666666,-0.0091404999999999,0.030227,34.695753,-7.433991,22.9
2026-02-08 23:00:00,0.030722,0.0091523333333333,-0.0092404999999999,0.030577,37.2642785,-8.375809333333333,21.7
2026-02-09 00:00:00,0.0283116666666666,0.0091315,-0.0094815,0.0306696666666667,38.6638175,-9.011665,20.9
2026-02-09 01:00:00,0.0271558333333333,0.0091169999999999,-0.0095711666666666,0.0309853333333333,40.220225666666664,-9.473110333333333,20.4
2026-02-09 02:00:00,0.0305266666666666,0.0089431666666666,-0.0097729999999999,0.0310475,40.617526833333336,-9.748795166666667,19.9
2026-02-09 03:00:00,0.0265548333333333,0.0087548333333333,-0.0097168333333333,0.0308344999999999,39.562985166666664,-9.8711015,20.0
2026-02-09 04:00:00,0.0282541666666666,0.0087315,-0.0096498333333333,0.0308799999999999,38.900516833333334,-10.049151833333331,20.0
2026-02-09 05:00:00,0.0239873333333333,0.0088993333333333,-0.0098868333333333,0.0310218333333333,40.34736633333333,-10.260320666666669,20.0
2026-02-09 06:00:00,0.0228656666666666,0.008948,-0.0098388333333333,0.0311411666666666,41.88248383333333,-10.208408333333333,19.7
2026-02-09 07:00:00,0.025946,0.0090158333333333,-0.0097205,0.0303485,43.199457833333334,-10.525010666666669,19.9
2026-02-09 08:00:00,0.0256296666666666,0.0089621666666666,-0.0096621666666666,0.029822,44.062735833333335,-10.826684166666666,19.8
2026-02-09 09:00:00,0.0244448333333333,0.0089491666666666,-0.0095071666666666,0.0297831666666666,44.92962633333333,-10.9055415,19.7
2026-02-09 10:00:00,0.0232761666666666,0.0089073333333333,-0.0092181666666666,0.0299348333333333,45.06233,-10.771499833333332,19.4
2026-02-09 11:00:00,0.0275758333333333,0.0088845,-0.0089474999999999,0.0294176666666666,45.36760233333333,-10.646891333333333,19.6
2026-02-09 12:00:00,0.0494173333333332,0.0074531666666666,-0.0070985,0.0288109999999999,38.45164666666667,-6.9088275,20.1
2026-02-09 13:00:00,0.0485583333333332,0.0068901666666666,-0.0050548333333332,0.0270526666666666,26.237835666666665,0.1442663333333333,21.3
2026-02-10 04:00:00,0.0677261666666666,0.0091244999999999,-0.0087679999999999,0.0281739999999999,33.71132,-4.191111666666667,25.1
2026-02-10 05:00:00,0.064055,0.0095033333333333,-0.0085729999999999,0.0263311666666666,36.011001666666665,-4.947270333333333,26.4
2026-02-10 06:00:00,0.0653989999999999,0.00912,-0.0090724999999999,0.0269665,36.96242516666667,-5.417402833333333,24.9
2026-02-10 07:00:00,0.0668241666666667,0.0093013333333333,-0.0089026666666666,0.0260848333333333,38.96127416666667,-5.7734225,25.4
2026-02-10 08:00:00,0.0558308333333333,0.0088023333333333,-0.0088513333333333,0.026977,38.5803355,-5.881314333333333,23.9
2026-02-10 11:00:00,0.1675188333333333,0.0105903333333333,-0.0008541666666666,0.0219543333333332,42.01525866666667,-5.694235666666667,30.8
2026-02-10 12:00:00,0.294713,0.0107306666666666,0.0160636666666667,0.0213606666666666,41.46252366666667,-4.039506333333334,33.3
2026-02-10 13:00:00,0.1486808333333332,0.0064951666666666,0.0007441666666666,0.0208413333333333,23.057203166666667,8.558994,26.3
2026-02-11 02:00:00,0.0886416666666666,0.0110719999999999,-0.0071921666666666,0.0276271666666667,53.546535166666665,2.066244,25.3
2026-02-11 03:00:00,0.0910618333333334,0.0111535,-0.0068451666666666,0.0266033333333333,56.7822785,2.3769448333333334,25.7
2026-02-11 10:00:00,0.0745656666666666,0.0093678333333333,-0.0063933333333333,0.0264526666666666,76.91013216666667,1.7557245,17.8
2026-02-13 10:00:00,0.0496273333333333,0.0097214999999999,-0.0086743333333333,0.0287638333333333,53.944084833333335,-5.5227475,22.4
2026-02-13 11:00:00,0.0838555,0.0100646666666666,-0.0082888333333333,0.0269929999999999,55.473704166666664,-6.026349166666667,23.5
2026-02-13 12:00:00,0.1402636666666666,0.0080334999999999,-0.004201,0.0256031666666666,43.7145335,-0.9509783333333334,24.1
2026-02-14 00:00:00,0.1254536666666666,0.0123253333333333,-0.0088356666666666,0.0313246666666666,40.17437666666667,0.1864656666666666,30.3
2026-02-14 01:00:00,0.1051565,0.0120316666666667,-0.008909,0.0312516666666666,40.919243333333334,0.2241196666666666,28.7
2026-02-14 02:00:00,0.0949136666666666,0.0115245,-0.0086821666666666,0.0307076666666666,40.74564933333333,0.4751578333333333,27.9
2026-02-14 06:00:00,0.0502668333333333,0.0104003333333332,-0.0083366666666666,0.0310793333333333,46.072074666666666,-0.818852,24.5
2026-02-14 07:00:00,0.0662576666666667,0.0098595,-0.008853,0.0303103333333333,45.797217,-0.5308296666666666,24.0
2026-02-14 08:00:00,0.0965746666666667,0.0111341666666666,-0.0086956666666666,0.0262493333333332,48.3893235,-1.2508051666666666,28.0
2026-02-14 09:00:00,0.095736,0.0103409999999999,-0.0083796666666666,0.0266158333333333,49.825122,-1.6774448333333334,26.0
2026-02-14 10:00:00,0.0627468333333333,0.0092609999999999,-0.0084771666666666,0.0295118333333333,46.31585,-0.7814401666666666,22.3
2026-02-14 11:00:00,0.0598961666666666,0.0096213333333333,-0.0081956666666666,0.0286886666666666,48.371132833333334,-1.7048865,22.6
2026-02-15 03:00:00,0.3003308333333332,0.0126994999999999,0.0106968333333333,0.0220243333333333,70.48508666666666,-1.3553001666666666,29.7
2026-02-15 04:00:00,0.2210884999999999,0.0122659999999999,0.0077129999999999,0.0220868333333333,72.56581383333334,-1.842039166666667,28.5
2026-02-15 05:00:00,0.1440725,0.0112549999999999,-0.0041156666666666,0.0219576666666666,73.3473815,-2.0817881666666667,25.3
2026-02-15 06:00:00,0.2022413333333333,0.0110618333333333,0.0055614999999999,0.0211065,74.6412065,-2.6606623333333332,25.9
2026-02-15 07:00:00,0.2989223333333333,0.0118136666666666,0.0344728333333332,0.0198508333333333,75.28782916666667,-3.830747166666667,29.3
2026-02-15 08:00:00,0.2293651666666666,0.0111244999999999,0.0212963333333333,0.0197626666666666,76.68812716666666,-4.478803833333333,26.1
2026-02-15 09:00:00,0.2060543333333333,0.0102016666666666,0.0158563333333333,0.0192146666666666,76.814542,-4.942917333333333,24.1
2026-02-15 10:00:00,0.1945983333333333,0.0097716666666666,0.0153065,0.0190748333333333,75.906524,-5.0323475,23.1
2026-02-15 11:00:00,0.1664741666666667,0.0093528333333333,0.0130283333333333,0.0186213333333333,73.76151466666667,-5.0414655,22.5
2026-02-16 07:00:00,0.0765685,0.0099746666666666,-0.0084386666666667,0.0305801666666666,47.91222166666667,0.7879661666666666,23.9
2026-02-17 02:00:00,0.1568971666666667,0.0129998333333333,-0.0057775,0.0243818333333333,67.014226,-0.0415475,28.8
2026-02-17 03:00:00,0.1396883333333333,0.0122891666666666,-0.0051051666666666,0.0236281666666666,69.598051,-0.6586701666666667,27.2
2026-02-17 04:00:00,0.1401825,0.0116821666666666,-0.0050463333333333,0.02274,71.4269095,-1.3703923333333334,25.8
2026-02-17 05:00:00,0.1243056666666666,0.0109525,-0.0053583333333333,0.0222543333333333,72.55904533333333,-1.7897093333333334,24.3
2026-02-17 06:00:00,0.1236803333333333,0.0105581666666667,-0.0047303333333333,0.0214801666666666,73.123933,-2.1431915,23.7
2026-02-17 07:00:00,0.1331909999999999,0.0102685,-0.003485,0.0209345,71.55656933333333,-1.6499495,24.0
2026-02-17 08:00:00,0.127434,0.0100494999999999,-0.0030013333333333,0.0201801666666666,70.03060416666666,-1.3926513333333332,23.8
2026-02-17 09:00:00,0.1428195,0.0099116666666667,-0.0003221666666666,0.0194785,67.7957835,-0.7081135,24.2
2026-02-17 10:00:00,0.2488046666666666,0.0111235,0.0151538333333333,0.0195121666666666,69.886489,-1.145972,27.3
2026-02-17 11:00:00,0.1953289999999999,0.0111029999999999,0.0142956666666666,0.0195618333333333,68.91799116666667,-0.4923363333333333,27.4
2026-02-17 12:00:00,0.2610061666666667,0.0117053333333333,0.023584,0.0191501666666666,64.39874733333333,1.1445421666666666,30.3
2026-02-17 13:00:00,0.1685804999999999,0.0104859999999999,0.0043615,0.0197694999999999,58.444697,2.941558,26.6
2026-02-18 01:00:00,0.1140744999999999,0.0092613333333332,-0.0070061666666666,0.0232033333333332,75.18000583333334,4.019840333333334,20.0
2026-02-18 02:00:00,0.1097635,0.0093926666666666,-0.0065496666666666,0.0219781666666666,76.426037,3.6781693333333334,19.7
2026-02-18 03:00:00,0.1054495,0.008889,-0.0065423333333333,0.0224323333333333,78.86244566666667,3.5854601666666666,18.4
2026-02-18 04:00:00,0.0909251666666666,0.0082948333333333,-0.0072068333333333,0.0229258333333333,79.4629745,3.5071096666666666,16.5
2026-02-18 06:00:00,0.1106748333333333,0.0082466666666666,-0.006277,0.0202694999999999,79.51342816666667,3.823075833333333,18.3
2026-02-18 07:00:00,0.1252106666666666,0.0085371666666667,-0.004821,0.0191306666666666,79.98354966666666,3.7410176666666666,19.3
2026-02-18 08:00:00,0.1313111666666667,0.008827,-0.0027518333333332,0.0186403333333333,81.370888,3.3599728333333334,20.2
2026-02-18 09:00:00,0.1424693333333332,0.0090215,0.0003515,0.0185794999999999,83.30305866666667,3.1795895,20.7
2026-02-18 10:00:00,0.1629559999999999,0.0084449999999999,-0.0011289999999999,0.0177319999999999,81.72336833333333,3.474803,19.5
2026-02-18 11:00:00,0.2116714999999999,0.0085675,0.0063891666666666,0.0170406666666667,80.11723466666666,3.5524088333333332,20.6
2026-02-18 12:00:00,0.2100921666666666,0.0083933333333333,0.0109154999999999,0.0168008333333333,77.67452316666666,4.2483755,20.9
2026-02-18 13:00:00,0.2073926666666666,0.0078155,0.0098271666666666,0.0154863333333333,71.9397205,5.382993,20.3
2026-02-18 19:00:00,0.276333,0.0108139999999999,0.0146188333333333,0.0192988333333333,78.26993266666666,7.0675835000000005,23.0
2026-02-18 20:00:00,0.2166363333333333,0.0109558333333333,0.0005411666666666,0.0210838333333333,80.15103183333333,6.4505285,22.6
2026-02-18 21:00:00,0.2258948333333333,0.0108006666666666,0.0009046666666666,0.0206378333333333,82.36818216666667,6.176500333333333,23.1
2026-02-18 22:00:00,0.2583224999999999,0.0110501666666666,0.0068661666666666,0.0192943333333333,84.60309166666667,5.8774385,24.1
2026-02-18 23:00:00,0.2538534999999999,0.0111105,0.0092161666666666,0.0192034999999999,86.60888366666667,5.7229555,24.1
2026-02-19 00:00:00,0.2665156666666666,0.0106781666666666,0.0099279999999999,0.0183658333333333,86.121362,5.586430833333333,23.6
2026-02-19 01:00:00,0.2270093333333334,0.0101776666666666,0.0051366666666666,0.0180261666666666,84.90788433333333,5.41163,22.8
2026-02-20 08:00:00,0.2423006666666666,0.0101285,0.0164703333333333,0.0199765,82.64176566666667,-1.456544,24.8
2026-02-20 09:00:00,0.2057603333333333,0.009374,0.0128304999999999,0.019181,83.2568645,-1.7441745,22.9
2026-02-20 10:00:00,0.1950215,0.0087453333333333,0.0127063333333333,0.0188581666666666,83.2297535,-2.006374,21.8
2026-02-20 11:00:00,0.190183,0.0086621666666666,0.0107396666666666,0.0187554999999999,80.1769625,-1.2123768333333331,21.7
2026-02-20 12:00:00,0.2202931666666667,0.0086026666666666,0.0173808333333332,0.0180028333333333,75.13467316666667,0.0053456666666666,22.5
2026-02-20 13:00:00,0.2675278333333333,0.0092293333333333,0.0190825,0.0177301666666666,69.1149365,2.262267,24.0
2026-02-22 11:00:00,0.1066238333333333,0.0088205,-0.0067725,0.0244921666666666,68.70251866666666,1.7008221666666667,20.6
2026-02-22 12:00:00,0.1100701666666666,0.0089181666666666,-0.0054993333333333,0.0233926666666666,68.11277083333333,2.0576945,21.3
2026-02-25 07:00:00,0.1585766666666666,0.0122453333333333,0.0020866666666666,0.0234753333333333,68.20051066666667,-7.935596166666667,27.4
2026-02-25 08:00:00,0.1157581666666667,0.0117114999999999,-0.0023001666666666,0.0232081666666666,65.98501766666666,-7.552417,26.2
2026-02-25 09:00:00,0.1414038333333333,0.0120921666666666,0.0068281666666666,0.022471,66.18980416666666,-7.502411,28.2
2026-02-25 10:00:00,0.2059929999999999,0.0120076666666666,0.0150016666666666,0.022006,65.31127433333333,-6.6550115,29.0
2026-02-25 11:00:00,0.2575411666666666,0.0126076666666666,0.0278176666666666,0.0212548333333333,63.19208716666667,-5.417026833333334,31.2
2026-02-25 12:00:00,0.2436933333333333,0.0130123333333332,0.0286283333333333,0.0211436666666666,59.4676915,-3.810900833333333,32.8
2026-02-25 13:00:00,0.3541405,0.0144969999999999,0.036671,0.0213421666666666,59.617994333333336,-0.6696318333333333,35.4
2026-02-26 05:00:00,0.1150026666666666,0.0101236666666666,-0.006838,0.0259571666666666,79.96327283333333,2.3692598333333335,20.0
2026-02-26 08:00:00,0.0942033333333333,0.0114576666666667,-0.007433,0.0272278333333333,80.19249533333333,3.9429483333333337,22.6
2026-02-26 09:00:00,0.1692739999999999,0.011783,-0.0038801666666666,0.022259,83.723698,2.380397666666666,26.8
2026-02-26 10:00:00,0.2840585,0.0119735,0.0153321666666666,0.0197456666666666,85.80230466666667,0.940734,29.0
2026-02-26 11:00:00,0.4312855,0.0111066666666666,0.0290841666666666,0.0184146666666666,86.46617066666667,0.3872513333333333,27.2
2026-02-26 12:00:00,0.4296173333333333,0.0096438333333332,0.0330766666666666,0.0141203333333332,62.281217,7.323397666666667,27.3
2026-02-27 01:00:00,0.1528381666666667,0.0136344999999999,-0.0076165,0.0262984999999999,53.3520845,4.833646666666667,30.1
2026-02-27 07:00:00,0.0943001666666666,0.0102614999999999,-0.007367,0.024581,58.7343105,-1.7757141666666667,26.8
2026-02-27 09:00:00,0.096293,0.0099931666666666,-0.0052383333333333,0.0227023333333333,65.78295066666666,-3.5180948333333335,26.4
2026-02-27 10:00:00,0.1086898333333332,0.0099811666666666,-0.0025048333333333,0.0219679999999999,68.37219,-4.286079166666667,26.6
2026-02-27 11:00:00,0.1418501666666667,0.0094981666666666,0.0040421666666666,0.0211258333333333,66.514769,-3.5671661666666665,26.9
2026-02-27 12:00:00,0.2009533333333333,0.0080149999999999,0.0123328333333332,0.0175381666666666,41.409404333333335,4.775395166666667,28.1
2026-03-01 07:00:00,0.2076856666666667,0.0105824999999999,0.0004953333333333,0.0208071666666666,87.4240195,0.7892938333333334,24.0
2026-03-01 08:00:00,0.2243965,0.010296,0.0044796666666666,0.0196393333333333,86.974616,0.5408881666666666,24.2
2026-03-01 09:00:00,0.146888,0.0102558333333332,-0.0036541666666666,0.0217565,88.37097116666666,0.7301175,22.7
2026-03-02 06:00:00,0.027967,0.0076664999999999,-0.0079971666666666,0.0294214999999999,34.59622183333333,-4.550678666666666,22.9
2026-03-02 08:00:00,0.0367104999999999,0.0079971666666666,-0.0086798333333333,0.0277581666666666,41.369907833333336,-6.733367166666667,22.9
2026-03-02 09:00:00,0.0353799999999999,0.0076429999999999,-0.0087143333333333,0.0278194999999999,39.35686916666667,-7.554557666666667,22.4
2026-03-02 10:00:00,0.0396096666666667,0.0074309999999999,-0.0086035,0.0274301666666666,37.69790666666667,-8.483802,22.7
2026-03-03 01:00:00,0.0744615,0.0107898333333333,-0.0094994999999999,0.0299245,44.5700715,-5.084632666666667,27.9
2026-03-03 03:00:00,0.1011581666666666,0.0108628333333333,-0.0077868333333333,0.0254551666666666,49.6570565,-6.287952333333333,29.7
2026-03-03 04:00:00,0.1809513333333333,0.0112193333333333,0.0037021666666666,0.0234446666666666,55.85824,-7.156911833333333,31.7
2026-03-03 06:00:00,0.1815711666666666,0.0115236666666666,0.0139293333333333,0.0225563333333332,63.238190333333336,-8.109728833333333,30.7
2026-03-03 07:00:00,0.1642266666666666,0.0114636666666666,0.0109961666666666,0.0221385,64.59150483333333,-8.681956,29.1
2026-03-03 08:00:00,0.1395861666666666,0.0107741666666666,0.0073083333333333,0.0214293333333333,65.77766233333334,-9.072641333333332,27.3
2026-03-03 09:00:00,0.1494228333333333,0.0106924999999999,0.010102,0.021359,67.1421015,-9.509772666666668,27.1
2026-03-03 10:00:00,0.1437706666666666,0.0105256666666666,0.0098745,0.0209478333333332,67.748557,-9.583872166666666,26.6
2026-03-03 13:00:00,0.3158798333333333,0.0113159999999999,0.0237188333333333,0.0166938333333333,36.74243083333334,3.8172125,33.3
2026-03-03 14:00:00,0.202088,0.0119811666666666,0.0083401666666666,0.0197151666666666,40.41338533333333,3.6203956666666666,32.0
2026-03-04 06:00:00,0.0940125,0.0097594999999999,-0.007417,0.0249314999999999,85.327226,3.2906223333333333,19.1
2026-03-04 07:00:00,0.0997363333333333,0.0096433333333333,-0.0072976666666666,0.024123,85.213609,3.4916125,19.4
2026-03-04 09:00:00,0.1535291666666666,0.0103506666666666,-0.0043149999999999,0.0198534999999999,85.93702216666667,2.446214666666666,23.1
2026-03-04 10:00:00,0.2757798333333333,0.0106829999999999,0.0073263333333333,0.0189553333333333,88.9269805,1.3248673333333334,25.5
2026-03-04 11:00:00,0.4032726666666666,0.0116959999999999,0.0310383333333333,0.0190361666666666,88.40107583333334,2.2627461666666666,28.0
2026-03-05 04:00:00,0.3123041666666666,0.0123406666666666,0.0163066666666666,0.0209354999999999,85.40377083333334,1.2944486666666666,25.7
2026-03-05 06:00:00,0.2941038333333333,0.0106334999999999,0.0155643333333333,0.0189948333333332,86.64393,0.6681313333333333,22.7
2026-03-05 07:00:00,0.2645313333333333,0.0099993333333333,0.0166131666666666,0.018027,86.0347395,0.4407416666666666,21.8
2026-03-05 13:00:00,0.306367,0.0078343333333333,0.0234375,0.0133278333333333,63.37932566666667,6.391486166666667,21.3
2026-03-05 15:00:00,0.2981708333333333,0.0106496666666666,0.0197436666666666,0.0172308333333333,68.8492345,8.0868485,25.1
2026-03-05 16:00:00,0.3450198305084746,0.0113754237288135,0.0257559322033898,0.0162652542372881,62.63332152542373,10.428297627118644,28.1
2026-03-09 01:00:00,0.2719271666666667,0.0120818333333333,0.0008795,0.0212975,83.07276366666667,10.116290666666666,23.4
2026-03-09 02:00:00,0.2284015,0.0103651666666667,-0.0003115,0.0194708333333333,84.93557283333334,8.711728166666667,20.5
2026-03-09 03:00:00,0.2297508333333333,0.009724,0.0031151666666666,0.0190214999999999,89.201226,7.2346845,19.4
2026-03-09 08:00:00,0.2029945,0.0063463333333333,0.0115601666666666,0.0140743333333333,89.6691055,2.9930973333333335,14.8
2026-03-10 10:00:00,0.2108823333333333,0.0108973333333333,0.0061336666666666,0.0194745,91.36535816666668,4.145196,21.5
2026-03-10 11:00:00,0.4782501666666666,0.0109815,0.0327953333333333,0.0175874999999999,84.31593883333333,6.610223666666667,23.3
2026-03-11 17:00:00,0.0356976666666666,-0.0058918333333333,0.0123861666666666,0.0132516666666666,26.380459333333334,26.835108166666668,5.7
2026-03-11 18:00:00,0.0430066666666666,-0.0037165,0.0129398333333333,0.0177644999999999,27.182257833333335,28.005643,5.8
2026-03-19 08:00:00,0.1068615,0.0101531666666666,-0.0033931666666666,0.0215533333333333,65.62297183333334,-2.6820376666666665,24.4
2026-03-19 09:00:00,0.1175196666666666,0.0102528333333333,-0.0028943333333333,0.0208849999999999,60.88609816666667,-1.371039,25.4
2026-03-19 10:00:00,0.1934911666666667,0.010808,0.0064908333333333,0.0201603333333332,60.21461516666667,-0.8654486666666666,27.3
2026-03-29 09:00:00,0.0614146666666666,0.0091968333333333,-0.0089858333333333,0.0281678333333333,49.16637133333333,-2.5144395,23.3
2026-03-29 10:00:00,0.1432735,0.0104313333333333,-0.0051098333333333,0.0233188333333333,53.415639,-2.6062055,28.2
2026-03-29 11:00:00,0.1150764999999999,0.0074603333333332,-0.0026921666666666,0.0242188333333333,40.66695466666667,3.5807341666666668,24.6
2026-04-09 09:00:00,0.1591593333333333,0.0124923333333333,0.0013988333333333,0.021308,82.4364255,-0.3018495,24.7
2026-04-10 06:00:00,0.0751679999999999,0.0119029999999999,-0.0084974999999999,0.0287016666666666,86.09419233333334,2.8526898333333333,19.7
2026-04-10 07:00:00,0.0785793333333333,0.0119599999999999,-0.0071233333333333,0.0267708333333333,87.75317983333333,2.8135145,20.9
2026-04-10 08:00:00,0.0717341666666666,0.0113978333333333,-0.007454,0.026754,88.64963783333333,2.9732215,19.1
2026-04-14 14:00:00,-0.0235346666666666,-0.0150799999999999,0.0255373333333333,0.0018631666666666,23.83994016666667,38.29787816666666,5.4
2026-04-14 15:00:00,0.0079788333333333,-0.0060135,0.0175658333333333,0.0187114999999999,24.478673,37.1350365,5.6
2026-04-14 16:00:00,-0.0045718644067796,-0.0079411864406779,0.0226835593220339,0.0173577966101695,21.49852338983051,38.98319152542373,6.0
2026-04-15 14:00:00,-0.0275663333333333,-0.0155568333333333,0.0275063333333333,0.0028604999999999,23.404282,37.1701185,5.4
2026-04-15 15:00:00,-0.0172596666666666,-0.0108733333333333,0.0263501666666666,0.0129946666666667,22.172981833333335,38.389950666666664,5.7
2026-04-15 16:00:00,-0.0334801694915253,-0.0125420338983051,0.0313483050847457,0.0134010169491525,19.08018355932203,40.37217542372881,6.1
2026-04-16 15:00:00,0.0666971666666665,-0.007997,0.0198906666666666,0.0092788333333333,33.217758833333335,32.9275345,5.6
2026-04-16 16:00:00,0.0907523728813559,-0.0026967796610169,0.0144522033898305,0.0236584745762711,35.676418305084745,32.34107237288136,5.3
2026-04-17 17:00:00,0.0596556666666667,-0.0097184999999999,0.0256406666666666,0.0135666666666666,30.84345666666667,34.658430833333334,5.7
2026-05-16 14:00:00,0.0180708333333333,-0.0070858333333333,0.0120976666666666,0.009883,29.380243333333333,30.053558833333337,5.6
2026-05-16 15:00:00,0.0127591666666666,-0.006372,0.0118775,0.0139084999999999,25.390074333333335,30.84491016666667,5.6
2026-05-17 13:00:00,0.0140786666666666,-0.0116235,0.0239869999999999,0.0079879999999999,23.052559,36.98946316666667,5.5
2026-05-17 14:00:00,0.0017281666666666,-0.010222,0.0260343333333333,0.0139429999999999,19.4767555,38.879658666666664,6.0
2026-05-18 12:00:00,0.0134535,-0.0139004999999999,0.0241286666666666,0.0008081666666666,25.176685833333337,31.232911,5.4
2026-05-19 14:00:00,0.0472425,-0.0121751666666666,0.0419183333333333,0.0165233333333333,26.753220333333335,41.653186,6.0
2026-05-19 15:00:00,0.0814606666666666,-0.0066511666666666,0.0384151666666666,0.0274713333333333,26.9240615,41.478357333333335,6.2
2026-05-19 20:00:00,0.147146,0.0019934999999999,0.0308615,0.0421798333333333,24.615753,40.89647133333333,6.9
2026-05-20 13:00:00,0.0340773333333333,-0.0139281666666666,0.039124,0.0084319999999999,29.019511333333337,39.60371883333333,5.9
2026-05-20 14:00:00,0.033816,-0.0137595,0.044851,0.0117006666666666,25.770858166666667,42.1626985,6.0
2026-05-20 16:00:00,0.0354555932203389,-0.0101059322033897,0.04531,0.0233054237288135,21.94429152542373,43.83061050847458,6.1
2026-05-23 14:00:00,0.0327383333333333,-0.0073103333333333,0.0148371666666666,0.0080655,22.8569895,25.246137666666662,5.7
2026-05-23 15:00:00,0.0253586666666666,-0.0047558333333332,0.0136681666666667,0.0159783333333333,21.990815166666668,26.422293,5.9
2026-05-25 21:00:00,0.0424481666666666,-0.0061236666666666,0.020373,0.0109555,30.914194666666667,35.92688,5.4
2026-05-25 22:00:00,0.077291,0.005924,0.0081733333333333,0.0292104999999999,34.044174,33.729963833333336,5.8
2026-05-26 14:00:00,-0.033086,-0.0212396666666666,0.0332171666666666,-0.006494,21.300379,37.361782,5.9
2026-05-27 14:00:00,0.0078756666666666,-0.0165409999999999,0.0377481666666666,0.0037524999999999,22.146991166666663,39.928847166666664,5.8
2026-05-27 15:00:00,0.0388171666666666,-0.0068663333333333,0.030375,0.0224034999999999,21.5806045,39.99985366666667,6.3
2026-05-31 13:00:00,0.0070393333333333,-0.0072916666666666,0.0117939999999999,0.0083976666666666,24.647652666666666,27.888910666666668,5.8
2026-05-31 14:00:00,0.0003886666666666,-0.0086688333333333,0.0149629999999999,0.0094671666666666,20.356164666666665,30.476295666666665,5.4
