,datetime_utc,dem,dpw,mjf,pema,pha,rsd
629,2025-11-05 03:00:00,11.4,25.9,10.0,24.8,23.9,4.028144557993759
631,2025-11-05 05:00:00,16.8,24.4,14.1,23.3,24.5,2.7666183317781377
675,2025-11-07 01:00:00,8.4,21.4,9.8,21.4,22.5,2.917696613056305
681,2025-11-07 07:00:00,,22.0,9.5,20.2,22.6,5.782405554072594
684,2025-11-07 10:00:00,19.8,21.0,16.6,20.5,22.1,3.861015458430405
724,2025-11-09 02:00:00,12.0,26.8,9.5,26.5,28.4,3.750686278101481
725,2025-11-09 03:00:00,20.1,25.9,16.5,25.6,26.9,2.6046655429415946
730,2025-11-09 08:00:00,19.0,22.8,13.6,20.6,22.1,5.148004671782401
846,2025-11-14 04:00:00,7.4,17.9,6.3,16.5,17.2,4.069767441860461
975,2025-11-19 13:00:00,25.4,23.1,15.7,21.7,22.0,3.3103808963317385
1010,2025-11-21 00:00:00,27.2,27.5,18.6,27.1,30.0,5.57313249840486
1024,2025-11-21 14:00:00,32.7,23.3,15.5,21.3,23.0,4.786594582060188
1035,2025-11-22 01:00:00,28.9,25.6,16.7,24.2,25.2,2.884441020371195
1041,2025-11-22 07:00:00,22.2,20.7,10.4,18.9,21.1,5.791893189867205
1043,2025-11-22 09:00:00,19.3,19.8,8.7,18.5,18.3,4.316887534583258
1044,2025-11-22 10:00:00,17.7,19.1,6.5,18.2,17.9,3.3940206513034856
1045,2025-11-22 11:00:00,16.9,19.4,5.5,18.6,18.3,3.029968403060736
1047,2025-11-22 13:00:00,18.7,19.3,6.2,18.1,18.5,3.279123931989866
1059,2025-11-23 01:00:00,9.4,19.2,6.6,18.6,19.5,2.3992542905527916
1061,2025-11-23 03:00:00,9.2,22.0,7.3,22.3,24.4,5.710347960970311
1080,2025-11-23 22:00:00,18.3,27.1,14.1,27.6,27.6,1.0522787409288439
1082,2025-11-24 00:00:00,18.7,26.7,14.3,27.1,28.7,3.848365543366676
1087,2025-11-24 05:00:00,,19.3,9.6,18.3,18.2,3.2703024356442074
1088,2025-11-24 06:00:00,,19.4,10.0,18.2,19.8,4.3519149814623015
1121,2025-11-25 15:00:00,11.2,12.2,1.2,12.8,11.4,5.788820743325682
1131,2025-11-26 01:00:00,6.4,19.4,1.7,18.8,19.8,2.60339118457612
1133,2025-11-26 03:00:00,7.1,19.8,1.4,18.7,19.2,2.863554877271807
1153,2025-11-26 23:00:00,7.0,17.5,1.4,18.9,19.3,5.090645198835844
1154,2025-11-27 00:00:00,6.5,17.7,1.2,19.4,19.5,5.36183424222386
1176,2025-11-27 22:00:00,5.3,22.0,8.8,23.1,24.4,5.185847853507939
1177,2025-11-27 23:00:00,6.2,22.4,8.6,21.0,23.4,5.41411416767219
1213,2025-11-29 11:00:00,3.3,20.3,6.2,18.4,20.1,5.326686994342124
1229,2025-11-30 03:00:00,32.4,30.5,23.3,28.1,30.6,4.760285593175367
1230,2025-11-30 04:00:00,31.9,28.7,22.2,26.1,27.9,4.830709638558201
1231,2025-11-30 05:00:00,30.0,26.3,20.2,26.4,25.4,2.115584077062525
1240,2025-11-30 14:00:00,7.1,22.4,5.1,23.6,22.4,3.0386856273138267
1241,2025-11-30 15:00:00,8.5,24.3,5.3,23.9,26.0,4.50828266406408
1280,2025-12-02 06:00:00,31.7,25.4,20.7,25.0,23.5,4.066300189801544
1282,2025-12-02 08:00:00,23.3,25.4,17.3,23.5,25.2,4.2268447404496134
1283,2025-12-02 09:00:00,13.9,24.9,11.5,24.5,26.2,3.527061276712535
1297,2025-12-02 23:00:00,,16.7,6.5,16.7,16.5,0.6942087405085656
1326,2025-12-04 04:00:00,28.5,25.3,17.9,23.4,24.4,3.9005683801322215
1327,2025-12-04 05:00:00,25.0,22.9,16.7,23.3,24.4,3.3006176197538357
1330,2025-12-04 08:00:00,19.2,22.1,15.0,20.0,21.8,5.332308305915753
1349,2025-12-05 03:00:00,1.3,20.1,7.4,18.6,20.6,5.265596963236423
1350,2025-12-05 04:00:00,2.1,20.2,9.6,18.6,20.0,4.447856064837417
1351,2025-12-05 05:00:00,,19.9,11.4,18.9,19.9,2.9506828067612902
1352,2025-12-05 06:00:00,,19.9,14.7,18.3,19.9,4.769847318606196
1353,2025-12-05 07:00:00,,19.4,17.0,18.0,19.9,5.1564700532963865
1354,2025-12-05 08:00:00,2.4,19.5,17.2,18.1,19.8,4.742389403768707
1356,2025-12-05 10:00:00,5.7,20.2,16.6,19.6,20.4,2.074750165580856
1357,2025-12-05 11:00:00,5.8,21.1,17.3,19.1,20.6,5.135689143419735
1370,2025-12-06 00:00:00,20.3,23.2,16.2,22.5,24.6,4.563019895404111
1371,2025-12-06 01:00:00,14.0,22.9,15.8,24.7,24.3,3.9436569899187304
1376,2025-12-06 06:00:00,19.5,21.5,17.1,20.8,22.2,3.255813953488369
1377,2025-12-06 07:00:00,21.0,20.5,16.9,22.1,22.7,5.224723463777023
1378,2025-12-06 08:00:00,20.8,22.8,17.4,21.2,23.0,4.417507040880224
1379,2025-12-06 09:00:00,22.5,22.1,17.6,21.8,24.1,5.516176274562075
1384,2025-12-06 14:00:00,26.4,27.8,19.0,25.6,28.3,5.274531560933962
1385,2025-12-06 15:00:00,27.3,26.2,19.8,26.0,27.0,2.004357053836811
1391,2025-12-06 21:00:00,10.7,20.2,7.4,20.9,21.5,3.118086469000503
1393,2025-12-06 23:00:00,24.7,26.3,17.9,25.8,26.7,1.7167194490442466
1394,2025-12-07 00:00:00,22.7,22.9,16.9,22.8,24.2,3.3520384875135845
1395,2025-12-07 01:00:00,25.8,23.9,16.2,23.1,21.5,5.351913220386381
1419,2025-12-08 01:00:00,10.4,21.7,8.9,19.7,21.8,5.623213811366097
1421,2025-12-08 03:00:00,7.9,19.7,7.2,17.8,19.7,5.753315619546967
1422,2025-12-08 04:00:00,8.5,20.3,8.0,18.4,19.0,5.049844812593927
1423,2025-12-08 05:00:00,,20.0,8.9,18.1,18.7,5.129859959272344
1429,2025-12-08 11:00:00,2.4,20.2,7.8,19.0,20.7,4.375740374651469
1430,2025-12-08 12:00:00,4.1,21.3,9.9,19.5,21.5,5.30424129754681
1439,2025-12-08 21:00:00,4.5,22.9,12.1,23.1,24.5,3.709701228545255
1440,2025-12-08 22:00:00,8.5,25.0,14.2,25.7,25.7,1.586957546201849
1441,2025-12-08 23:00:00,9.5,24.7,15.1,25.9,25.6,2.4586606292907085
1442,2025-12-09 00:00:00,9.9,24.7,15.9,25.1,23.8,2.7139924395975794
1443,2025-12-09 01:00:00,9.5,22.7,16.6,22.2,23.7,3.340069748510088
1444,2025-12-09 02:00:00,9.7,22.2,17.3,23.7,23.4,3.436040663720247
1445,2025-12-09 03:00:00,10.6,22.7,17.8,21.5,23.4,4.264359557810522
1446,2025-12-09 04:00:00,10.7,22.4,17.4,21.5,23.5,4.45845080157766
1447,2025-12-09 05:00:00,10.2,21.2,17.0,21.8,22.3,2.530277433668963
1448,2025-12-09 06:00:00,12.8,20.9,17.4,21.2,22.1,2.9182233637375767
1449,2025-12-09 07:00:00,13.3,20.5,17.0,20.8,21.4,2.192619949739633
1450,2025-12-09 08:00:00,11.3,19.9,15.5,19.4,20.7,3.2787192621510015
1451,2025-12-09 09:00:00,12.5,19.7,15.0,19.4,20.6,3.138189948943926
1452,2025-12-09 10:00:00,15.6,20.9,16.1,19.5,20.8,3.828553762699339
1453,2025-12-09 11:00:00,17.2,21.5,16.1,20.1,22.5,5.642165778478975
1454,2025-12-09 12:00:00,19.9,22.4,17.2,20.9,23.4,5.659546053426349
1467,2025-12-10 01:00:00,16.7,27.7,18.3,25.5,28.3,5.426587579753615
1473,2025-12-10 07:00:00,8.9,21.9,8.6,21.3,21.8,1.4836385786142972
1474,2025-12-10 08:00:00,9.7,21.6,8.7,20.2,19.8,4.603067168427868
1518,2025-12-12 04:00:00,2.4,20.2,10.2,18.6,20.8,5.724403392359722
1524,2025-12-12 10:00:00,2.5,19.1,10.6,18.3,20.4,5.501077195704023
1525,2025-12-12 11:00:00,3.1,20.0,11.4,18.5,20.5,5.292371185083388
1553,2025-12-13 15:00:00,12.6,20.5,11.2,20.3,21.3,2.556281459965789
1560,2025-12-13 22:00:00,16.7,23.7,14.9,22.0,23.1,3.7594526617376625
1562,2025-12-14 00:00:00,11.5,20.7,10.1,19.5,21.0,3.8908107515655734
1563,2025-12-14 01:00:00,9.9,21.0,8.8,19.0,20.8,5.4351025137691815
1564,2025-12-14 02:00:00,12.3,21.6,11.2,19.5,20.7,5.114395025656673
1567,2025-12-14 05:00:00,7.9,19.2,8.2,18.3,19.5,3.286841051788628
1568,2025-12-14 06:00:00,13.7,18.8,13.5,17.3,19.0,5.058932800278168
1571,2025-12-14 09:00:00,18.7,17.7,16.1,17.6,18.6,3.065438152478353
1576,2025-12-14 14:00:00,13.6,16.7,8.4,18.5,17.4,5.175154976736199
1577,2025-12-14 15:00:00,13.1,17.5,7.3,17.2,17.0,1.4603161383502419
1584,2025-12-14 22:00:00,4.7,17.8,6.0,16.2,17.5,4.9543109989021685
1585,2025-12-14 23:00:00,3.5,17.7,4.2,17.0,16.8,2.7529023065549136
1586,2025-12-15 00:00:00,3.2,17.3,3.9,16.9,16.9,1.3558127652202634
1589,2025-12-15 03:00:00,2.6,18.0,8.0,16.4,18.1,5.451081150953982
1590,2025-12-15 04:00:00,2.0,18.3,9.9,17.1,18.5,4.214403225083687
1599,2025-12-15 13:00:00,,18.3,12.4,17.5,19.5,5.461001399834177
1609,2025-12-15 23:00:00,8.0,22.2,14.9,20.9,23.2,5.218354115235657
1614,2025-12-16 04:00:00,8.6,19.6,12.3,18.9,20.9,5.125702810652634
1621,2025-12-16 11:00:00,30.7,25.2,22.6,25.0,24.2,2.133670412148864
1634,2025-12-17 00:00:00,27.7,29.3,22.1,28.2,29.2,2.104762121210458
1638,2025-12-17 04:00:00,23.9,23.1,18.2,23.6,24.8,3.665830048134588
1639,2025-12-17 05:00:00,19.0,20.5,17.5,22.7,21.9,5.131580057907853
1640,2025-12-17 06:00:00,20.1,21.4,17.4,20.4,22.2,4.227421643271465
1655,2025-12-17 21:00:00,,26.0,14.6,27.1,27.5,2.891111711595794
1656,2025-12-17 22:00:00,,27.0,17.6,26.9,27.3,0.7690884234480823
1657,2025-12-17 23:00:00,,28.4,21.3,29.0,29.2,1.4422628171820802
1658,2025-12-18 00:00:00,,29.5,22.7,31.4,30.8,3.1774923193748
1659,2025-12-18 01:00:00,,27.3,23.0,26.2,28.2,3.678085483798462
1664,2025-12-18 06:00:00,10.1,21.2,9.9,20.7,21.1,1.259881576697426
1665,2025-12-18 07:00:00,19.2,26.6,16.8,25.1,26.5,3.217326246907703
1670,2025-12-18 12:00:00,28.6,29.1,18.3,26.4,27.5,4.907328157690679
1671,2025-12-18 13:00:00,27.4,25.1,18.1,28.0,26.6,5.459048912875051
1716,2025-12-20 10:00:00,2.9,18.7,4.8,17.0,18.0,4.77318644989806
1717,2025-12-20 11:00:00,3.6,18.7,5.4,17.8,19.1,3.5926230855104646
1718,2025-12-20 12:00:00,4.9,19.0,6.6,18.3,20.2,5.013403584486805
1731,2025-12-21 01:00:00,9.0,21.5,10.7,21.7,23.8,5.704929807049672
1736,2025-12-21 06:00:00,6.0,19.4,5.7,17.6,18.9,4.9865330464280255
1756,2025-12-22 02:00:00,4.7,21.0,7.5,19.8,22.2,5.714285714285711
1775,2025-12-22 21:00:00,9.1,26.8,12.2,24.8,27.4,5.169766545990411
1776,2025-12-22 22:00:00,17.6,31.4,19.3,30.2,29.9,2.6023783387520556
1777,2025-12-22 23:00:00,25.7,31.3,23.2,31.4,29.6,3.287972027192525
1783,2025-12-23 05:00:00,28.1,29.6,20.7,29.2,30.1,1.5216815813800577
1786,2025-12-23 08:00:00,27.0,26.4,18.8,25.5,27.5,3.784629521742246
1788,2025-12-23 10:00:00,22.6,26.3,17.4,25.6,27.8,4.230794303660567
1789,2025-12-23 11:00:00,29.0,27.1,20.7,26.5,27.2,1.4056703826238304
1804,2025-12-24 02:00:00,10.0,17.6,6.2,18.1,18.5,2.49589469713444
1806,2025-12-24 04:00:00,11.9,18.4,8.0,18.4,18.9,1.5548032383921702
1807,2025-12-24 05:00:00,11.5,17.0,7.4,17.2,16.3,2.8074152235163976
1808,2025-12-24 06:00:00,12.0,17.8,8.0,17.3,16.6,3.497706251455534
1809,2025-12-24 07:00:00,10.1,17.8,6.5,17.3,17.2,1.8439102793485602
1810,2025-12-24 08:00:00,7.6,16.5,4.7,16.4,16.2,0.9333148054899895
1824,2025-12-24 22:00:00,,18.5,7.8,18.8,20.2,4.734141770023022
1825,2025-12-24 23:00:00,,18.2,7.6,17.3,18.8,4.17117924600594
1827,2025-12-25 01:00:00,4.6,18.3,6.9,17.4,18.5,3.2432464633297005
1831,2025-12-25 05:00:00,18.7,19.9,14.9,19.2,21.5,5.8365475854215845
1834,2025-12-25 08:00:00,13.9,17.6,13.5,17.1,17.3,1.4518912375520676
1835,2025-12-25 09:00:00,10.1,17.7,10.4,16.1,17.3,4.888452444930247
1836,2025-12-25 10:00:00,9.6,17.8,10.0,16.1,17.4,5.197774513050048
1837,2025-12-25 11:00:00,9.1,18.0,9.3,16.4,17.6,4.803844614152619
1838,2025-12-25 12:00:00,8.1,17.8,8.7,17.9,18.4,1.7825602146012811
1839,2025-12-25 13:00:00,11.3,17.9,9.9,16.8,18.2,4.180216330339498
1850,2025-12-26 00:00:00,1.7,19.5,7.1,18.6,20.6,5.119243339460551
1852,2025-12-26 02:00:00,2.2,19.3,9.9,18.6,20.5,4.936142227876562
1853,2025-12-26 03:00:00,2.1,18.8,10.6,18.3,20.3,5.439893726827873
1854,2025-12-26 04:00:00,2.4,18.7,11.7,18.8,20.3,4.6520171833040695
1858,2025-12-26 08:00:00,2.7,19.1,13.1,18.4,19.8,3.6649214659685927
1859,2025-12-26 09:00:00,2.9,19.1,13.7,19.1,19.7,1.7948713031801773
1860,2025-12-26 10:00:00,3.8,19.5,14.2,19.1,19.7,1.572067133775583
1861,2025-12-26 11:00:00,4.0,20.2,14.6,19.4,19.6,2.10979662108054
1862,2025-12-26 12:00:00,5.4,19.5,14.8,18.9,20.0,2.8292314455236864
1863,2025-12-26 13:00:00,4.7,20.4,14.7,18.9,20.8,4.999993078641176
1864,2025-12-26 14:00:00,3.4,21.5,12.6,19.7,21.4,4.847920417090582
1865,2025-12-26 15:00:00,3.0,21.8,8.2,20.3,21.9,4.201353018671483
1869,2025-12-26 19:00:00,3.6,23.1,8.3,21.4,24.0,5.7825700205367525
1887,2025-12-27 13:00:00,7.7,17.3,10.8,15.9,17.7,5.570706042733916
1891,2025-12-27 17:00:00,5.7,17.5,8.4,17.3,19.0,5.181174670916859
1892,2025-12-27 18:00:00,5.2,18.6,6.3,18.2,19.4,3.261619711712339
1893,2025-12-27 19:00:00,4.4,19.1,4.4,18.2,20.0,4.712041884816756
1894,2025-12-27 20:00:00,5.8,19.6,6.5,20.2,21.9,5.800820151757945
1911,2025-12-28 13:00:00,32.1,20.3,20.9,20.2,21.9,4.586246160658389
1936,2025-12-29 14:00:00,10.6,18.7,3.9,18.0,18.4,1.91209686984623
1941,2025-12-29 19:00:00,12.7,19.8,4.5,18.4,19.2,3.67095949576751
1942,2025-12-29 20:00:00,,18.9,3.3,20.3,19.8,3.607423161659796
1994,2026-01-01 00:00:00,15.4,26.2,17.6,23.7,24.9,5.01470570414734
1995,2026-01-01 01:00:00,19.9,24.3,19.1,21.9,24.0,5.588331978898302
1996,2026-01-01 02:00:00,11.2,22.7,14.8,20.3,21.7,5.58984275734934
2006,2026-01-01 12:00:00,22.5,21.9,16.6,20.1,21.9,4.879016359348942
2007,2026-01-01 13:00:00,18.4,20.2,14.3,19.7,20.6,2.235991612970035
2008,2026-01-01 14:00:00,2.7,15.6,5.8,15.6,16.7,3.9775697042291527
2009,2026-01-01 15:00:00,1.9,16.7,3.4,15.7,16.9,3.9122315460417654
2021,2026-01-02 03:00:00,4.4,19.8,14.5,18.9,21.2,5.80478752945366
2022,2026-01-02 04:00:00,5.6,19.8,14.5,19.0,21.2,5.567764362830021
2023,2026-01-02 05:00:00,,19.7,14.6,18.9,20.8,4.8178747546310445
2024,2026-01-02 06:00:00,,19.6,14.5,19.0,20.9,4.897076398095278
2025,2026-01-02 07:00:00,,19.9,15.2,18.9,21.1,5.516765155879241
2027,2026-01-02 09:00:00,6.2,20.5,13.3,19.1,21.2,5.275991754060996
2028,2026-01-02 10:00:00,9.5,21.9,12.9,19.8,20.9,5.033850241721633
2029,2026-01-02 11:00:00,8.6,21.4,12.0,20.5,21.0,2.1506755577851613
2030,2026-01-02 12:00:00,10.0,20.7,11.6,19.6,20.6,2.9964347439892673
2031,2026-01-02 13:00:00,8.5,20.7,11.3,19.0,20.1,4.325256574039318
2040,2026-01-02 22:00:00,11.1,23.6,16.8,23.8,24.4,1.7395537599995472
2042,2026-01-03 00:00:00,11.3,22.6,16.3,21.5,22.7,2.9902671190775725
2046,2026-01-03 04:00:00,8.3,18.9,12.1,18.1,20.3,5.830119751654473
2047,2026-01-03 05:00:00,9.0,18.6,11.3,18.4,19.3,2.5181966036870063
2048,2026-01-03 06:00:00,8.7,18.5,10.9,18.4,19.4,2.934762280969502
2049,2026-01-03 07:00:00,8.7,18.8,10.7,18.4,19.4,2.6677860195302996
2050,2026-01-03 08:00:00,9.3,19.9,10.4,18.7,19.9,3.5529247334746183
2051,2026-01-03 09:00:00,7.6,19.5,10.3,18.2,20.4,5.711070575916369
2053,2026-01-03 11:00:00,9.4,19.9,11.4,18.3,19.9,4.769847318606196
2056,2026-01-03 14:00:00,4.7,21.1,9.1,19.4,21.5,5.395396349573467
2063,2026-01-03 21:00:00,7.0,24.7,10.7,24.2,26.8,5.467424593546866
2064,2026-01-03 22:00:00,14.7,27.1,18.0,26.0,28.5,4.606604443434437
2065,2026-01-03 23:00:00,19.3,27.0,19.8,26.7,28.8,4.1301151605820206
2067,2026-01-04 01:00:00,27.1,25.8,23.4,27.4,28.2,4.503759896762493
2068,2026-01-04 02:00:00,36.6,24.2,29.3,26.2,26.7,5.147376091565352
2069,2026-01-04 03:00:00,20.5,23.5,19.2,23.4,24.6,2.7937041056556944
2071,2026-01-04 05:00:00,11.7,23.7,13.5,21.2,23.1,5.757874103074086
2076,2026-01-04 10:00:00,9.7,20.5,13.2,20.3,22.1,4.705452650858109
2077,2026-01-04 11:00:00,8.3,20.6,14.7,20.2,20.9,1.7075613861997945
2078,2026-01-04 12:00:00,11.1,20.2,16.9,19.7,20.0,1.2604064165727467
2079,2026-01-04 13:00:00,10.5,19.9,16.8,19.9,19.3,1.7584272158059606
2080,2026-01-04 14:00:00,7.7,19.2,11.9,18.8,18.8,1.2197540898372332
2090,2026-01-05 00:00:00,8.4,22.3,11.5,20.9,22.7,4.302715289456095
2096,2026-01-05 06:00:00,,19.0,7.9,18.2,20.1,4.9944460807169975
2098,2026-01-05 08:00:00,4.8,20.3,11.9,19.2,20.1,2.949395273699156
2099,2026-01-05 09:00:00,5.5,20.6,13.3,19.9,20.9,2.507297120250923
2100,2026-01-05 10:00:00,7.7,21.1,13.6,21.5,20.5,2.3929744644281303
2101,2026-01-05 11:00:00,7.8,22.8,13.2,20.5,21.9,5.3329259664766
2122,2026-01-06 08:00:00,13.6,19.8,14.5,19.1,20.9,4.552059394252902
2123,2026-01-06 09:00:00,14.0,20.0,14.4,18.8,19.0,3.336903377506211
2128,2026-01-06 14:00:00,13.3,19.8,12.5,18.0,19.2,4.823763889427201
2129,2026-01-06 15:00:00,12.3,20.1,10.8,18.3,20.3,5.629544000633156
2131,2026-01-06 17:00:00,16.9,23.2,15.9,21.2,23.2,5.124410673280702
2143,2026-01-07 05:00:00,10.5,16.6,8.5,17.2,18.3,4.964497948705398
2144,2026-01-07 06:00:00,8.7,16.4,6.8,18.2,16.9,5.412566937773344
2145,2026-01-07 07:00:00,8.0,16.2,6.1,17.2,16.0,3.904312048985001
2159,2026-01-07 21:00:00,16.4,18.1,13.8,17.2,17.6,2.557230483642479
2160,2026-01-07 22:00:00,11.7,17.5,8.0,16.2,17.5,4.397785253592855
2169,2026-01-08 07:00:00,12.0,17.1,9.5,16.3,15.7,4.291508656966498
2170,2026-01-08 08:00:00,11.0,17.2,8.2,16.7,15.7,4.619531950560322
2171,2026-01-08 09:00:00,11.8,17.7,8.9,16.5,15.8,5.765414122159825
2195,2026-01-09 09:00:00,16.8,17.4,15.9,16.6,15.5,5.781449705557242
2199,2026-01-09 13:00:00,21.1,21.5,15.2,22.2,22.7,2.7233646566302876
2200,2026-01-09 14:00:00,26.9,18.8,16.7,19.2,20.4,4.277395889313966
2207,2026-01-09 21:00:00,5.1,19.6,2.1,18.8,20.0,3.138750475997149
2208,2026-01-09 22:00:00,5.3,20.6,2.2,19.7,20.0,2.2798884054506723
2209,2026-01-09 23:00:00,4.6,19.9,1.6,17.9,19.5,5.540840442020087
2210,2026-01-10 00:00:00,4.4,19.3,1.3,18.0,18.3,3.6727658015579405
2235,2026-01-11 01:00:00,6.3,17.9,4.6,16.9,18.9,5.5865921787709505
2236,2026-01-11 02:00:00,5.5,17.8,3.9,17.2,18.0,2.356603018263549
2237,2026-01-11 03:00:00,5.8,17.9,3.6,16.8,17.4,3.1713458045793232
2238,2026-01-11 04:00:00,5.2,17.5,3.1,16.4,17.0,3.2461123068483944
2240,2026-01-11 06:00:00,2.9,17.7,1.8,16.5,17.8,4.173564310425136
2260,2026-01-12 02:00:00,2.7,20.0,6.6,18.2,20.2,5.658462891047367
2267,2026-01-12 09:00:00,2.0,19.2,4.9,18.0,20.2,5.757042383922752
2283,2026-01-13 01:00:00,15.6,24.0,17.9,23.1,24.2,2.465413160062681
2287,2026-01-13 05:00:00,15.4,20.0,15.6,18.4,20.3,5.220290782297982
2288,2026-01-13 06:00:00,11.9,19.0,11.8,18.4,19.9,3.952792898047513
2289,2026-01-13 07:00:00,9.9,20.1,10.5,18.6,19.3,3.882182844550932
2290,2026-01-13 08:00:00,11.4,21.9,12.1,19.8,20.7,5.065218150409966
2291,2026-01-13 09:00:00,18.3,22.8,16.2,20.3,21.8,5.816513432411979
2294,2026-01-13 12:00:00,17.6,22.9,15.8,20.9,21.9,4.5662100456621015
2325,2026-01-14 19:00:00,6.3,22.6,5.8,21.9,22.2,1.579558283786024
2338,2026-01-15 08:00:00,4.5,19.8,2.1,19.9,21.1,3.5694957918109753
2340,2026-01-15 10:00:00,6.6,21.4,3.3,21.9,21.6,1.163302686482395
2341,2026-01-15 11:00:00,7.7,24.6,4.1,22.8,25.0,4.855910450620702
2357,2026-01-16 03:00:00,3.1,18.8,6.7,18.1,19.7,4.251310747532136
2358,2026-01-16 04:00:00,2.8,18.8,5.7,17.7,19.4,4.627018660600201
2378,2026-01-17 00:00:00,12.0,24.7,15.7,23.4,25.3,3.9697008949137547
2379,2026-01-17 01:00:00,12.3,24.7,15.9,23.3,25.9,5.282603868996784
2380,2026-01-17 02:00:00,17.4,25.8,19.1,26.3,26.6,1.5405788631489392
2381,2026-01-17 03:00:00,18.1,26.9,19.1,26.5,25.9,1.9041196558059903
2382,2026-01-17 04:00:00,18.7,26.4,19.0,25.3,25.2,2.597527224374272
2390,2026-01-17 12:00:00,19.5,29.3,17.9,30.1,29.2,1.6702763642154366
2391,2026-01-17 13:00:00,23.9,28.4,19.7,26.1,27.0,4.266340773181273
2393,2026-01-17 15:00:00,17.7,23.2,14.6,22.3,24.0,3.671180092711674
2394,2026-01-17 16:00:00,19.0,23.3,15.4,23.9,25.6,4.916354441805848
2395,2026-01-17 17:00:00,9.0,21.4,6.7,23.1,23.8,5.421232381134302
2396,2026-01-17 18:00:00,10.3,25.8,7.7,25.1,25.2,1.4924857676216225
2401,2026-01-17 23:00:00,9.6,19.7,9.3,17.8,18.3,5.295084839675322
2402,2026-01-18 00:00:00,9.5,18.7,8.2,17.9,18.3,2.1857923497267784
2403,2026-01-18 01:00:00,9.1,18.2,7.3,17.8,17.8,1.287770117151577
2404,2026-01-18 02:00:00,8.7,17.9,6.7,17.7,17.7,0.6499252561234038
2405,2026-01-18 03:00:00,9.3,17.9,7.3,17.4,17.5,1.503267790377607
2414,2026-01-18 12:00:00,17.4,17.0,13.9,16.4,17.1,2.249072612198136
2415,2026-01-18 13:00:00,19.6,17.1,16.0,16.4,17.0,2.249072612198136
2416,2026-01-18 14:00:00,18.3,18.2,16.0,16.8,16.8,4.681218398834799
2417,2026-01-18 15:00:00,18.2,18.8,15.0,17.9,18.6,2.5637336127952737
2418,2026-01-18 16:00:00,18.9,18.5,15.6,17.9,20.0,5.753539269357432
2428,2026-01-19 02:00:00,17.2,17.6,15.1,17.1,16.6,2.923976608187134
2430,2026-01-19 04:00:00,13.7,15.6,10.3,16.1,15.0,3.5380538847662364
2431,2026-01-19 05:00:00,,16.1,7.3,14.8,15.9,4.487179487179488
2432,2026-01-19 06:00:00,,16.9,5.1,16.1,16.2,2.657865209476013
2434,2026-01-19 08:00:00,8.3,16.1,6.3,15.3,16.0,2.758796799709287
2436,2026-01-19 10:00:00,10.7,17.1,8.4,16.3,15.9,3.718114154122389
2448,2026-01-19 22:00:00,9.1,17.6,10.4,17.2,17.6,1.322176188983883
2449,2026-01-19 23:00:00,10.7,16.9,12.8,16.8,17.8,3.2082935226909357
2458,2026-01-20 08:00:00,5.1,16.8,7.0,16.0,17.2,3.6660605559646706
2460,2026-01-20 10:00:00,15.5,23.8,14.5,23.8,25.5,4.028025133881108
2461,2026-01-20 11:00:00,18.1,27.2,15.2,25.1,25.0,4.821382963411181
2462,2026-01-20 12:00:00,16.5,20.4,15.2,20.1,19.3,2.8526291152561805
2463,2026-01-20 13:00:00,8.3,18.9,11.2,17.0,18.3,5.37594180233707
2476,2026-01-21 02:00:00,11.1,24.1,17.9,22.6,24.9,4.89225695199357
2478,2026-01-21 04:00:00,16.3,20.9,18.1,21.6,22.1,2.7992478823568376
2479,2026-01-21 05:00:00,16.5,19.7,18.0,19.6,21.6,5.551442201765838
2480,2026-01-21 06:00:00,14.6,20.1,16.6,19.1,21.2,5.217202402843945
2481,2026-01-21 07:00:00,17.3,20.1,17.2,19.0,21.0,4.99999307864117
2482,2026-01-21 08:00:00,27.8,20.0,20.9,19.1,20.4,3.357140227804729
2483,2026-01-21 09:00:00,24.0,20.5,19.0,19.3,20.8,3.9293336302939457
2484,2026-01-21 10:00:00,13.3,20.7,15.5,20.1,20.6,1.570627159770836
2487,2026-01-21 13:00:00,19.5,22.4,18.6,21.3,21.6,2.6123617318885053
2523,2026-01-23 01:00:00,11.6,24.7,14.6,24.2,25.8,3.287290269828296
2526,2026-01-23 04:00:00,31.9,29.0,23.9,28.1,30.1,3.4460961470909903
2527,2026-01-23 05:00:00,,26.3,22.0,27.5,27.5,2.5565325572972344
2530,2026-01-23 08:00:00,6.4,20.0,8.1,17.8,18.8,5.838414007723782
2531,2026-01-23 09:00:00,5.2,18.7,5.9,17.8,19.5,4.556196722204667
2532,2026-01-23 10:00:00,6.2,20.3,7.9,19.7,21.5,4.470805556054479
2533,2026-01-23 11:00:00,10.9,24.7,12.6,23.2,23.1,3.7871351154221813
2543,2026-01-23 21:00:00,,24.0,12.2,22.7,25.4,5.6184824134616065
2573,2026-01-25 03:00:00,5.7,20.2,12.4,19.9,21.9,5.218932157214011
2574,2026-01-25 04:00:00,7.4,20.3,13.2,20.4,21.8,4.025518600130923
2577,2026-01-25 07:00:00,6.5,19.9,12.7,19.2,21.5,5.8365475854215845
2578,2026-01-25 08:00:00,5.7,19.7,12.3,21.6,21.3,4.895064998736287
2584,2026-01-25 14:00:00,7.7,19.9,13.9,20.0,20.9,2.717551256884588
2585,2026-01-25 15:00:00,9.3,19.2,12.4,19.8,19.7,1.6428706577500802
2586,2026-01-25 16:00:00,10.5,18.9,12.2,18.2,19.7,3.964200791971021
2590,2026-01-25 20:00:00,20.5,20.8,14.7,18.9,20.4,4.999993078641175
2601,2026-01-26 07:00:00,7.8,17.2,10.4,16.2,17.9,4.996493418314344
2607,2026-01-26 13:00:00,8.0,18.3,9.5,17.7,18.4,2.087833950661866
2608,2026-01-26 14:00:00,7.3,17.5,9.8,17.1,18.5,4.074069237812414
2615,2026-01-26 21:00:00,8.5,18.7,15.4,18.2,19.2,2.6737967914438503
2616,2026-01-26 22:00:00,8.7,17.6,16.2,16.5,18.2,4.945513252916849
2629,2026-01-27 11:00:00,10.2,18.5,13.6,18.2,19.6,3.927769873445117
2630,2026-01-27 12:00:00,13.0,20.0,14.7,20.3,19.8,1.2562120524576958
2631,2026-01-27 13:00:00,9.2,19.9,14.0,19.3,21.0,4.296517327700187
2652,2026-01-28 10:00:00,10.9,18.8,12.5,18.5,19.7,3.286841051788628
2653,2026-01-28 11:00:00,12.0,18.9,12.9,18.8,20.0,3.4618690390707423
2666,2026-01-29 00:00:00,17.6,25.3,19.7,26.3,27.2,3.618420667356153
2697,2026-01-30 07:00:00,,18.9,15.2,18.4,20.4,5.411610050605199
2698,2026-01-30 08:00:00,5.6,18.7,15.1,18.1,20.1,5.411179022263852
2699,2026-01-30 09:00:00,5.2,18.3,16.2,18.1,19.8,4.959914542621477
2718,2026-01-31 04:00:00,13.7,20.6,17.9,20.3,22.2,4.856276845022043
2719,2026-01-31 05:00:00,15.4,21.1,17.9,20.6,22.5,4.602270000839297
2720,2026-01-31 06:00:00,16.0,21.5,17.9,21.6,20.6,2.5938322828662943
2727,2026-01-31 13:00:00,14.5,21.4,16.6,21.6,22.5,2.683724554388848
2728,2026-01-31 14:00:00,8.2,19.9,15.4,19.4,20.3,2.269756586991395
2729,2026-01-31 15:00:00,4.3,21.5,12.0,21.3,21.3,0.5404214688202407
2738,2026-02-01 00:00:00,40.1,30.5,28.9,32.6,32.9,4.086467759569381
2741,2026-02-01 03:00:00,25.9,19.7,20.9,21.6,21.4,4.995361965985912
2742,2026-02-01 04:00:00,13.3,18.1,15.0,18.5,19.8,4.727762987933823
2743,2026-02-01 05:00:00,7.8,18.6,13.3,18.5,19.4,2.6192298383980015
2744,2026-02-01 06:00:00,6.5,18.6,13.1,18.9,19.5,2.4118819447135977
2751,2026-02-01 13:00:00,4.3,18.0,12.9,17.4,19.4,5.618541722022136
2752,2026-02-01 14:00:00,3.8,17.9,12.9,18.4,19.9,5.556048041279714
2760,2026-02-01 22:00:00,6.4,21.9,15.6,21.6,23.6,4.822262201896706
2761,2026-02-01 23:00:00,6.8,21.4,16.2,21.2,22.9,4.255682401455375
2762,2026-02-02 00:00:00,6.1,21.6,15.5,20.7,22.4,3.9435396668232063
2763,2026-02-02 01:00:00,7.0,22.4,15.9,21.6,22.2,1.886706343927002
2764,2026-02-02 02:00:00,7.0,20.8,15.4,19.5,21.9,5.79447629933765
2766,2026-02-02 04:00:00,5.0,19.7,14.3,19.7,21.3,4.565537548781229
2768,2026-02-02 06:00:00,,20.2,15.3,20.4,21.8,4.191248984173729
2770,2026-02-02 08:00:00,6.5,20.8,15.3,20.0,21.9,4.564302399124139
2771,2026-02-02 09:00:00,7.2,20.8,15.7,20.2,22.5,5.636387454542766
2772,2026-02-02 10:00:00,9.8,21.8,16.8,22.2,23.3,3.4624606828324063
2773,2026-02-02 11:00:00,15.8,23.7,18.8,23.5,24.9,3.1505732847713004
2785,2026-02-02 23:00:00,12.2,30.9,19.2,30.3,33.6,5.562783490900934
2790,2026-02-03 04:00:00,17.1,28.3,20.1,27.6,27.7,1.3585905133493479
2791,2026-02-03 05:00:00,20.7,26.3,21.0,25.1,27.5,4.562737642585549
2798,2026-02-03 12:00:00,43.0,30.4,33.6,29.8,30.3,1.0655967691704897
2811,2026-02-04 01:00:00,16.6,26.0,19.1,26.0,26.9,1.9757233546413016
2812,2026-02-04 02:00:00,13.6,25.6,18.0,24.0,26.4,4.823763889427198
2813,2026-02-04 03:00:00,14.9,24.9,17.8,23.8,26.3,5.011985634456668
2815,2026-02-04 05:00:00,14.9,23.7,17.1,22.4,24.6,4.693256017832272
2818,2026-02-04 08:00:00,16.0,24.0,17.9,21.5,22.8,5.491947096196501
2834,2026-02-05 00:00:00,14.8,24.8,18.1,25.1,25.8,2.033659751432054
2840,2026-02-05 06:00:00,15.4,20.4,15.8,20.1,21.4,3.2989624970374964
2844,2026-02-05 10:00:00,37.4,20.7,28.0,21.4,22.1,3.2710280373831835
2859,2026-02-06 01:00:00,43.3,32.5,32.1,32.6,33.2,1.1554238750356651
2860,2026-02-06 02:00:00,43.9,31.3,33.4,31.3,30.5,1.4883358174598316
2861,2026-02-06 03:00:00,43.6,28.6,32.7,27.6,30.5,5.097204104725338
2863,2026-02-06 05:00:00,,27.7,28.2,28.6,28.9,2.1989429571825347
2867,2026-02-06 09:00:00,37.8,23.4,24.2,21.0,23.0,5.7232348729928475
2868,2026-02-06 10:00:00,32.5,23.0,21.6,22.5,23.0,1.2642706624590347
2896,2026-02-07 14:00:00,5.2,17.6,6.4,18.4,19.4,4.883663992226954
2897,2026-02-07 15:00:00,3.7,18.4,5.1,17.9,19.4,4.113622706423555
2898,2026-02-07 16:00:00,6.5,18.1,8.2,19.1,18.7,2.7011930000968682
2902,2026-02-07 20:00:00,4.0,16.3,7.5,16.5,18.0,5.487149553057619
2909,2026-02-08 03:00:00,3.2,17.7,14.6,16.6,18.1,4.447015342645435
2910,2026-02-08 04:00:00,3.3,17.9,15.1,17.2,17.5,2.0029759986412032
2911,2026-02-08 05:00:00,3.3,17.6,16.0,17.6,16.8,2.6646935501059676
2912,2026-02-08 06:00:00,3.9,16.4,16.8,17.8,16.3,4.982077475409557
2930,2026-02-09 00:00:00,5.4,19.0,16.8,19.1,20.9,5.4369542143543805
2931,2026-02-09 01:00:00,5.8,18.9,16.6,18.9,20.4,4.464048473115663
2932,2026-02-09 02:00:00,6.0,19.5,16.6,18.8,19.9,2.869981630324748
2933,2026-02-09 03:00:00,5.9,19.5,17.0,18.9,20.0,2.8292314455236864
2934,2026-02-09 04:00:00,6.2,19.5,17.5,18.8,20.0,3.101739506007738
2935,2026-02-09 05:00:00,,19.1,17.2,18.9,20.0,3.03075790193913
2936,2026-02-09 06:00:00,,19.3,16.3,18.7,19.7,2.616927013958666
2937,2026-02-09 07:00:00,7.4,19.1,16.5,18.7,19.9,3.17682890464876
2938,2026-02-09 08:00:00,7.7,18.7,16.3,18.7,19.8,3.3308669376324604
2939,2026-02-09 09:00:00,8.2,19.2,16.2,18.8,19.7,2.3444972718316572
2940,2026-02-09 10:00:00,6.8,18.7,15.5,18.6,19.4,2.306295737323102
2941,2026-02-09 11:00:00,5.9,18.8,15.4,18.4,19.6,3.2271659823632746
2942,2026-02-09 12:00:00,5.3,19.7,15.5,18.8,20.1,3.4087004019519083
2943,2026-02-09 13:00:00,5.3,21.1,15.7,19.9,21.3,3.6461690823757844
2955,2026-02-10 01:00:00,6.4,23.5,14.6,24.1,26.2,5.763189788112935
2958,2026-02-10 04:00:00,11.7,25.0,18.2,23.2,25.1,4.376266011554011
2959,2026-02-10 05:00:00,20.2,28.4,21.2,25.6,26.4,5.381419814125354
2960,2026-02-10 06:00:00,20.9,24.8,21.5,24.1,24.9,1.7719101396506753
2961,2026-02-10 07:00:00,22.6,23.9,21.8,23.4,25.4,4.295046766436313
2965,2026-02-10 11:00:00,41.6,28.0,34.6,29.5,30.8,4.760554826043874
2966,2026-02-10 12:00:00,43.6,32.4,39.1,32.9,33.3,1.3719826834146716
2971,2026-02-10 17:00:00,12.9,26.5,13.3,23.9,25.8,5.296702380737685
2984,2026-02-11 06:00:00,,22.7,11.4,21.5,23.2,3.8888256445344656
2985,2026-02-11 07:00:00,,23.6,13.9,21.0,22.5,5.835103412951388
2988,2026-02-11 10:00:00,,18.3,14.9,18.4,17.8,1.769477203851914
2989,2026-02-11 11:00:00,,18.4,8.2,17.3,17.6,3.2005107146776623
2990,2026-02-11 12:00:00,,19.3,9.5,18.0,18.5,3.5255045829580665
3006,2026-02-12 04:00:00,3.0,19.2,6.7,18.2,19.8,4.239285193350403
3007,2026-02-12 05:00:00,2.8,19.1,5.6,18.2,20.2,5.2260797221971185
3029,2026-02-13 03:00:00,4.9,21.7,8.9,20.8,21.8,2.569628560164587
3031,2026-02-13 05:00:00,,21.2,9.1,21.1,21.7,1.5068204314051457
3032,2026-02-13 06:00:00,,21.3,11.5,19.7,21.3,4.448284578026013
3033,2026-02-13 07:00:00,,21.5,13.6,19.6,21.3,5.019378129283915
3034,2026-02-13 08:00:00,9.9,21.0,14.4,20.0,21.5,3.6660605559646715
3035,2026-02-13 09:00:00,12.3,21.2,14.8,20.9,21.2,0.8208771599852519
3036,2026-02-13 10:00:00,16.0,22.0,17.0,23.1,22.4,2.474561939035569
3037,2026-02-13 11:00:00,18.2,23.5,17.8,23.9,23.5,0.9771795811389963
3038,2026-02-13 12:00:00,19.2,24.3,19.0,23.2,24.1,2.455083216654605
3039,2026-02-13 13:00:00,12.3,24.3,16.7,22.5,23.0,3.9935128552339143
3049,2026-02-13 23:00:00,16.9,36.1,21.4,34.1,35.1,2.849002849002849
3050,2026-02-14 00:00:00,21.5,31.3,23.3,31.4,30.3,1.9621814613865203
3058,2026-02-14 08:00:00,33.3,26.1,26.4,29.1,28.0,5.472380979727023
3060,2026-02-14 10:00:00,20.3,23.8,19.1,21.2,22.3,5.8177628381729285
3061,2026-02-14 11:00:00,17.0,23.8,17.8,22.7,22.6,2.8907357967349037
3063,2026-02-14 13:00:00,10.2,23.1,13.3,21.2,23.0,4.766423456863433
3064,2026-02-14 14:00:00,11.0,23.2,14.3,21.1,23.1,5.272805829055446
3078,2026-02-15 04:00:00,38.0,26.3,25.8,26.7,28.5,4.313716768404158
3082,2026-02-15 08:00:00,36.4,25.9,23.1,23.8,26.1,5.042616056363162
3083,2026-02-15 09:00:00,34.3,26.2,23.6,23.8,24.1,5.294209243166805
3103,2026-02-16 05:00:00,,21.2,11.7,21.9,23.7,5.792078479686558
3106,2026-02-16 08:00:00,12.6,22.0,16.4,23.6,23.9,4.409080128358147
3107,2026-02-16 09:00:00,10.0,22.3,14.0,22.9,24.7,5.360513303346262
3108,2026-02-16 10:00:00,12.6,22.3,16.6,24.3,24.8,5.558301073665106
3110,2026-02-16 12:00:00,16.4,24.5,17.9,25.0,26.3,3.6774036582496996
3112,2026-02-16 14:00:00,16.5,25.1,17.6,24.9,25.4,1.0013043017600456
3128,2026-02-17 06:00:00,38.7,24.1,27.2,24.2,23.7,1.1023963796102478
3132,2026-02-17 10:00:00,37.9,29.1,26.0,27.8,27.3,3.3105367849801333
3133,2026-02-17 11:00:00,38.5,26.7,27.7,29.2,27.4,4.644788024526556
3135,2026-02-17 13:00:00,33.8,26.8,23.6,25.7,26.6,2.2223003579326135
3136,2026-02-17 14:00:00,22.2,23.4,15.9,23.5,24.5,2.555782575755557
3137,2026-02-17 15:00:00,12.4,24.0,8.2,23.7,25.8,4.635843547592064
3143,2026-02-17 21:00:00,13.4,19.4,9.2,19.7,21.2,4.797836199498985
3144,2026-02-17 22:00:00,14.8,21.5,11.2,22.6,23.7,4.867256637168141
3146,2026-02-18 00:00:00,23.6,23.4,16.6,26.1,25.2,5.521175536091379
3147,2026-02-18 01:00:00,29.9,21.4,19.3,19.9,20.0,4.104321574358603
3148,2026-02-18 02:00:00,27.4,19.5,17.7,18.9,19.7,2.1497411354211384
3149,2026-02-18 03:00:00,23.6,17.8,17.2,16.6,18.4,5.207472380631629
3150,2026-02-18 04:00:00,17.6,16.5,13.7,16.9,16.5,1.3884174810171312
3151,2026-02-18 05:00:00,15.7,16.8,11.3,17.1,16.8,1.0248821346561428
3152,2026-02-18 06:00:00,20.8,17.8,15.8,16.4,18.3,5.6279187438834954
3153,2026-02-18 07:00:00,24.4,17.9,16.1,17.5,19.3,5.183710010514748
3154,2026-02-18 08:00:00,26.5,18.4,15.6,18.4,20.2,5.469634129164879
3157,2026-02-18 11:00:00,27.7,20.9,16.5,18.9,20.6,5.357182015683261
3163,2026-02-18 17:00:00,16.9,19.2,8.7,19.1,20.1,2.829231445523685
3164,2026-02-18 18:00:00,18.1,18.8,10.8,19.2,20.9,5.679364578498376
3166,2026-02-18 20:00:00,24.2,21.3,17.4,21.6,22.6,3.1176454742995645
3167,2026-02-18 21:00:00,27.3,23.3,17.6,22.4,23.1,2.060675418424108
3168,2026-02-18 22:00:00,30.4,23.1,18.6,23.7,24.1,2.1297135219381516
3169,2026-02-18 23:00:00,31.0,23.9,18.9,22.2,24.1,4.461669448252375
3170,2026-02-19 00:00:00,31.2,24.4,19.4,22.8,23.6,3.389830508474571
3171,2026-02-19 01:00:00,30.1,23.4,18.0,20.9,22.8,5.835103412951385
3173,2026-02-19 03:00:00,8.5,18.3,4.8,18.3,18.6,0.9413319606352615
3174,2026-02-19 04:00:00,6.3,19.3,4.8,18.0,19.0,3.627100862639812
3176,2026-02-19 06:00:00,6.7,20.6,5.4,19.8,19.4,3.0652680233818397
3177,2026-02-19 07:00:00,8.7,21.1,7.3,22.5,21.1,3.7478688262695914
3180,2026-02-19 10:00:00,10.5,24.1,10.5,24.4,23.0,3.0927754388106257
3181,2026-02-19 11:00:00,15.3,23.3,15.7,23.3,25.0,4.112411135289232
3198,2026-02-20 04:00:00,30.1,28.6,20.1,28.2,29.6,2.503855052405551
3200,2026-02-20 06:00:00,,27.3,18.7,28.3,25.7,4.839438025315132
3201,2026-02-20 07:00:00,,26.2,15.9,25.9,24.8,2.8755974496093564
3202,2026-02-20 08:00:00,30.2,25.2,18.5,23.8,24.8,2.931342500377225
3207,2026-02-20 13:00:00,30.0,23.7,21.2,22.5,24.0,3.3919888603392176
3208,2026-02-20 14:00:00,22.4,24.7,15.6,22.8,25.5,5.699354537730057
3211,2026-02-20 17:00:00,8.8,19.6,6.3,19.5,18.3,3.7809293404548265
3218,2026-02-21 00:00:00,6.3,16.3,5.7,17.7,16.6,4.370226163536749
3219,2026-02-21 01:00:00,5.0,16.6,4.9,17.1,15.7,4.308460861091659
3220,2026-02-21 02:00:00,4.7,16.0,4.5,16.8,16.1,2.6741711310065486
3221,2026-02-21 03:00:00,5.2,16.7,5.0,18.2,16.4,5.639561848533893
3222,2026-02-21 04:00:00,5.6,17.3,5.5,17.2,16.5,2.56405820208275
3223,2026-02-21 05:00:00,5.1,17.7,5.2,17.3,16.1,4.888452444930246
3224,2026-02-21 06:00:00,6.7,17.6,6.3,16.8,16.4,3.608327318862874
3225,2026-02-21 07:00:00,6.8,17.5,6.0,17.8,16.1,5.295975715492681
3226,2026-02-21 08:00:00,7.1,17.2,6.2,17.1,16.1,3.6206919823203645
3227,2026-02-21 09:00:00,7.6,17.1,6.4,18.0,16.2,5.263157894736844
3232,2026-02-21 14:00:00,3.3,18.1,3.9,16.9,17.2,3.589079309424375
3234,2026-02-21 16:00:00,4.1,19.1,4.6,17.4,17.9,4.818140596353375
3238,2026-02-21 20:00:00,4.3,18.6,5.6,18.8,19.5,2.4916426851946936
3239,2026-02-21 21:00:00,4.5,18.1,5.9,18.1,19.5,4.3534490674980715
3240,2026-02-21 22:00:00,5.0,17.7,6.3,17.2,19.2,5.771717188907947
3246,2026-02-22 04:00:00,4.4,16.3,5.8,15.9,17.2,4.043519100291125
3247,2026-02-22 05:00:00,5.5,16.1,6.5,16.2,17.2,3.6865227456352803
3248,2026-02-22 06:00:00,6.7,16.4,7.3,17.7,17.4,3.965160748866436
3249,2026-02-22 07:00:00,7.2,16.6,7.9,16.4,18.0,5.1281164041655
3250,2026-02-22 08:00:00,8.7,17.3,8.8,17.9,18.9,4.4822017201412665
3251,2026-02-22 09:00:00,10.3,17.4,10.1,17.2,19.0,5.521883801100281
3252,2026-02-22 10:00:00,12.8,19.3,12.2,18.3,19.4,3.2014539633148487
3253,2026-02-22 11:00:00,16.6,18.8,15.7,20.3,20.6,4.84605565879043
3254,2026-02-22 12:00:00,18.7,19.2,17.2,20.2,21.3,5.191417217986405
3255,2026-02-22 13:00:00,15.3,19.3,14.0,19.4,21.0,4.7936643287283704
3256,2026-02-22 14:00:00,8.6,18.8,7.2,18.2,19.2,2.6867738203810503
3262,2026-02-22 20:00:00,2.0,19.6,5.9,18.4,20.5,5.402899360437306
3263,2026-02-22 21:00:00,2.5,19.5,6.7,18.6,20.5,4.865726085113734
3271,2026-02-23 05:00:00,,18.0,5.4,16.1,17.6,5.812371064339152
3274,2026-02-23 08:00:00,1.7,17.1,5.3,15.4,16.7,5.419630742265604
3275,2026-02-23 09:00:00,2.0,17.5,5.4,15.7,16.5,5.443762277049774
3277,2026-02-23 11:00:00,2.0,16.3,5.3,15.6,15.9,2.204111663776727
3278,2026-02-23 12:00:00,1.8,16.5,5.4,15.0,16.0,4.8237638894272
3279,2026-02-23 13:00:00,2.9,16.6,5.9,15.8,15.5,3.5613198557895616
3280,2026-02-23 14:00:00,2.6,15.8,7.1,17.0,15.4,5.182570953027715
3281,2026-02-23 15:00:00,2.3,15.9,8.0,16.6,15.4,3.7751860793371903
3282,2026-02-23 16:00:00,2.0,16.8,8.5,15.3,15.8,4.783481936279581
3283,2026-02-23 17:00:00,2.0,17.2,8.2,15.9,16.1,4.268292682926823
3284,2026-02-23 18:00:00,2.2,17.2,8.2,15.8,16.6,4.2482474809890025
3287,2026-02-23 21:00:00,2.9,18.7,7.4,16.7,17.5,5.708759497369187
3288,2026-02-23 22:00:00,3.8,19.0,8.4,17.7,17.7,4.139092003381509
3289,2026-02-23 23:00:00,3.4,18.1,7.7,17.8,17.4,1.9766704977209717
3290,2026-02-24 00:00:00,3.7,17.9,8.5,17.7,17.6,0.8613864088262785
3291,2026-02-24 01:00:00,4.0,17.4,9.2,16.2,17.7,4.641668966779983
3292,2026-02-24 02:00:00,3.4,17.8,6.9,17.7,17.4,1.1805289221925195
3293,2026-02-24 03:00:00,3.7,18.5,5.7,18.1,18.0,1.4537095115739496
3294,2026-02-24 04:00:00,3.5,18.8,6.0,19.0,18.6,1.0638297872340388
3295,2026-02-24 05:00:00,3.2,19.1,6.2,18.5,19.5,2.6444253713732926
3296,2026-02-24 06:00:00,2.6,19.4,6.2,19.1,20.2,2.9060855381996524
3297,2026-02-24 07:00:00,2.6,20.0,6.3,18.7,20.5,4.708567521880527
3298,2026-02-24 08:00:00,2.8,19.9,6.6,19.1,20.6,3.7779631708717116
3299,2026-02-24 09:00:00,2.5,19.9,6.6,19.0,20.3,3.3741527627429364
3300,2026-02-24 10:00:00,3.2,19.5,7.2,18.1,19.7,4.56429208747714
3301,2026-02-24 11:00:00,3.4,19.0,8.0,18.3,20.1,4.742389403768713
3321,2026-02-25 07:00:00,35.7,25.9,24.9,25.5,27.4,3.8134464977961198
3322,2026-02-25 08:00:00,35.9,26.6,25.2,27.7,26.2,2.894703154715786
3323,2026-02-25 09:00:00,35.6,26.1,24.0,28.2,28.2,4.408856601084411
3326,2026-02-25 12:00:00,33.2,33.5,26.3,35.6,32.8,4.289988811461123
3330,2026-02-25 16:00:00,9.0,18.8,10.0,17.7,18.0,3.130040753987523
3338,2026-02-26 00:00:00,19.4,23.7,17.0,23.8,24.4,1.5796685245619646
3346,2026-02-26 08:00:00,27.6,23.9,19.0,23.3,22.6,2.796450042398724
3348,2026-02-26 10:00:00,32.7,32.0,22.7,31.9,29.0,5.502423215987968
3363,2026-02-27 01:00:00,34.8,30.7,26.8,31.2,30.1,1.7959469175932907
3367,2026-02-27 05:00:00,,27.4,16.1,25.6,24.6,5.485514601492976
3368,2026-02-27 06:00:00,,26.6,17.2,24.2,25.8,4.785979838073989
3369,2026-02-27 07:00:00,,25.0,18.7,24.1,26.8,5.4338842232677935
3370,2026-02-27 08:00:00,21.1,27.6,17.6,24.8,26.4,5.348047590280578
3371,2026-02-27 09:00:00,33.8,28.1,23.4,25.4,26.4,5.125305439159773
3372,2026-02-27 10:00:00,39.4,26.6,26.1,29.1,26.6,5.2613937046442185
3373,2026-02-27 11:00:00,39.3,28.4,27.6,29.4,26.9,4.456808993666322
3374,2026-02-27 12:00:00,28.9,29.6,22.6,28.8,28.1,2.603082138542821
3385,2026-02-27 23:00:00,14.8,28.3,19.2,31.2,30.7,5.156104636023716
3393,2026-02-28 07:00:00,33.0,28.3,21.0,30.5,29.4,3.7414965986394555
3394,2026-02-28 08:00:00,32.1,27.8,19.5,30.7,30.2,5.243299190184207
3395,2026-02-28 09:00:00,32.2,27.6,19.3,29.7,28.5,3.6837950184799757
3399,2026-02-28 13:00:00,18.5,28.8,14.9,27.9,30.8,5.089244360734247
3401,2026-02-28 15:00:00,5.3,9.0,4.5,9.0,9.1,0.6391331393243067
3402,2026-02-28 16:00:00,2.9,8.6,3.4,8.1,8.0,3.904312048985001
3413,2026-03-01 03:00:00,30.4,30.9,20.0,34.0,31.4,5.184833949250232
3428,2026-03-01 18:00:00,3.4,19.8,4.9,17.9,18.0,5.759071788992981
3432,2026-03-01 22:00:00,8.6,22.0,10.0,20.4,21.9,4.181751060575042
3433,2026-03-01 23:00:00,11.6,23.5,11.5,25.6,25.1,4.435170531510606
3435,2026-03-02 01:00:00,9.5,25.1,12.9,27.2,26.8,4.229008516732672
3437,2026-03-02 03:00:00,7.6,23.7,14.4,24.6,26.5,5.733096695826622
3439,2026-03-02 05:00:00,,22.3,11.8,22.1,22.7,1.3658943949197684
3440,2026-03-02 06:00:00,,22.5,17.0,23.6,22.9,2.420767114273926
3444,2026-03-02 10:00:00,8.7,20.5,17.4,21.8,22.7,5.104818468626785
3445,2026-03-02 11:00:00,7.9,21.7,14.1,22.6,23.5,3.982300884955754
3446,2026-03-02 12:00:00,5.7,23.8,12.9,22.2,23.4,3.5994224774630554
3459,2026-03-03 01:00:00,21.3,26.8,20.7,25.3,27.9,4.8941929876129695
3461,2026-03-03 03:00:00,30.2,30.1,22.0,29.4,29.7,1.1811271023377556
3478,2026-03-03 20:00:00,8.7,22.5,10.8,22.2,24.0,4.21120120567378
3483,2026-03-04 01:00:00,7.0,17.6,7.5,18.7,19.7,5.627125448781684
3484,2026-03-04 02:00:00,9.5,18.3,9.8,18.5,20.1,5.201633949718366
3489,2026-03-04 07:00:00,17.9,20.9,17.0,20.5,19.4,3.8326250650431075
3491,2026-03-04 09:00:00,32.7,24.7,21.1,23.3,23.1,3.6783957329457118
3492,2026-03-04 10:00:00,34.2,27.4,22.2,25.6,25.5,4.086373231170808
3523,2026-03-05 17:00:00,32.8,33.2,22.0,31.2,31.9,3.161648462645557
3527,2026-03-05 21:00:00,3.5,18.2,2.4,17.5,18.6,3.076112907640899
3528,2026-03-05 22:00:00,2.4,17.5,2.4,16.8,18.0,3.4575796022992566
3529,2026-03-05 23:00:00,2.2,17.0,2.7,17.3,17.4,1.2079299803478503
3530,2026-03-06 00:00:00,2.5,16.7,3.1,17.6,17.1,2.6318578323869093
3532,2026-03-06 02:00:00,4.1,18.3,3.8,17.5,16.3,5.796417992530327
3533,2026-03-06 03:00:00,3.3,17.7,3.2,17.4,16.6,3.299559402172523
3534,2026-03-06 04:00:00,2.1,16.9,2.6,17.4,16.5,2.662942767415091
3535,2026-03-06 05:00:00,,17.3,2.6,17.6,16.3,3.9883941126293254
3536,2026-03-06 06:00:00,,18.0,2.8,17.2,16.4,4.651162790697679
3537,2026-03-06 07:00:00,,16.9,2.9,17.4,16.2,3.5808200633713096
3538,2026-03-06 08:00:00,1.9,16.8,2.9,17.4,16.2,3.571428571428569
3540,2026-03-06 10:00:00,2.9,17.9,3.5,17.2,16.0,5.641305403287501
3541,2026-03-06 11:00:00,3.2,17.8,3.6,17.2,16.2,4.736076426946153
3542,2026-03-06 12:00:00,5.3,18.0,4.8,17.4,16.4,4.681218398834808
3543,2026-03-06 13:00:00,6.5,17.9,6.1,16.5,16.1,5.614830447032794
3546,2026-03-06 16:00:00,5.7,18.2,5.2,17.3,17.4,2.797476103392955
3547,2026-03-06 17:00:00,5.7,19.0,4.9,17.9,17.6,4.057494383026784
3548,2026-03-06 18:00:00,7.0,19.5,6.2,17.8,17.6,5.705085523994833
3549,2026-03-06 19:00:00,4.3,18.8,4.2,18.2,18.1,2.0613097443921142
3550,2026-03-06 20:00:00,4.5,17.9,4.2,18.0,18.2,0.8470565055371251
3551,2026-03-06 21:00:00,3.1,17.4,3.7,18.0,19.0,4.45748369594932
3552,2026-03-06 22:00:00,3.7,16.9,4.3,17.6,18.1,3.4378595665447085
3553,2026-03-06 23:00:00,3.9,16.7,4.7,17.6,17.5,2.8568819665924265
3554,2026-03-07 00:00:00,3.9,16.1,4.8,17.5,17.1,4.266924586347912
3555,2026-03-07 01:00:00,3.9,17.1,4.6,18.1,16.8,3.927034203204259
3557,2026-03-07 03:00:00,7.8,17.2,7.6,17.5,16.1,4.353020548719675
3558,2026-03-07 04:00:00,5.0,16.3,5.1,17.0,16.5,2.172018840640956
3559,2026-03-07 05:00:00,4.3,17.3,4.5,18.6,16.8,5.289320631789891
3560,2026-03-07 06:00:00,6.5,16.4,6.1,17.7,16.0,5.3222721061769995
3563,2026-03-07 09:00:00,8.2,17.1,7.2,17.2,16.0,3.9711698519757825
3564,2026-03-07 10:00:00,9.5,18.0,8.2,16.6,16.7,4.567397471290441
3567,2026-03-07 13:00:00,8.3,17.1,6.5,17.1,18.8,5.555634665786962
3568,2026-03-07 14:00:00,6.4,17.4,4.8,17.7,17.8,1.1805289221925197
3569,2026-03-07 15:00:00,5.7,18.0,4.0,17.4,18.1,2.122956390953381
3570,2026-03-07 16:00:00,4.6,18.5,2.7,16.6,18.1,5.6484884215476345
3577,2026-03-07 23:00:00,5.5,18.5,4.5,18.1,19.5,3.8562045726887555
3578,2026-03-08 00:00:00,6.3,19.7,5.3,18.4,19.2,3.433213887069112
3579,2026-03-08 01:00:00,7.0,17.8,5.4,18.0,18.8,2.9074190231479027
3580,2026-03-08 02:00:00,6.4,18.1,4.9,18.0,18.4,1.1458711923666727
3581,2026-03-08 03:00:00,7.0,19.2,5.3,17.6,18.1,4.4728703671434085
3601,2026-03-08 23:00:00,17.2,25.3,12.8,24.4,26.9,4.959117470815294
3605,2026-03-09 03:00:00,17.0,19.1,15.5,18.0,19.4,3.913866263273624
3607,2026-03-09 05:00:00,,17.2,11.1,17.2,16.2,3.423025311400944
3608,2026-03-09 06:00:00,,16.9,11.6,16.8,15.8,3.6865227456352803
3609,2026-03-09 07:00:00,12.7,17.1,10.7,16.8,15.5,5.164919361203677
3612,2026-03-09 10:00:00,10.8,16.1,10.7,16.8,16.1,2.4743582965269653
3618,2026-03-09 16:00:00,5.3,5.6,3.5,5.2,5.0,5.800728727792199
3619,2026-03-09 17:00:00,3.2,5.7,2.8,6.0,6.3,4.999999999999997
3620,2026-03-09 18:00:00,3.1,7.0,3.0,7.1,7.3,2.1413905116616068
3621,2026-03-09 19:00:00,2.8,8.2,3.6,7.5,7.7,4.622501635210238
3626,2026-03-10 00:00:00,9.5,33.6,12.3,33.0,34.4,2.0862680698718274
3635,2026-03-10 09:00:00,12.2,19.3,10.2,20.5,20.7,3.754650145983648
3660,2026-03-11 10:00:00,15.6,23.7,12.4,23.3,23.1,1.307439570600806
3683,2026-03-12 09:00:00,2.8,18.3,0.6,17.0,17.4,3.7903196120376084
3685,2026-03-12 11:00:00,4.6,20.4,1.2,18.9,18.3,5.633673867912479
3686,2026-03-12 12:00:00,5.1,19.7,1.5,18.5,17.9,4.901150475888601
3699,2026-03-13 01:00:00,2.3,19.6,5.8,17.9,18.6,4.568985960062858
3702,2026-03-13 04:00:00,1.6,19.6,5.2,17.6,18.9,5.427214740691025
3703,2026-03-13 05:00:00,,19.8,5.2,17.8,19.0,5.335572039060601
3704,2026-03-13 06:00:00,,19.9,4.9,18.0,19.1,5.020732639036552
3705,2026-03-13 07:00:00,,20.3,6.6,18.5,20.0,4.920229980098449
3706,2026-03-13 08:00:00,3.1,20.5,7.3,18.5,19.5,5.128205128205129
3707,2026-03-13 09:00:00,3.5,20.8,7.6,18.7,20.1,5.38221977595485
3754,2026-03-15 08:00:00,5.6,21.5,10.3,19.2,20.9,5.810237067588728
3756,2026-03-15 10:00:00,3.7,22.2,7.7,20.8,20.5,4.286821287816123
3757,2026-03-15 11:00:00,5.1,22.6,9.1,21.5,22.0,2.499653803609429
3758,2026-03-15 12:00:00,5.5,22.7,8.6,20.5,21.2,5.235936428598558
3827,2026-03-18 09:00:00,3.1,21.8,11.2,19.9,21.3,4.689932286569579
3828,2026-03-18 10:00:00,4.2,22.7,11.9,21.4,22.5,3.153153153153156
3829,2026-03-18 11:00:00,5.8,24.1,12.4,22.3,22.8,4.0281386892388324
3845,2026-03-19 03:00:00,15.4,25.9,16.5,24.1,26.6,5.051055384374177
3846,2026-03-19 04:00:00,18.8,27.8,17.6,25.9,28.4,4.769006565274518
3847,2026-03-19 05:00:00,19.4,27.9,16.4,29.1,26.5,4.675262585854646
3848,2026-03-19 06:00:00,19.1,28.9,15.7,29.8,26.7,5.6022827699792455
3851,2026-03-19 09:00:00,29.3,28.2,22.7,27.6,25.4,5.446636548644334
3852,2026-03-19 10:00:00,27.4,27.1,21.3,27.4,27.3,0.5602170776229585
3853,2026-03-19 11:00:00,20.6,28.4,16.7,27.6,29.6,3.52796001648166
3863,2026-03-19 21:00:00,2.5,23.9,7.8,21.4,23.1,5.599625146843731
3875,2026-03-20 09:00:00,16.9,24.1,16.9,23.6,23.9,1.0544461501774784
3898,2026-03-21 08:00:00,4.5,20.5,3.5,18.4,18.9,5.693592620036107
3915,2026-03-22 01:00:00,3.3,25.9,10.1,23.3,24.9,5.309666821297162
3917,2026-03-22 03:00:00,4.0,25.4,9.7,23.7,24.9,3.541984438400311
3919,2026-03-22 05:00:00,5.6,25.1,10.9,24.7,24.9,0.8032128514056269
3935,2026-03-22 21:00:00,5.0,20.9,5.0,19.8,20.6,2.782825792696894
3936,2026-03-22 22:00:00,4.5,20.1,4.1,20.0,21.0,2.7042081246903917
3938,2026-03-23 00:00:00,9.1,23.0,6.9,21.3,21.7,4.040088371507085
3947,2026-03-23 09:00:00,4.9,17.0,5.1,17.3,16.9,1.219726171562193
3948,2026-03-23 10:00:00,4.8,18.2,5.2,17.5,16.4,5.224820571522536
3960,2026-03-23 22:00:00,3.6,18.4,4.7,17.8,17.6,2.32156059420014
3961,2026-03-23 23:00:00,3.0,18.2,4.7,18.2,17.5,2.249416633206332
3962,2026-03-24 00:00:00,3.2,17.9,4.9,18.2,17.1,3.2065267122616437
3963,2026-03-24 01:00:00,3.6,17.8,5.2,18.2,17.0,3.4585476943062927
3964,2026-03-24 02:00:00,4.6,17.7,5.7,17.7,16.5,4.004741751604337
3965,2026-03-24 03:00:00,4.1,17.5,5.9,17.6,16.3,4.222282959963172
3966,2026-03-24 04:00:00,3.8,17.2,6.1,17.3,16.2,3.5992677694072333
3967,2026-03-24 05:00:00,4.2,17.7,5.4,16.5,17.2,3.518120879382317
3968,2026-03-24 06:00:00,3.2,18.3,5.2,17.7,17.5,2.334578690990058
3969,2026-03-24 07:00:00,3.0,18.5,5.7,17.7,17.1,3.9533409954419234
3970,2026-03-24 08:00:00,3.4,19.1,6.5,17.8,17.1,5.6382730917179
3971,2026-03-24 09:00:00,5.7,19.6,8.5,17.7,17.8,5.821784004481109
3997,2026-03-25 11:00:00,16.9,27.5,17.5,27.5,25.0,5.4126587736527405
4035,2026-03-27 01:00:00,2.8,24.8,4.6,23.2,25.8,5.331250832765857
4036,2026-03-27 02:00:00,3.3,25.0,4.5,22.6,23.0,5.463824793763711
4060,2026-03-28 02:00:00,6.7,25.9,11.0,24.1,26.2,4.471581374645878
4061,2026-03-28 03:00:00,5.3,24.6,9.4,24.8,25.4,1.669785561069084
4062,2026-03-28 04:00:00,5.7,24.6,9.9,26.6,24.9,4.251955239780144
4063,2026-03-28 05:00:00,6.3,24.5,10.1,24.6,24.3,0.6243291137542024
4064,2026-03-28 06:00:00,4.8,24.3,9.8,22.4,23.8,4.191003319913241
4065,2026-03-28 07:00:00,3.7,23.9,9.3,23.5,23.4,1.1210810640104187
4066,2026-03-28 08:00:00,2.8,23.4,9.9,23.2,23.1,0.6574714053021236
4067,2026-03-28 09:00:00,3.5,24.4,10.2,22.4,22.8,4.561640191490672
4069,2026-03-28 11:00:00,2.9,24.2,9.3,22.9,23.0,3.0959392887604436
4081,2026-03-28 23:00:00,1.9,26.6,8.9,25.2,27.7,4.728288334393083
4082,2026-03-29 00:00:00,3.5,27.3,9.5,27.2,29.0,3.634488839639167
4083,2026-03-29 01:00:00,6.2,27.0,11.7,25.9,27.2,2.62172284644195
4087,2026-03-29 05:00:00,5.7,24.4,11.2,22.9,24.0,3.2682132391952448
4088,2026-03-29 06:00:00,7.3,24.8,12.9,23.2,23.8,3.377257842056309
4093,2026-03-29 11:00:00,21.3,26.6,21.8,26.1,24.6,4.039455367657437
4137,2026-03-31 07:00:00,4.1,22.5,3.5,20.8,21.5,3.9555572894988558
4139,2026-03-31 09:00:00,4.6,21.5,3.8,19.7,21.8,5.408484138857408
4140,2026-03-31 10:00:00,6.5,23.7,5.3,25.2,24.8,3.161785671026064
4141,2026-03-31 11:00:00,8.4,24.7,6.9,25.6,26.5,3.5156250000000013
4142,2026-03-31 12:00:00,5.9,22.8,4.9,23.0,24.4,3.7255546525988623
4158,2026-04-01 04:00:00,2.9,18.9,3.9,17.5,18.9,4.3849387533389255
4159,2026-04-01 05:00:00,3.2,18.6,3.6,17.1,18.4,4.51637401954551
4160,2026-04-01 06:00:00,5.5,18.9,4.7,17.4,18.4,4.18882604657755
4161,2026-04-01 07:00:00,4.7,19.5,4.6,17.9,18.7,4.278074866310164
4189,2026-04-02 11:00:00,1.7,18.4,2.4,16.7,17.5,4.850703734666566
4199,2026-04-02 21:00:00,1.6,18.9,3.7,18.3,18.8,1.722080493034452
4200,2026-04-02 22:00:00,1.8,18.5,3.8,17.9,18.6,2.065057580291016
4201,2026-04-02 23:00:00,1.9,18.0,3.7,17.8,17.8,0.6462876147645042
4202,2026-04-03 00:00:00,1.7,17.8,3.3,17.7,17.5,0.8646369235765747
4203,2026-04-03 01:00:00,1.5,18.0,3.2,17.9,17.6,1.167289345495022
4204,2026-04-03 02:00:00,1.5,18.0,3.1,17.8,17.5,1.4164792561483586
4205,2026-04-03 03:00:00,1.7,18.1,3.3,17.9,17.4,2.0255906041932588
4206,2026-04-03 04:00:00,1.5,17.7,3.2,17.8,17.1,2.1592807398480085
4207,2026-04-03 05:00:00,,17.2,3.2,17.6,16.9,2.0378440527761668
4208,2026-04-03 06:00:00,,16.9,3.5,17.6,16.6,3.012681862688975
4209,2026-04-03 07:00:00,,17.0,3.3,17.5,16.7,2.3680382134730764
4210,2026-04-03 08:00:00,2.9,17.2,3.4,17.4,16.8,1.783103383251294
4211,2026-04-03 09:00:00,3.4,17.4,3.5,17.6,17.3,0.8762095019036059
4212,2026-04-03 10:00:00,4.9,18.3,4.3,17.5,17.9,2.234636871508382
4214,2026-04-03 12:00:00,5.9,19.6,4.5,17.7,19.1,5.238754149891551
4215,2026-04-03 13:00:00,3.6,19.8,2.9,17.8,18.2,5.689787765730304
4253,2026-04-05 03:00:00,,19.8,4.1,18.1,19.5,4.742389403768707
4254,2026-04-05 04:00:00,,18.8,3.7,17.7,18.6,3.190271475725403
4256,2026-04-05 06:00:00,,18.5,3.2,16.7,18.2,5.4177813264005374
4258,2026-04-05 08:00:00,,18.9,3.1,17.6,17.7,4.0041576409982795
4259,2026-04-05 09:00:00,,18.7,3.0,17.5,17.8,3.469443332443552
4260,2026-04-05 10:00:00,,19.5,4.2,17.8,18.0,5.040636479119838
4261,2026-04-05 11:00:00,,19.0,2.9,17.9,18.2,3.095956825631943
4262,2026-04-05 12:00:00,,19.0,1.8,17.6,18.0,3.9621442587516333
4263,2026-04-05 13:00:00,,18.6,1.8,17.6,18.4,2.907419023147899
4264,2026-04-05 14:00:00,,19.8,2.3,18.2,19.8,4.794604311609353
4300,2026-04-07 02:00:00,2.9,29.1,10.1,25.9,27.7,5.819206488762262
4301,2026-04-07 03:00:00,5.7,30.2,11.4,30.0,28.9,2.356902356902359
4302,2026-04-07 04:00:00,12.1,31.3,18.0,29.7,28.9,4.077931652908426
4303,2026-04-07 05:00:00,20.1,33.0,20.5,32.3,30.0,4.940716628328877
4304,2026-04-07 06:00:00,21.3,33.7,19.9,32.5,30.1,5.710374697764288
4327,2026-04-08 05:00:00,3.5,22.1,8.7,20.1,20.4,5.168910443247108
4354,2026-04-09 08:00:00,23.3,26.0,17.3,25.5,25.0,1.9607843137254901
4355,2026-04-09 09:00:00,30.1,27.6,21.4,26.4,24.7,5.554636084979519
4376,2026-04-10 06:00:00,,19.9,15.2,18.3,19.7,4.51699372387634
4379,2026-04-10 09:00:00,17.3,22.0,15.5,20.7,22.3,3.925338714514795
4380,2026-04-10 10:00:00,17.5,23.2,15.4,24.7,24.4,3.293466362321067
4468,2026-04-14 02:00:00,5.8,27.9,5.9,29.9,28.5,3.5677414410986446
4475,2026-04-14 09:00:00,25.4,26.9,18.4,26.4,25.2,3.338940744479274
4480,2026-04-14 14:00:00,2.0,5.8,5.3,5.8,5.4,4.075413664867941
4481,2026-04-14 15:00:00,1.7,6.0,5.5,5.7,5.6,3.609825432600233
4498,2026-04-15 08:00:00,7.9,21.1,4.6,21.8,21.0,2.0464314288923355
4504,2026-04-15 14:00:00,2.3,5.7,5.2,5.7,5.4,3.092947870658707
4505,2026-04-15 15:00:00,1.6,6.0,5.3,6.1,5.7,3.508425841796848
4529,2026-04-16 15:00:00,3.7,5.8,6.2,5.6,5.6,2.037706832433975
4612,2026-04-20 02:00:00,4.0,18.5,4.0,17.7,16.9,4.51977401129944
4635,2026-04-21 01:00:00,2.9,24.3,9.6,23.4,24.6,2.5912854765138635
4637,2026-04-21 03:00:00,2.1,24.0,7.8,22.7,23.3,2.7884601851347353
4639,2026-04-21 05:00:00,4.1,23.3,10.1,22.0,21.9,3.4867186053154753
4640,2026-04-21 06:00:00,5.6,21.8,8.4,23.1,21.9,3.248882397336936
4641,2026-04-21 07:00:00,8.1,21.2,10.2,21.9,21.5,1.6309061536923728
4642,2026-04-21 08:00:00,9.1,21.9,11.1,20.7,21.5,2.859641619317216
4643,2026-04-21 09:00:00,12.9,24.4,14.4,22.2,23.0,4.799796864508639
4703,2026-04-23 21:00:00,1.1,11.7,6.4,10.9,10.5,5.537855824720046
4715,2026-04-24 09:00:00,13.6,24.5,12.1,23.0,24.7,3.860764505475444
4734,2026-04-25 04:00:00,9.5,24.8,10.0,23.1,23.2,4.025059921590488
4735,2026-04-25 05:00:00,,22.7,11.3,21.5,20.9,4.223572069083725
4778,2026-04-27 00:00:00,6.5,28.9,9.8,26.6,29.5,5.402805883861189
4780,2026-04-27 02:00:00,11.0,31.5,14.4,30.9,30.1,2.277979189805995
4871,2026-04-30 21:00:00,4.0,22.7,3.6,22.0,21.1,3.656902557907582
4872,2026-04-30 22:00:00,5.1,22.1,3.9,21.8,21.2,2.1117860345418666
4873,2026-04-30 23:00:00,6.0,22.4,4.3,24.0,22.1,4.47344626161885
4874,2026-05-01 00:00:00,7.1,22.5,4.6,22.6,21.2,3.5340496271070876
4898,2026-05-02 00:00:00,6.2,33.1,7.9,33.7,34.0,1.363861813974951
4920,2026-05-02 22:00:00,3.0,22.1,3.4,21.0,21.0,2.972318078511338
4921,2026-05-02 23:00:00,3.5,22.0,3.4,21.0,20.7,3.205742206697354
4923,2026-05-03 01:00:00,5.5,20.9,4.0,19.2,19.6,4.466429355434966
4924,2026-05-03 02:00:00,4.8,21.3,3.4,19.3,19.5,5.498406536392117
4948,2026-05-04 02:00:00,13.8,28.5,16.6,28.6,26.6,4.0392213869479
4949,2026-05-04 03:00:00,9.5,27.8,11.5,27.2,25.4,4.660446267461495
4953,2026-05-04 07:00:00,16.1,25.6,13.3,25.7,25.3,0.8152738901303375
4954,2026-05-04 08:00:00,12.5,26.5,10.9,27.9,26.9,2.6609234505269272
4955,2026-05-04 09:00:00,15.8,26.7,14.6,29.6,27.2,5.5698280020280215
5116,2026-05-11 02:00:00,7.4,20.4,5.4,20.3,20.7,1.0171006512049485
5241,2026-05-16 07:00:00,8.7,18.3,4.7,16.5,16.7,5.747047994931553
5292,2026-05-18 10:00:00,14.7,10.5,4.7,11.7,11.3,5.471732173081598
5384,2026-05-22 06:00:00,,9.4,3.7,9.5,10.2,4.493710251072854
