datetime_utc,dem,dpw,mjf,pema,pha,rsd
2025-11-05 09:00:00,21.0,23.8,15.3,19.2,19.1,17.974295918365474
2025-11-07 09:00:00,19.4,21.0,17.3,20.1,23.2,11.97390258860213
2025-11-07 10:00:00,19.8,21.0,16.6,20.5,22.1,11.945805266294059
2025-11-07 11:00:00,24.6,24.1,16.0,20.5,24.6,18.67341014211394
2025-11-08 19:00:00,2.7,6.0,4.5,5.3,5.8,12.37650472577989
2025-11-19 09:00:00,24.7,23.9,15.5,20.8,21.6,17.369167455945508
2025-11-19 13:00:00,25.4,23.1,15.7,21.7,22.0,16.184428344702567
2025-11-19 23:00:00,32.1,29.9,25.6,32.1,37.0,15.226533268230028
2025-11-20 00:00:00,31.8,34.0,24.2,29.4,32.8,14.582661547181857
2025-11-20 03:00:00,32.3,31.5,20.8,24.3,26.0,17.390128560595006
2025-11-20 04:00:00,32.2,28.1,19.9,22.4,23.4,14.634178374699989
2025-11-20 05:00:00,30.6,25.7,18.3,19.7,21.8,15.074567004180606
2025-11-20 06:00:00,29.0,24.9,17.5,18.9,21.0,15.660698406530276
2025-11-20 09:00:00,28.3,24.8,16.0,19.3,20.7,18.044990193347264
2025-11-20 10:00:00,27.4,25.3,16.2,21.7,21.8,17.693533574006263
2025-11-21 07:00:00,,21.3,16.0,16.6,17.0,13.644598295568027
2025-11-21 08:00:00,22.7,21.1,15.9,13.8,16.1,18.51502518285938
2025-11-21 09:00:00,20.7,19.9,17.1,14.0,15.8,14.869924576598137
2025-11-21 10:00:00,20.3,20.3,17.1,15.0,15.6,13.945023048387881
2025-11-21 11:00:00,20.9,21.0,17.1,14.7,15.4,16.537093466125143
2025-11-21 14:00:00,32.7,23.3,15.5,21.3,23.0,17.450101619566034
2025-11-22 01:00:00,28.9,25.6,16.7,24.2,25.2,18.28379052594667
2025-11-22 02:00:00,28.5,25.4,17.9,23.5,26.5,16.390422121526324
2025-11-22 03:00:00,27.4,24.6,16.7,22.2,22.1,15.605890941142938
2025-11-22 04:00:00,27.3,23.2,15.9,19.6,18.7,15.564052037597513
2025-11-23 05:00:00,24.6,23.1,15.0,19.9,20.3,17.19480330532309
2025-11-23 08:00:00,20.5,22.2,16.5,15.1,16.6,17.853329974673432
2025-11-23 09:00:00,18.4,20.2,17.0,14.6,16.1,13.943800151451692
2025-11-23 10:00:00,16.9,20.0,16.8,14.6,15.2,14.526590537474869
2025-11-23 11:00:00,17.6,19.4,16.9,15.5,15.2,11.437160633234633
2025-11-23 12:00:00,17.8,21.2,16.9,18.7,16.6,11.521729979218513
2025-11-23 13:00:00,22.0,21.9,15.9,18.3,19.4,13.194605992489821
2025-11-24 02:00:00,22.3,26.6,17.0,21.8,23.5,18.04409107178903
2025-11-25 01:00:00,20.6,25.7,17.0,21.4,25.4,18.254398318131237
2025-11-25 02:00:00,19.3,24.4,16.8,19.0,22.6,16.594747862142672
2025-11-25 07:00:00,15.1,19.3,12.3,14.8,16.6,18.738228016982482
2025-11-30 03:00:00,32.4,30.5,23.3,28.1,30.6,12.152772380951182
2025-11-30 04:00:00,31.9,28.7,22.2,26.1,27.9,11.040056199659428
2025-11-30 05:00:00,30.0,26.3,20.2,26.4,25.4,12.008666234724664
2025-11-30 06:00:00,32.0,29.3,21.6,26.9,25.5,12.485022344080733
2025-11-30 07:00:00,30.4,27.7,20.2,24.0,27.2,13.975933824785539
2025-11-30 08:00:00,30.5,23.2,19.8,26.0,28.5,15.344448990978144
2025-11-30 09:00:00,30.4,21.7,20.2,26.8,26.1,13.698466734808383
2025-11-30 10:00:00,30.2,20.5,20.2,28.1,25.7,16.543623524948167
2025-12-02 02:00:00,27.2,23.8,20.8,24.4,30.4,16.181866609966274
2025-12-02 03:00:00,29.8,22.9,21.0,28.6,30.1,17.096305613474232
2025-12-02 04:00:00,27.8,22.3,19.0,25.8,26.8,15.134465536520143
2025-12-02 05:00:00,32.4,29.0,21.7,26.3,25.3,11.805449989025503
2025-12-02 06:00:00,31.7,25.4,20.7,25.0,23.5,9.006110893077349
2025-12-02 07:00:00,30.3,25.1,19.9,22.3,23.9,9.85948263163004
2025-12-02 08:00:00,23.3,25.4,17.3,23.5,25.2,16.616755287956988
2025-12-02 10:00:00,23.4,27.4,17.2,24.7,23.6,18.610659904530596
2025-12-02 11:00:00,25.9,26.8,18.4,22.5,24.3,15.38008270196701
2025-12-02 12:00:00,27.6,28.0,19.0,22.4,23.8,15.98964464394606
2025-12-02 13:00:00,26.2,25.5,17.7,21.2,24.1,15.597586659079541
2025-12-02 14:00:00,24.7,25.6,17.6,21.7,24.3,15.820553233574168
2025-12-02 15:00:00,,26.2,17.6,20.2,23.6,17.23908083381159
2025-12-02 16:00:00,,27.3,17.3,22.4,23.8,18.27353273496032
2025-12-02 19:00:00,,24.7,16.5,18.7,22.3,17.793192504897537
2025-12-02 20:00:00,,24.4,16.6,21.2,22.6,15.72955849106893
2025-12-02 21:00:00,,25.9,18.6,21.6,22.9,13.604943020952893
2025-12-02 22:00:00,,20.6,16.0,17.6,18.4,10.545364348911367
2025-12-04 01:00:00,26.6,27.5,19.3,24.1,26.9,15.294190374285701
2025-12-04 03:00:00,29.0,27.4,19.1,24.0,25.2,14.676243721734911
2025-12-04 04:00:00,28.5,25.3,17.9,23.4,24.4,14.616073133689987
2025-12-04 05:00:00,25.0,22.9,16.7,23.3,24.4,15.922245021259547
2025-12-04 06:00:00,23.7,24.1,16.9,20.1,22.2,14.812842439371952
2025-12-04 07:00:00,20.5,21.2,14.6,18.0,21.8,17.548279314049736
2025-12-04 08:00:00,19.2,22.1,15.0,20.0,21.8,16.64725843027049
2025-12-04 09:00:00,19.1,22.5,15.1,19.1,18.6,16.085329016539763
2025-12-05 06:00:00,,19.9,14.7,18.3,19.9,13.473680701647998
2025-12-05 07:00:00,,19.4,17.0,18.0,19.9,7.120111158184196
2025-12-05 08:00:00,2.4,19.5,17.2,18.1,19.8,6.53041140534231
2025-12-05 09:00:00,3.4,19.9,16.5,17.9,20.6,10.00414945849902
2025-12-05 10:00:00,5.7,20.2,16.6,19.6,20.4,9.199750902424835
2025-12-05 11:00:00,5.8,21.1,17.3,19.1,20.6,8.755606144572988
2025-12-05 12:00:00,6.9,20.8,16.9,19.5,22.1,11.198853296130714
2025-12-06 00:00:00,20.3,23.2,16.2,22.5,24.6,17.204860274946252
2025-12-06 05:00:00,14.7,20.7,16.0,23.1,22.8,15.87757511937531
2025-12-06 06:00:00,19.5,21.5,17.1,20.8,22.2,11.14230530799498
2025-12-06 07:00:00,21.0,20.5,16.9,22.1,22.7,12.673884740060057
2025-12-06 08:00:00,20.8,22.8,17.4,21.2,23.0,12.297946575689458
2025-12-06 09:00:00,22.5,22.1,17.6,21.8,24.1,12.763084377334266
2025-12-06 10:00:00,22.4,21.8,17.4,24.4,25.0,15.611021807964946
2025-12-06 11:00:00,26.7,26.9,18.9,21.6,24.2,14.996254583044573
2025-12-06 12:00:00,28.1,28.3,19.7,21.8,24.4,15.730368432568651
2025-12-06 13:00:00,27.5,28.7,19.7,22.8,26.0,16.054657780354862
2025-12-06 14:00:00,26.4,27.8,19.0,25.6,28.3,17.002895512075067
2025-12-06 15:00:00,27.3,26.2,19.8,26.0,27.0,13.447121843561575
2025-12-06 23:00:00,24.7,26.3,17.9,25.8,26.7,17.371267586180522
2025-12-07 00:00:00,22.7,22.9,16.9,22.8,24.2,15.036511635656247
2025-12-07 01:00:00,25.8,23.9,16.2,23.1,21.5,16.356553276943828
2025-12-07 02:00:00,21.2,24.6,16.7,20.7,22.8,16.02385636930475
2025-12-07 03:00:00,21.2,21.1,16.6,17.8,22.5,14.156075632658727
2025-12-07 04:00:00,26.2,22.0,16.3,19.8,22.4,13.885657756340139
2025-12-07 05:00:00,26.8,22.5,15.3,18.3,22.6,17.985842215217787
2025-12-07 10:00:00,19.1,23.3,16.6,17.1,19.0,16.038964558792134
2025-12-07 11:00:00,21.8,22.6,15.4,17.5,18.4,16.366206909597675
2025-12-07 12:00:00,20.4,23.7,15.5,18.7,19.6,17.433526692295352
2025-12-07 13:00:00,21.4,24.2,15.8,18.3,19.9,18.053198602449367
2025-12-09 01:00:00,9.5,22.7,16.6,22.2,23.7,14.999001977471343
2025-12-09 02:00:00,9.7,22.2,17.3,23.7,23.4,13.725319129887875
2025-12-09 03:00:00,10.6,22.7,17.8,21.5,23.4,11.678334523004363
2025-12-09 04:00:00,10.7,22.4,17.4,21.5,23.5,12.556978244088937
2025-12-09 05:00:00,10.2,21.2,17.0,21.8,22.3,11.788027057725303
2025-12-09 06:00:00,12.8,20.9,17.4,21.2,22.1,10.117533059093287
2025-12-09 07:00:00,13.3,20.5,17.0,20.8,21.4,9.965234455038786
2025-12-09 08:00:00,11.3,19.9,15.5,19.4,20.7,12.253385714012632
2025-12-09 09:00:00,12.5,19.7,15.0,19.4,20.6,13.400261050861793
2025-12-09 10:00:00,15.6,20.9,16.1,19.5,20.8,11.604555544739863
2025-12-09 11:00:00,17.2,21.5,16.1,20.1,22.5,14.021380425752783
2025-12-09 12:00:00,19.9,22.4,17.2,20.9,23.4,12.959724272617079
2025-12-09 13:00:00,15.1,23.7,15.6,19.9,22.3,17.41870384615279
2025-12-09 23:00:00,12.7,25.9,17.9,24.2,27.3,17.411933948628292
2025-12-10 01:00:00,16.7,27.7,18.3,25.5,28.3,18.41217014201885
2025-12-10 11:00:00,18.0,21.7,15.0,18.5,21.5,16.400023695543055
2025-12-13 08:00:00,11.6,19.9,13.9,17.2,19.7,15.844109719876032
2025-12-13 09:00:00,12.5,21.4,14.4,18.5,20.4,16.564428206235096
2025-12-13 10:00:00,16.4,23.1,16.4,20.1,22.2,14.563591796416071
2025-12-13 12:00:00,29.1,27.9,21.8,23.2,27.8,12.47874075559155
2025-12-13 13:00:00,27.8,25.3,20.6,25.3,28.1,12.530111405656676
2025-12-13 14:00:00,19.9,22.8,17.0,25.9,26.2,18.58351607899818
2025-12-14 06:00:00,13.7,18.8,13.5,17.3,19.0,14.86213383390158
2025-12-14 07:00:00,17.0,18.1,16.3,15.9,17.8,6.387243222006331
2025-12-14 08:00:00,20.5,17.9,16.3,15.7,18.8,8.307576797991072
2025-12-14 09:00:00,18.7,17.7,16.1,17.6,18.6,5.920102959207639
2025-12-14 10:00:00,18.2,19.0,15.1,15.9,17.7,10.395852493225375
2025-12-15 05:00:00,2.2,18.4,11.8,15.9,17.4,18.29575186035651
2025-12-15 06:00:00,2.5,16.4,12.0,13.9,16.7,15.063464961125856
2025-12-15 07:00:00,2.1,16.4,12.1,14.2,17.3,15.539674432930747
2025-12-15 08:00:00,2.1,17.0,12.4,14.7,18.1,16.290122351093963
2025-12-15 09:00:00,2.0,16.8,12.4,14.6,17.9,15.812585807903917
2025-12-15 10:00:00,2.9,16.8,12.3,14.6,17.6,15.54584502410386
2025-12-15 11:00:00,4.6,17.1,12.2,14.8,18.3,17.25617530732476
2025-12-15 13:00:00,,18.3,12.4,17.5,19.5,18.473458828430374
2025-12-15 23:00:00,8.0,22.2,14.9,20.9,23.2,18.330595789281325
2025-12-16 00:00:00,9.7,22.9,15.1,19.9,22.2,17.600782570364153
2025-12-16 05:00:00,9.4,19.5,12.9,17.7,19.8,18.242447072154597
2025-12-16 06:00:00,9.9,19.5,12.9,16.8,19.2,17.83386044675661
2025-12-16 07:00:00,9.8,18.9,12.6,16.9,19.2,18.006063970062648
2025-12-16 10:00:00,20.3,26.4,17.8,19.8,23.9,17.711913723668705
2025-12-16 11:00:00,30.7,25.2,22.6,25.0,24.2,4.873428976284763
2025-12-16 12:00:00,28.7,26.4,21.2,23.8,22.4,9.532292099103902
2025-12-16 13:00:00,23.5,26.2,18.4,19.2,21.6,16.42909027063968
2025-12-16 14:00:00,20.6,24.5,18.7,18.6,23.1,14.266493226683677
2025-12-16 15:00:00,17.9,22.2,14.6,18.3,20.6,17.425906667486185
2025-12-16 21:00:00,,25.4,18.4,23.6,27.0,15.82425262617053
2025-12-16 22:00:00,,27.3,19.7,24.4,26.7,14.071217322411208
2025-12-16 23:00:00,25.7,30.5,21.5,27.0,30.1,15.235998850189363
2025-12-17 00:00:00,27.7,29.3,22.1,28.2,29.2,12.632658240050635
2025-12-17 01:00:00,32.6,29.4,24.0,25.6,30.8,11.587143128563692
2025-12-17 02:00:00,27.8,27.4,19.9,24.8,29.3,16.073841436702004
2025-12-17 03:00:00,26.9,25.8,19.6,23.2,27.0,13.707852022656192
2025-12-17 04:00:00,23.9,23.1,18.2,23.6,24.8,12.95695895274706
2025-12-17 05:00:00,19.0,20.5,17.5,22.7,21.9,11.081726033468861
2025-12-17 06:00:00,20.1,21.4,17.4,20.4,22.2,10.319410319410318
2025-12-17 07:00:00,23.6,22.5,17.0,19.6,21.9,12.35226161959151
2025-12-17 08:00:00,25.0,22.1,17.3,19.5,22.5,11.93944776028955
2025-12-17 09:00:00,27.0,22.0,18.0,20.1,23.3,11.079724948999955
2025-12-17 10:00:00,27.4,22.9,18.6,20.7,23.7,10.702533117169917
2025-12-17 11:00:00,25.0,23.1,18.2,22.8,26.6,15.197940897947989
2025-12-17 12:00:00,23.0,23.0,17.5,24.0,26.7,16.945194974018438
2025-12-17 23:00:00,,28.4,21.3,29.0,29.2,14.081832415018257
2025-12-18 00:00:00,,29.5,22.7,31.4,30.8,14.029652201215997
2025-12-18 01:00:00,,27.3,23.0,26.2,28.2,8.669255132315296
2025-12-18 09:00:00,29.5,28.0,19.7,23.8,24.9,14.233433700899516
2025-12-18 10:00:00,30.4,30.0,19.8,25.2,24.9,16.68401733733787
2025-12-18 13:00:00,27.4,25.1,18.1,28.0,26.6,17.97886036241043
2025-12-18 14:00:00,28.3,25.8,16.2,21.1,21.8,18.554383664386478
2025-12-22 23:00:00,25.7,31.3,23.2,31.4,29.6,13.411066301275927
2025-12-23 00:00:00,27.3,29.2,23.5,32.2,27.1,13.06381511297992
2025-12-23 01:00:00,25.1,29.4,21.7,30.5,26.0,14.72356757983059
2025-12-23 02:00:00,26.8,27.6,22.2,30.6,32.1,15.540055769955698
2025-12-23 04:00:00,27.1,26.8,20.6,29.3,31.8,17.71472368071032
2025-12-23 05:00:00,28.1,29.6,20.7,29.2,30.1,16.356989447034607
2025-12-23 06:00:00,25.6,25.9,18.8,27.3,29.2,17.94251639856357
2025-12-23 07:00:00,25.9,24.6,18.2,25.5,28.3,17.67328661701284
2025-12-23 08:00:00,27.0,26.4,18.8,25.5,27.5,15.965820057106843
2025-12-23 09:00:00,25.0,28.1,18.5,24.7,27.9,18.06283594336811
2025-12-23 11:00:00,29.0,27.1,20.7,26.5,27.2,12.342695245002467
2025-12-23 12:00:00,29.7,30.6,21.7,26.2,28.1,14.108352286965594
2025-12-23 13:00:00,30.0,25.5,22.9,22.3,20.9,8.407294950913336
2025-12-23 14:00:00,22.0,23.1,17.0,18.5,20.2,13.282302474985023
2025-12-25 04:00:00,14.0,18.0,15.2,17.8,20.1,11.29270561354165
2025-12-25 05:00:00,18.7,19.9,14.9,19.2,21.5,14.937359765105382
2025-12-25 06:00:00,21.6,20.0,16.4,17.7,18.7,8.380997207800405
2025-12-25 07:00:00,17.6,18.6,16.9,16.6,16.9,5.2814107705184385
2025-12-25 08:00:00,13.9,17.6,13.5,17.1,17.3,11.771906513283275
2025-12-26 08:00:00,2.7,19.1,13.1,18.4,19.8,17.352040789464183
2025-12-26 09:00:00,2.9,19.1,13.7,19.1,19.7,15.722063999408148
2025-12-26 10:00:00,3.8,19.5,14.2,19.1,19.7,14.50223102548733
2025-12-26 11:00:00,4.0,20.2,14.6,19.4,19.6,14.032951927104886
2025-12-26 12:00:00,5.4,19.5,14.8,18.9,20.0,12.985090652547623
2025-12-26 13:00:00,4.7,20.4,14.7,18.9,20.8,14.915856343295564
2025-12-27 03:00:00,7.5,18.2,15.6,17.1,22.9,17.085354337096206
2025-12-27 04:00:00,7.5,17.1,14.3,17.5,21.9,17.746469287216183
2025-12-27 05:00:00,8.3,16.8,14.1,17.1,20.9,16.23729030008359
2025-12-27 06:00:00,10.4,17.7,16.1,18.2,19.8,8.491634811642468
2025-12-27 07:00:00,12.9,17.0,17.0,16.1,19.6,8.670269687080706
2025-12-27 08:00:00,15.2,19.3,16.4,17.4,19.4,8.125843350847038
2025-12-27 09:00:00,13.3,19.0,17.1,16.8,18.5,5.972805076272443
2025-12-27 10:00:00,11.1,17.5,14.9,16.1,18.1,8.627211782348445
2025-12-27 11:00:00,9.2,18.6,12.1,16.3,17.9,17.957580608491195
2025-12-27 23:00:00,28.0,25.4,18.5,26.9,29.1,18.323514034758656
2025-12-28 00:00:00,34.3,25.1,21.1,24.2,28.1,11.701140738455967
2025-12-28 01:00:00,32.9,20.5,21.2,16.9,24.1,14.317543038080474
2025-12-28 04:00:00,34.1,18.6,23.5,15.8,20.4,16.497685991894873
2025-12-28 05:00:00,33.1,18.0,22.1,15.9,21.4,15.06410454478498
2025-12-28 06:00:00,32.7,17.6,20.4,17.2,23.7,15.250612336746158
2025-12-28 07:00:00,26.5,18.9,15.6,17.5,23.3,17.399950426767198
2025-12-28 08:00:00,31.8,20.8,19.0,17.7,23.2,11.81561084615635
2025-12-28 09:00:00,35.3,22.6,21.3,18.5,22.3,8.821398438527371
2025-12-28 10:00:00,32.5,20.0,20.3,19.0,22.4,6.997114285413192
2025-12-28 11:00:00,36.7,20.3,23.1,19.0,22.3,8.821398438527371
2025-12-28 12:00:00,34.3,19.8,22.4,20.6,23.2,7.304942008923869
2025-12-28 13:00:00,32.1,20.3,20.9,20.2,21.9,3.7478573746196355
2025-12-28 14:00:00,22.0,20.8,15.1,18.6,21.5,15.150826812199377
2025-12-28 22:00:00,25.8,29.4,21.6,29.4,32.7,16.672235793459933
2025-12-31 11:00:00,13.1,23.1,17.4,19.7,22.7,12.961304319575056
2025-12-31 12:00:00,14.3,23.1,17.4,19.3,22.6,13.199361494843442
2025-12-31 13:00:00,13.2,24.4,16.8,19.7,22.9,16.18459896303718
2026-01-01 00:00:00,15.4,26.2,17.6,23.7,24.9,16.476776614012323
2026-01-01 01:00:00,19.9,24.3,19.1,21.9,24.0,10.752612662179441
2026-01-01 02:00:00,11.2,22.7,14.8,20.3,21.7,17.728859559167176
2026-01-01 03:00:00,11.2,20.9,15.4,18.1,21.5,14.78994210603631
2026-01-01 04:00:00,14.2,21.0,16.6,19.1,23.0,13.697948073610156
2026-01-01 05:00:00,15.3,22.4,16.9,18.7,24.4,16.576088426178515
2026-01-01 12:00:00,22.5,21.9,16.6,20.1,21.9,12.414904594930661
2026-01-01 13:00:00,18.4,20.2,14.3,19.7,20.6,15.809353474967363
2026-01-02 00:00:00,2.7,20.5,14.4,18.6,22.6,18.341070571158067
2026-01-02 01:00:00,3.0,20.1,14.6,18.8,22.0,16.62695735866389
2026-01-02 02:00:00,2.9,19.7,14.3,18.7,21.6,16.65360413197526
2026-01-02 03:00:00,4.4,19.8,14.5,18.9,21.2,15.551177885244897
2026-01-02 04:00:00,5.6,19.8,14.5,19.0,21.2,15.551172181002112
2026-01-02 05:00:00,,19.7,14.6,18.9,20.8,14.671137287079128
2026-01-02 06:00:00,,19.6,14.5,19.0,20.9,15.038300262966004
2026-01-02 07:00:00,,19.9,15.2,18.9,21.1,13.567958878015864
2026-01-02 08:00:00,6.6,20.3,14.6,19.0,21.4,15.843762875762092
2026-01-02 22:00:00,11.1,23.6,16.8,23.8,24.4,16.175302130621706
2026-01-02 23:00:00,9.9,23.4,16.1,21.4,25.3,18.40810565578617
2026-01-03 00:00:00,11.3,22.6,16.3,21.5,22.7,14.596694320935486
2026-01-03 01:00:00,12.8,22.5,16.5,20.1,23.2,14.69577995892185
2026-01-03 02:00:00,15.7,22.6,17.9,19.7,21.8,10.347904114925093
2026-01-03 03:00:00,12.4,20.1,16.1,18.0,20.5,10.907364577537823
2026-01-03 23:00:00,19.3,27.0,19.8,26.7,28.8,15.484315287324442
2026-01-04 00:00:00,18.1,25.2,18.6,26.6,28.4,17.29713357086328
2026-01-04 01:00:00,27.1,25.8,23.4,27.4,28.2,8.078629957449131
2026-01-04 02:00:00,36.6,24.2,29.3,26.2,26.7,7.891752628488119
2026-01-04 03:00:00,20.5,23.5,19.2,23.4,24.6,10.494380625614815
2026-01-04 11:00:00,8.3,20.6,14.7,20.2,20.9,15.43096943678576
2026-01-04 12:00:00,11.1,20.2,16.9,19.7,20.0,8.057500962411318
2026-01-04 13:00:00,10.5,19.9,16.8,19.9,19.3,7.78565834134079
2026-01-06 07:00:00,13.5,18.8,14.7,21.1,21.7,16.635360550443778
2026-01-06 08:00:00,13.6,19.8,14.5,19.1,20.9,15.159502565311536
2026-01-06 09:00:00,14.0,20.0,14.4,18.8,19.0,13.791193795936172
2026-01-06 10:00:00,16.0,21.1,16.3,21.1,19.0,11.749731548730026
2026-01-06 11:00:00,14.3,20.7,14.5,17.5,21.3,17.001983584988032
2026-01-06 12:00:00,15.7,21.5,15.9,18.5,20.1,12.646190379607088
2026-01-06 13:00:00,14.5,18.6,14.1,17.9,20.3,14.772155879043552
2026-01-06 17:00:00,16.9,23.2,15.9,21.2,23.2,16.517686665299617
2026-01-07 00:00:00,14.9,17.1,13.9,18.4,21.9,18.5691989777339
2026-01-07 21:00:00,16.4,18.1,13.8,17.2,17.6,11.704399718865458
2026-01-08 10:00:00,17.5,21.7,15.0,19.4,17.1,15.806115227625964
2026-01-08 11:00:00,24.9,25.0,16.9,21.7,21.5,15.647656405844709
2026-01-08 13:00:00,25.9,28.2,19.4,24.3,25.2,15.047327285543878
2026-01-09 01:00:00,23.0,27.2,18.0,20.8,25.5,18.489874031137155
2026-01-09 04:00:00,17.3,22.7,15.2,19.1,21.1,16.58217113706743
2026-01-09 05:00:00,,23.7,15.8,17.6,18.8,17.827016891259916
2026-01-09 08:00:00,16.8,21.8,16.5,15.3,15.2,18.157166942436763
2026-01-09 09:00:00,16.8,17.4,15.9,16.6,15.5,5.104988389622388
2026-01-09 10:00:00,16.9,20.4,16.4,15.6,15.7,13.380171784254951
2026-01-09 11:00:00,18.8,20.9,15.0,17.1,15.7,15.326527120120403
2026-01-09 12:00:00,19.4,22.5,14.4,17.6,18.0,18.383676779637113
2026-01-09 13:00:00,21.1,21.5,15.2,22.2,22.7,17.163864117658427
2026-01-09 14:00:00,26.9,18.8,16.7,19.2,20.4,8.209714226711263
2026-01-10 13:00:00,18.0,23.5,14.8,20.0,19.9,18.32173369674917
2026-01-13 00:00:00,14.3,24.6,17.1,23.1,26.1,17.359443166182064
2026-01-13 01:00:00,15.6,24.0,17.9,23.1,24.2,13.327768684698816
2026-01-13 02:00:00,19.3,22.7,18.1,20.4,22.9,10.729693901179413
2026-01-13 03:00:00,17.7,21.6,17.2,20.1,22.6,11.547657272052268
2026-01-13 04:00:00,17.4,21.6,17.1,19.1,21.3,10.634508644658958
2026-01-13 05:00:00,15.4,20.0,15.6,18.4,20.3,11.583040802149354
2026-01-13 09:00:00,18.3,22.8,16.2,20.3,21.8,14.325280433201467
2026-01-13 10:00:00,27.0,24.8,20.3,20.9,22.2,9.0589498210604
2026-01-13 11:00:00,27.7,23.2,21.2,20.3,20.3,6.435197332318747
2026-01-13 12:00:00,17.6,22.9,15.8,20.9,21.9,15.496435427506768
2026-01-17 02:00:00,17.4,25.8,19.1,26.3,26.6,14.649893405785123
2026-01-17 03:00:00,18.1,26.9,19.1,26.5,25.9,14.998475991351443
2026-01-17 04:00:00,18.7,26.4,19.0,25.3,25.2,14.018466950424111
2026-01-17 05:00:00,19.7,26.6,19.4,22.8,27.3,15.245631940065628
2026-01-17 06:00:00,21.8,25.6,20.5,23.5,29.5,15.264842056388039
2026-01-17 13:00:00,23.9,28.4,19.7,26.1,27.0,15.22295126257094
2026-01-18 05:00:00,21.0,20.1,15.3,17.5,18.7,11.357877602962315
2026-01-18 06:00:00,24.5,20.3,15.1,18.6,21.0,14.046694615803027
2026-01-18 07:00:00,21.3,19.5,14.0,19.5,21.8,17.73058609740921
2026-01-18 09:00:00,20.0,17.0,15.6,17.6,19.7,9.749198876910341
2026-01-18 10:00:00,20.5,16.7,15.9,17.8,19.7,9.39203787092706
2026-01-18 11:00:00,16.2,17.7,12.7,16.9,20.1,18.295238528961907
2026-01-18 12:00:00,17.4,17.0,13.9,16.4,17.1,9.309866317149943
2026-01-18 13:00:00,19.6,17.1,16.0,16.4,17.0,3.1206781787014335
2026-01-18 14:00:00,18.3,18.2,16.0,16.8,16.8,5.396429787222119
2026-01-18 15:00:00,18.2,18.8,15.0,17.9,18.6,10.011368617231264
2026-01-18 16:00:00,18.9,18.5,15.6,17.9,20.0,10.153148268053927
2026-01-19 01:00:00,17.5,19.2,15.1,16.1,16.7,10.409456457342149
2026-01-19 02:00:00,17.2,17.6,15.1,17.1,16.6,6.5067677694858075
2026-01-19 03:00:00,16.0,15.9,13.3,16.8,14.9,9.850392095220318
2026-01-19 13:00:00,16.5,20.0,15.0,15.9,16.4,13.043094814346201
2026-01-19 14:00:00,18.6,18.2,16.6,15.8,16.6,5.991932091484716
2026-01-19 23:00:00,10.7,16.9,12.8,16.8,17.8,13.867264526172743
2026-01-20 00:00:00,10.8,17.3,13.4,15.8,19.3,15.12444413936137
2026-01-20 01:00:00,13.3,17.9,16.8,16.6,19.7,8.000528978081045
2026-01-20 02:00:00,15.8,18.6,15.3,17.6,20.9,12.830691306335433
2026-01-20 03:00:00,14.8,19.5,16.1,17.3,20.3,10.596021546265199
2026-01-20 04:00:00,16.5,18.6,14.5,16.4,18.1,10.985325692816037
2026-01-20 05:00:00,16.6,17.8,16.7,15.5,17.5,6.089111167130215
2026-01-20 06:00:00,12.5,16.7,13.7,15.1,17.7,11.155530857723448
2026-01-20 07:00:00,10.7,16.9,12.1,15.8,17.9,16.15916767037006
2026-01-20 12:00:00,16.5,20.4,15.2,20.1,19.3,12.8628088632247
2026-01-20 23:00:00,8.4,21.5,16.8,21.2,25.4,16.565534503414995
2026-01-21 00:00:00,8.6,21.3,17.2,20.8,24.5,14.2693356031411
2026-01-21 01:00:00,9.1,21.3,17.5,21.9,23.8,12.502628599825
2026-01-21 02:00:00,11.1,24.1,17.9,22.6,24.9,13.997581758298889
2026-01-21 03:00:00,18.3,22.2,19.2,22.1,25.9,12.28321705705174
2026-01-21 04:00:00,16.3,20.9,18.1,21.6,22.1,8.637600029820002
2026-01-21 05:00:00,16.5,19.7,18.0,19.6,21.6,7.4667128382308015
2026-01-21 06:00:00,14.6,20.1,16.6,19.1,21.2,10.201765071276489
2026-01-21 07:00:00,17.3,20.1,17.2,19.0,21.0,8.46466991449071
2026-01-21 08:00:00,27.8,20.0,20.9,19.1,20.4,3.78894184371338
2026-01-21 09:00:00,24.0,20.5,19.0,19.3,20.8,4.438070787099421
2026-01-21 10:00:00,13.3,20.7,15.5,20.1,20.6,12.989155054818724
2026-01-21 11:00:00,16.5,24.8,16.7,20.7,21.2,15.899841203118251
2026-01-21 12:00:00,34.6,25.5,25.1,21.7,22.8,7.6744496861233875
2026-01-21 13:00:00,19.5,22.4,18.6,21.3,21.6,7.866507747318232
2026-01-21 14:00:00,10.8,22.0,15.9,19.6,22.1,14.604597806189155
2026-01-22 23:00:00,21.9,29.5,22.1,24.9,27.5,12.347691413163595
2026-01-23 00:00:00,21.0,29.8,20.8,24.8,27.0,14.836895347129287
2026-01-23 03:00:00,25.6,25.7,20.7,29.2,29.2,15.34648610917916
2026-01-23 04:00:00,31.9,29.0,23.9,28.1,30.1,9.755912802764525
2026-01-23 05:00:00,,26.3,22.0,27.5,27.5,10.114197782465808
2026-01-23 06:00:00,,23.7,22.6,23.2,26.2,6.6120342819462365
2026-01-23 07:00:00,,20.9,14.8,18.1,21.7,16.553642172151513
2026-01-24 05:00:00,2.2,19.3,15.0,17.2,21.7,15.666963045717432
2026-01-25 05:00:00,8.8,19.8,13.7,19.0,21.7,18.468365938537797
2026-01-25 14:00:00,7.7,19.9,13.9,20.0,20.9,17.21520260794172
2026-01-25 18:00:00,14.3,17.9,12.5,17.4,19.8,18.403540111131168
2026-01-25 19:00:00,18.2,18.6,14.0,17.8,20.1,14.739947979168159
2026-01-25 20:00:00,20.5,20.8,14.7,18.9,20.4,14.915856343295564
2026-01-25 21:00:00,21.1,22.3,14.8,18.6,20.5,16.85521717375572
2026-01-25 22:00:00,23.1,22.2,17.0,19.1,20.9,11.405646253167893
2026-01-25 23:00:00,20.2,23.6,17.4,21.1,21.2,12.288758550284564
2026-01-26 00:00:00,4.7,19.3,15.1,16.5,20.5,13.915677701259636
2026-01-26 18:00:00,7.9,18.5,13.9,17.6,20.1,14.998741074862071
2026-01-26 19:00:00,8.9,18.3,15.5,16.7,19.9,10.879853497231112
2026-01-26 20:00:00,8.6,17.4,15.1,16.9,20.3,12.374132752293223
2026-01-26 21:00:00,8.5,18.7,15.4,18.2,19.2,9.509118233788488
2026-01-26 22:00:00,8.7,17.6,16.2,16.5,18.2,5.464874020969912
2026-01-26 23:00:00,9.8,16.6,15.6,16.9,18.8,7.879807649379799
2026-01-27 00:00:00,6.1,16.5,15.7,15.6,18.6,8.39059534770128
2026-01-27 01:00:00,4.5,15.2,11.4,14.6,17.5,17.143328855188503
2026-01-27 09:00:00,4.8,17.3,12.9,16.6,18.8,15.288552495196331
2026-01-27 10:00:00,7.5,18.1,13.0,16.1,18.9,15.90638047424858
2026-01-27 11:00:00,10.2,18.5,13.6,18.2,19.6,15.178910044506512
2026-01-27 12:00:00,13.0,20.0,14.7,20.3,19.8,14.30252201491445
2026-01-27 13:00:00,9.2,19.9,14.0,19.3,21.0,16.786776927665493
2026-01-27 21:00:00,10.3,23.3,17.9,21.3,26.3,15.887560440133694
2026-01-27 22:00:00,13.6,22.4,17.2,20.7,25.1,15.489757134769103
2026-01-27 23:00:00,11.0,21.3,15.4,18.8,23.2,17.1375831717383
2026-01-28 11:00:00,12.0,18.9,12.9,18.8,20.0,18.203934558792692
2026-01-28 23:00:00,19.2,26.0,20.2,27.7,31.9,18.331611224802508
2026-01-29 00:00:00,17.6,25.3,19.7,26.3,27.2,13.700694747482101
2026-01-29 01:00:00,18.8,25.6,19.7,26.9,29.1,15.868124684511217
2026-01-29 02:00:00,21.4,24.8,20.6,30.1,30.8,18.06306833340657
2026-01-29 03:00:00,24.0,25.9,21.4,25.1,31.7,16.37258883418602
2026-01-29 04:00:00,23.2,24.2,20.0,25.4,29.5,15.779147616058024
2026-01-29 05:00:00,25.4,21.6,19.9,21.9,26.5,12.56574767548859
2026-01-29 06:00:00,29.0,21.0,20.7,19.6,24.5,9.885941835940278
2026-01-29 07:00:00,28.6,21.4,20.1,18.7,22.8,8.462372492251196
2026-01-29 08:00:00,17.1,22.0,15.5,18.0,21.0,15.448451330053015
2026-01-29 09:00:00,19.6,19.5,17.0,17.9,21.8,11.048590645590128
2026-01-29 10:00:00,19.9,19.2,15.9,17.4,20.0,10.147075397379046
2026-01-29 11:00:00,13.9,19.2,13.4,16.9,20.1,17.170992981070164
2026-01-30 00:00:00,11.3,21.8,17.0,21.6,25.1,15.574450995758884
2026-01-30 01:00:00,10.2,20.8,15.6,20.3,23.6,16.528051953025262
2026-01-30 02:00:00,9.6,20.3,15.2,19.8,23.0,16.53981565523584
2026-01-30 03:00:00,7.4,19.9,14.8,18.9,21.8,15.680558555153096
2026-01-30 04:00:00,4.5,19.3,15.7,18.5,21.6,12.969310369498517
2026-01-30 05:00:00,,19.0,16.7,18.3,20.9,9.294793769541974
2026-01-30 06:00:00,,18.8,15.9,18.5,20.8,10.87369100512765
2026-01-30 07:00:00,,18.9,15.2,18.4,20.4,12.007772151899129
2026-01-30 08:00:00,5.6,18.7,15.1,18.1,20.1,11.706281947614157
2026-01-30 09:00:00,5.2,18.3,16.2,18.1,19.8,8.157360806758788
2026-01-30 10:00:00,5.0,17.7,16.2,16.7,20.1,9.80352104733435
2026-01-30 21:00:00,3.8,20.9,16.8,20.0,25.3,16.8995678531341
2026-01-30 22:00:00,5.6,21.2,17.0,19.4,24.7,15.76593106518454
2026-01-30 23:00:00,8.0,20.7,17.4,19.8,24.3,13.926119728714541
2026-01-31 00:00:00,7.7,20.4,17.6,19.6,23.1,11.291074330951204
2026-01-31 01:00:00,7.9,19.7,17.8,19.0,22.7,10.537698555238263
2026-01-31 02:00:00,9.4,19.3,17.8,19.4,22.0,8.88803237835027
2026-01-31 03:00:00,11.6,19.1,17.9,20.1,22.3,9.39336105521209
2026-01-31 04:00:00,13.7,20.6,17.9,20.3,22.2,8.764562641629064
2026-01-31 05:00:00,15.4,21.1,17.9,20.6,22.5,9.383287180132088
2026-01-31 06:00:00,16.0,21.5,17.9,21.6,20.6,8.462096324329451
2026-01-31 07:00:00,18.6,20.6,17.9,24.1,20.9,12.159080379877425
2026-01-31 10:00:00,25.8,23.1,19.2,25.7,27.8,15.467648291732432
2026-01-31 11:00:00,29.4,23.4,21.1,25.1,27.3,10.834766594523963
2026-01-31 12:00:00,33.1,22.1,24.8,21.5,25.4,8.257960226455044
2026-01-31 13:00:00,14.5,21.4,16.6,21.6,22.5,12.960018802862539
2026-01-31 14:00:00,8.2,19.9,15.4,19.4,20.3,12.071883464081747
2026-01-31 22:00:00,21.5,24.0,22.0,24.6,29.5,12.722007409948448
2026-01-31 23:00:00,24.7,26.7,21.6,29.6,29.7,14.116607840927529
2026-02-01 00:00:00,40.1,30.5,28.9,32.6,32.9,6.027711841383096
2026-02-01 01:00:00,42.4,26.2,30.7,29.0,32.2,8.71607738015768
2026-02-01 02:00:00,43.2,22.5,31.1,27.2,28.3,13.132108561653538
2026-02-01 03:00:00,25.9,19.7,20.9,21.6,21.4,4.0786959657239015
2026-02-01 04:00:00,13.3,18.1,15.0,18.5,19.8,11.394284078503677
2026-02-01 05:00:00,7.8,18.6,13.3,18.5,19.4,16.021949733598454
2026-02-01 06:00:00,6.5,18.6,13.1,18.9,19.5,16.967955151154644
2026-02-01 13:00:00,4.3,18.0,12.9,17.4,19.4,16.60938587517943
2026-02-01 14:00:00,3.8,17.9,12.9,18.4,19.9,17.58584286884533
2026-02-01 15:00:00,3.4,17.9,13.4,18.8,20.7,17.486765582533508
2026-02-01 16:00:00,2.7,18.9,13.4,18.9,21.1,18.172540483066676
2026-02-01 22:00:00,6.4,21.9,15.6,21.6,23.6,16.909645568477238
2026-02-01 23:00:00,6.8,21.4,16.2,21.2,22.9,14.281750767061663
2026-02-02 00:00:00,6.1,21.6,15.5,20.7,22.4,15.52022682328125
2026-02-02 01:00:00,7.0,22.4,15.9,21.6,22.2,15.113351882334806
2026-02-02 02:00:00,7.0,20.8,15.4,19.5,21.9,14.64619162963992
2026-02-02 03:00:00,6.6,19.8,14.9,19.6,21.8,15.368703300799083
2026-02-02 04:00:00,5.0,19.7,14.3,19.7,21.3,16.32557638934823
2026-02-02 05:00:00,,20.0,14.8,19.0,21.5,15.263195733472793
2026-02-02 06:00:00,,20.2,15.3,20.4,21.8,14.623566871909272
2026-02-02 07:00:00,6.4,20.8,15.2,19.6,22.1,15.423266485218376
2026-02-02 08:00:00,6.5,20.8,15.3,20.0,21.9,14.904179299649444
2026-02-02 09:00:00,7.2,20.8,15.7,20.2,22.5,14.655169826815062
2026-02-02 10:00:00,9.8,21.8,16.8,22.2,23.3,13.732148994905774
2026-02-02 11:00:00,15.8,23.7,18.8,23.5,24.9,11.831511408068703
2026-02-02 12:00:00,23.6,26.8,22.2,23.5,25.9,8.62325342910424
2026-02-02 13:00:00,17.5,27.4,21.0,23.1,25.1,11.337491259922484
2026-02-03 01:00:00,13.9,27.6,19.8,24.9,29.1,16.12539127098201
2026-02-03 02:00:00,11.4,26.5,18.5,23.9,27.5,16.72152836482148
2026-02-03 04:00:00,17.1,28.3,20.1,27.6,27.7,15.026488699828118
2026-02-03 05:00:00,20.7,26.3,21.0,25.1,27.5,11.312639995664997
2026-02-03 06:00:00,22.4,27.1,21.9,22.9,25.7,9.892823491929882
2026-02-03 07:00:00,25.3,22.7,22.1,21.1,24.5,6.3198481668520765
2026-02-03 08:00:00,22.0,22.8,19.8,20.8,24.2,9.025246319862156
2026-02-03 09:00:00,26.1,25.2,21.4,22.3,25.5,8.718248227124839
2026-02-03 10:00:00,22.1,26.4,19.1,22.8,27.0,15.343023484939543
2026-02-03 11:00:00,37.0,29.7,26.1,26.3,30.3,7.861466916147514
2026-02-03 12:00:00,43.0,30.4,33.6,29.8,30.3,5.5974713369577875
2026-02-03 13:00:00,35.6,28.1,30.9,24.1,27.2,10.160059570505604
2026-02-03 14:00:00,18.5,27.1,19.4,18.4,23.5,18.08823175683863
2026-02-03 22:00:00,19.7,30.1,22.9,34.4,34.4,17.819938090469197
2026-02-03 23:00:00,34.6,32.7,28.9,36.5,30.7,10.123779029728905
2026-02-04 00:00:00,26.6,28.1,24.6,31.6,28.2,10.162401453012034
2026-02-04 01:00:00,16.6,26.0,19.1,26.0,26.9,14.795566498279065
2026-02-04 02:00:00,13.6,25.6,18.0,24.0,26.4,16.170212765957448
2026-02-04 03:00:00,14.9,24.9,17.8,23.8,26.3,16.131673067023755
2026-02-04 04:00:00,12.8,23.4,17.1,22.2,25.1,15.696066676038466
2026-02-04 05:00:00,14.9,23.7,17.1,22.4,24.6,15.29422353676038
2026-02-04 06:00:00,16.6,22.7,16.8,19.9,22.6,13.594507295010397
2026-02-04 07:00:00,14.0,23.1,17.3,20.4,22.6,12.668287984433277
2026-02-04 08:00:00,16.0,24.0,17.9,21.5,22.8,12.24507129652887
2026-02-04 09:00:00,18.7,23.9,17.5,21.2,23.2,13.385177487272015
2026-02-04 11:00:00,19.2,23.2,17.1,22.9,25.6,16.253710407809653
2026-02-04 12:00:00,21.4,23.8,18.7,20.9,25.5,13.59483053435688
2026-02-05 00:00:00,14.8,24.8,18.1,25.1,25.8,15.314255568704006
2026-02-05 01:00:00,14.1,22.8,18.1,21.7,25.5,13.917195730419614
2026-02-05 02:00:00,13.8,21.6,18.0,20.6,23.8,11.454995906456329
2026-02-05 04:00:00,16.1,21.4,17.7,18.1,23.5,13.720555673523078
2026-02-05 05:00:00,18.6,21.2,17.7,18.9,22.2,10.319883720275147
2026-02-05 06:00:00,15.4,20.4,15.8,20.1,21.4,12.765772620947711
2026-02-05 07:00:00,17.1,19.6,15.4,20.0,22.9,15.861841942124244
2026-02-05 08:00:00,24.6,20.6,17.8,18.1,22.8,11.839401796626653
2026-02-05 09:00:00,37.2,20.9,28.0,19.1,23.1,16.89689575712304
2026-02-05 10:00:00,37.4,20.7,28.0,21.4,22.1,14.529844859289547
2026-02-05 11:00:00,39.5,24.5,30.4,22.7,26.1,12.69342302813516
2026-02-05 12:00:00,43.3,24.0,34.3,25.3,27.8,16.445346901217203
2026-02-05 13:00:00,29.7,21.5,24.9,20.2,24.5,10.059740908975998
2026-02-05 23:00:00,27.3,33.0,25.1,34.1,38.5,17.080776891531244
2026-02-06 00:00:00,42.4,34.0,33.1,32.4,37.8,7.0137034326542
2026-02-06 01:00:00,43.3,32.5,32.1,32.6,33.2,1.3944971060312759
2026-02-06 02:00:00,43.9,31.3,33.4,31.3,30.5,3.9271912564029128
2026-02-06 03:00:00,43.6,28.6,32.7,27.6,30.5,7.53334448934581
2026-02-06 04:00:00,43.0,27.9,30.3,28.0,31.1,5.5293112565859115
2026-02-06 05:00:00,,27.7,28.2,28.6,28.9,1.8328579974273838
2026-02-06 06:00:00,,30.8,31.5,28.7,26.2,8.138816665538078
2026-02-06 07:00:00,,28.9,28.8,25.2,24.9,8.154827820347277
2026-02-06 08:00:00,38.6,27.5,24.8,20.0,23.3,13.084933699675222
2026-02-06 09:00:00,37.8,23.4,24.2,21.0,23.0,5.944855271226239
2026-02-06 10:00:00,32.5,23.0,21.6,22.5,23.0,2.930862348551734
2026-02-06 11:00:00,34.1,28.3,22.6,22.1,24.1,11.595030232780696
2026-02-06 12:00:00,29.4,28.2,20.9,23.5,22.4,13.272622632396846
2026-02-06 13:00:00,22.6,25.4,18.8,21.3,22.9,12.545175765869258
2026-02-06 23:00:00,15.3,20.9,16.9,22.8,24.3,15.083307285133214
2026-02-07 00:00:00,14.6,21.0,15.7,21.2,24.3,17.366650539118908
2026-02-07 01:00:00,12.1,19.8,15.6,19.2,24.2,17.903748313247103
2026-02-07 02:00:00,14.3,19.8,16.1,19.5,22.8,14.01758527472606
2026-02-07 03:00:00,18.9,20.0,17.1,21.1,24.3,14.42305402115705
2026-02-07 04:00:00,20.4,21.5,17.6,21.3,25.0,14.15780776093366
2026-02-07 06:00:00,14.7,20.1,15.8,19.8,24.2,17.179441352986476
2026-02-07 08:00:00,9.8,19.0,14.4,16.3,21.2,16.85851127819526
2026-02-07 10:00:00,7.2,16.6,12.6,19.1,19.5,18.709290794558978
2026-02-07 12:00:00,9.6,17.3,13.5,18.3,20.2,16.27374693023747
2026-02-07 23:00:00,3.9,15.6,11.3,14.7,18.0,18.623405269143095
2026-02-08 00:00:00,3.4,16.2,12.5,15.6,18.3,15.322145441893676
2026-02-08 01:00:00,3.1,16.0,13.3,15.4,18.2,12.81757988600723
2026-02-08 02:00:00,3.0,17.1,14.0,16.0,18.7,11.999985628768332
2026-02-08 03:00:00,3.2,17.7,14.6,16.6,18.1,9.357467021300497
2026-02-08 04:00:00,3.3,17.9,15.1,17.2,17.5,7.385524372230428
2026-02-08 05:00:00,3.3,17.6,16.0,17.6,16.8,4.505539330618066
2026-02-08 06:00:00,3.9,16.4,16.8,17.8,16.3,4.071069358699263
2026-02-08 07:00:00,4.2,15.5,17.1,17.4,16.2,5.232781895978482
2026-02-08 08:00:00,4.1,15.0,17.2,16.9,15.9,6.164094031309419
2026-02-08 09:00:00,4.3,14.4,17.1,16.3,15.8,7.134045923343212
2026-02-08 10:00:00,4.5,14.1,16.8,15.7,15.7,7.1375949259078855
2026-02-08 11:00:00,4.4,13.9,16.0,15.4,16.0,6.467937227275369
2026-02-08 12:00:00,3.8,14.4,15.8,15.7,16.4,5.40687216550445
2026-02-08 13:00:00,2.8,15.6,15.9,15.8,17.8,6.293630542881497
2026-02-08 14:00:00,2.6,17.0,17.0,16.7,19.3,6.904597699196901
2026-02-08 15:00:00,2.4,17.7,15.9,18.1,20.1,9.600940356330971
2026-02-08 16:00:00,2.0,18.4,14.5,19.2,20.9,14.841798296316492
2026-02-08 22:00:00,3.6,19.8,17.0,19.8,22.9,12.126899572219953
2026-02-08 23:00:00,4.5,19.3,16.8,19.4,21.7,10.371326283939498
2026-02-09 00:00:00,5.4,19.0,16.8,19.1,20.9,8.856426297396025
2026-02-09 01:00:00,5.8,18.9,16.6,18.9,20.4,8.3873728028653
2026-02-09 02:00:00,6.0,19.5,16.6,18.8,19.9,7.871444622395582
2026-02-09 03:00:00,5.9,19.5,17.0,18.9,20.0,6.964232950491676
2026-02-09 04:00:00,6.2,19.5,17.5,18.8,20.0,5.724235741520838
2026-02-09 05:00:00,,19.1,17.2,18.9,20.0,6.218325502393684
2026-02-09 06:00:00,,19.3,16.3,18.7,19.7,8.233268222555575
2026-02-09 07:00:00,7.4,19.1,16.5,18.7,19.9,7.8430019201420285
2026-02-09 08:00:00,7.7,18.7,16.3,18.7,19.8,8.039883919833555
2026-02-09 09:00:00,8.2,19.2,16.2,18.8,19.7,8.447716632284687
2026-02-09 10:00:00,6.8,18.7,15.5,18.6,19.4,9.622467567950528
2026-02-09 11:00:00,5.9,18.8,15.4,18.4,19.6,10.170393213676354
2026-02-09 12:00:00,5.3,19.7,15.5,18.8,20.1,11.274817044105493
2026-02-09 13:00:00,5.3,21.1,15.7,19.9,21.3,13.372722882466977
2026-02-10 02:00:00,8.3,24.0,16.6,22.9,26.2,18.36591113508235
2026-02-10 04:00:00,11.7,25.0,18.2,23.2,25.1,14.149242419469683
2026-02-10 05:00:00,20.2,28.4,21.2,25.6,26.4,11.95883018361629
2026-02-10 06:00:00,20.9,24.8,21.5,24.1,24.9,6.675069861050856
2026-02-10 07:00:00,22.6,23.9,21.8,23.4,25.4,6.2818294517061695
2026-02-10 08:00:00,40.0,26.1,31.5,22.7,23.9,14.958079450198928
2026-02-10 11:00:00,41.6,28.0,34.6,29.5,30.8,9.195547075402226
2026-02-10 12:00:00,43.6,32.4,39.1,32.9,33.3,9.116450839354568
2026-02-10 13:00:00,33.3,32.8,31.0,25.2,26.3,12.675285834846335
2026-02-11 01:00:00,,24.2,16.2,20.8,25.0,18.58274111586906
2026-02-11 02:00:00,,24.3,18.3,22.0,25.3,13.825956306007615
2026-02-11 03:00:00,,25.2,20.2,22.3,25.7,11.049471858967797
2026-02-11 04:00:00,,23.8,18.3,21.9,26.8,15.682654390394113
2026-02-11 05:00:00,,21.9,15.5,21.3,24.8,18.661639259547023
2026-02-11 08:00:00,,27.4,17.2,24.6,23.8,18.57447129607672
2026-02-11 10:00:00,,18.3,14.9,18.4,17.8,9.534797459118197
2026-02-13 08:00:00,9.9,21.0,14.4,20.0,21.5,17.04321536286123
2026-02-13 09:00:00,12.3,21.2,14.8,20.9,21.2,16.1494135983893
2026-02-13 10:00:00,16.0,22.0,17.0,23.1,22.4,13.194425991058633
2026-02-13 11:00:00,18.2,23.5,17.8,23.9,23.5,13.180408338827942
2026-02-13 12:00:00,19.2,24.3,19.0,23.2,24.1,10.948871318001984
2026-02-13 13:00:00,12.3,24.3,16.7,22.5,23.0,15.583083177500354
2026-02-14 00:00:00,21.5,31.3,23.3,31.4,30.3,13.351341202246829
2026-02-14 01:00:00,31.4,30.6,29.1,32.7,28.7,5.984366946983799
2026-02-14 02:00:00,21.2,26.2,22.3,23.8,27.9,9.932020203293192
2026-02-14 05:00:00,12.8,24.9,17.4,21.3,25.6,16.91005169055139
2026-02-14 06:00:00,13.7,25.2,17.7,21.4,24.5,15.42532474037577
2026-02-14 07:00:00,22.4,27.4,20.7,24.7,24.0,11.386778339085609
2026-02-14 08:00:00,33.3,26.1,26.4,29.1,28.0,5.1354917078358735
2026-02-14 09:00:00,30.2,25.4,24.9,29.2,26.0,7.341332684008614
2026-02-14 10:00:00,20.3,23.8,19.1,21.2,22.3,9.158401311702338
2026-02-14 11:00:00,17.0,23.8,17.8,22.7,22.6,12.301705882524988
2026-02-15 02:00:00,26.3,23.1,19.2,25.8,28.3,16.166605592347018
2026-02-15 03:00:00,37.9,26.4,25.9,27.5,29.7,6.166018160864147
2026-02-15 04:00:00,38.0,26.3,25.8,26.7,28.5,4.383215663114574
2026-02-15 05:00:00,40.8,23.5,26.1,28.1,25.3,7.405843231268768
2026-02-15 06:00:00,38.4,23.0,24.7,27.7,25.9,7.820455012966774
2026-02-15 07:00:00,38.2,25.6,23.4,26.2,29.3,9.320528313390799
2026-02-15 08:00:00,36.4,25.9,23.1,23.8,26.1,6.074593269109979
2026-02-15 09:00:00,34.3,26.2,23.6,23.8,24.1,4.917261883096952
2026-02-15 10:00:00,32.0,26.9,22.2,25.4,23.1,8.7836324621194
2026-02-15 11:00:00,32.8,25.1,22.2,27.0,22.5,9.404798906397557
2026-02-15 12:00:00,39.7,29.1,32.0,28.8,20.8,17.36266955155438
2026-02-16 06:00:00,,21.2,16.1,22.1,24.0,16.186606264447196
2026-02-16 07:00:00,12.3,21.1,16.4,22.2,23.9,15.375660931413117
2026-02-16 08:00:00,12.6,22.0,16.4,23.6,23.9,16.226351649849526
2026-02-16 10:00:00,12.6,22.3,16.6,24.3,24.8,17.084299173127196
2026-02-16 11:00:00,13.9,23.0,17.4,26.3,26.6,18.321391796648747
2026-02-16 12:00:00,16.4,24.5,17.9,25.0,26.3,16.054008705633958
2026-02-16 14:00:00,16.5,25.1,17.6,24.9,25.4,16.22480525923442
2026-02-17 01:00:00,24.1,23.1,18.9,22.8,29.2,18.10387011590013
2026-02-17 02:00:00,39.4,24.5,27.6,30.7,28.8,9.323590449283952
2026-02-17 03:00:00,42.1,26.0,29.5,31.0,27.2,7.9103536691876375
2026-02-17 04:00:00,42.4,31.4,30.3,27.7,25.8,8.788678475263717
2026-02-17 05:00:00,40.6,28.1,29.4,25.5,24.3,8.712764877927485
2026-02-17 06:00:00,38.7,24.1,27.2,24.2,23.7,6.510151095866846
2026-02-17 07:00:00,38.4,26.4,27.4,27.8,24.0,6.4579352790628395
2026-02-17 08:00:00,36.7,27.7,27.1,27.3,23.8,6.801489369355657
2026-02-17 09:00:00,36.6,30.3,26.9,26.2,24.2,9.438768348224063
2026-02-17 10:00:00,37.9,29.1,26.0,27.8,27.3,4.653087603878867
2026-02-17 11:00:00,38.5,26.7,27.7,29.2,27.4,3.7966319830099957
2026-02-17 12:00:00,36.8,26.6,26.6,28.5,30.3,6.342009810412953
2026-02-17 13:00:00,33.8,26.8,23.6,25.7,26.6,5.700985849388295
2026-02-17 14:00:00,22.2,23.4,15.9,23.5,24.5,18.241013460229166
2026-02-17 23:00:00,20.0,21.7,16.7,25.6,24.2,17.75284783872314
2026-02-18 01:00:00,29.9,21.4,19.3,19.9,20.0,4.41101459916406
2026-02-18 02:00:00,27.4,19.5,17.7,18.9,19.7,4.749340369393141
2026-02-18 03:00:00,23.6,17.8,17.2,16.6,18.4,4.426266681379899
2026-02-18 04:00:00,17.6,16.5,13.7,16.9,16.5,9.300240256947102
2026-02-18 05:00:00,15.7,16.8,11.3,17.1,16.8,18.087542927582177
2026-02-18 06:00:00,20.8,17.8,15.8,16.4,18.3,6.852790363481936
2026-02-18 07:00:00,24.4,17.9,16.1,17.5,19.3,7.438198741292463
2026-02-18 08:00:00,26.5,18.4,15.6,18.4,20.2,10.46831955922865
2026-02-18 09:00:00,25.2,18.5,16.0,18.0,20.7,10.548948805515668
2026-02-18 10:00:00,25.8,20.3,15.7,18.0,19.5,11.005000286874735
2026-02-18 11:00:00,27.7,20.9,16.5,18.9,20.6,10.501270847953808
2026-02-18 12:00:00,24.1,17.6,16.1,18.8,20.9,11.048029936083532
2026-02-18 13:00:00,22.4,17.8,17.5,20.6,20.3,8.534557059147646
2026-02-18 19:00:00,21.7,20.1,15.9,21.0,23.0,14.949916387726052
2026-02-18 20:00:00,24.2,21.3,17.4,21.6,22.6,11.02667781136448
2026-02-18 21:00:00,27.3,23.3,17.6,22.4,23.1,12.474253319729144
2026-02-18 22:00:00,30.4,23.1,18.6,23.7,24.1,11.396648044692736
2026-02-18 23:00:00,31.0,23.9,18.9,22.2,24.1,10.801655291200325
2026-02-19 00:00:00,31.2,24.4,19.4,22.8,23.6,9.752737444615926
2026-02-19 01:00:00,30.1,23.4,18.0,20.9,22.8,11.41953524160408
2026-02-20 04:00:00,30.1,28.6,20.1,28.2,29.6,16.487008055029158
2026-02-20 06:00:00,,27.3,18.7,28.3,25.7,17.337435412040236
2026-02-20 08:00:00,30.2,25.2,18.5,23.8,24.8,13.461801866782835
2026-02-20 09:00:00,29.7,25.5,20.2,23.0,22.9,9.453585374747899
2026-02-20 10:00:00,28.9,26.2,19.7,24.9,21.8,12.73870900084936
2026-02-20 11:00:00,32.4,25.8,23.7,25.5,21.7,7.829366382935969
2026-02-20 12:00:00,31.8,25.7,23.9,23.8,22.5,5.4847875697113295
2026-02-20 13:00:00,30.0,23.7,21.2,22.5,24.0,5.587372137769674
2026-02-22 11:00:00,16.6,18.8,15.7,20.3,20.6,11.897963656236506
2026-02-22 12:00:00,18.7,19.2,17.2,20.2,21.3,8.946671599968678
2026-02-22 13:00:00,15.3,19.3,14.0,19.4,21.0,16.559526189623345
2026-02-25 00:00:00,8.5,21.6,14.8,20.3,23.4,18.516788390519398
2026-02-25 02:00:00,7.5,21.7,15.3,18.8,22.6,16.80320305568921
2026-02-25 07:00:00,35.7,25.9,24.9,25.5,27.4,4.110915404371114
2026-02-25 08:00:00,35.9,26.6,25.2,27.7,26.2,3.91298073017877
2026-02-25 09:00:00,35.6,26.1,24.0,28.2,28.2,7.5515377513175945
2026-02-25 10:00:00,35.4,28.9,25.8,33.4,29.0,10.67657255439181
2026-02-25 11:00:00,36.9,30.7,27.7,36.1,31.2,11.07037313400093
2026-02-25 12:00:00,33.2,33.5,26.3,35.6,32.8,12.52332745110108
2026-02-25 13:00:00,31.7,31.2,26.7,36.4,35.4,13.668422546825743
2026-02-25 23:00:00,16.9,24.9,17.0,22.0,26.5,18.460751114589844
2026-02-26 00:00:00,19.4,23.7,17.0,23.8,24.4,15.734634614441157
2026-02-26 01:00:00,17.6,21.1,16.2,21.3,24.6,16.64045028834306
2026-02-26 05:00:00,25.0,22.9,17.3,21.8,20.0,11.928799278670711
2026-02-26 08:00:00,27.6,23.9,19.0,23.3,22.6,9.903082551255943
2026-02-26 09:00:00,35.4,26.9,24.4,30.1,26.8,8.646222228115716
2026-02-26 10:00:00,32.7,32.0,22.7,31.9,29.0,15.090631479139462
2026-02-26 11:00:00,35.7,30.1,26.5,25.4,27.2,7.356469026320916
2026-02-26 12:00:00,40.6,31.2,34.2,27.7,27.3,10.785835934051782
2026-02-27 01:00:00,34.8,30.7,26.8,31.2,30.1,6.683310855649562
2026-02-27 06:00:00,,26.6,17.2,24.2,25.8,18.270652762385822
2026-02-27 07:00:00,,25.0,18.7,24.1,26.8,14.738625841804128
2026-02-27 08:00:00,21.1,27.6,17.6,24.8,26.4,18.59982901688989
2026-02-27 09:00:00,33.8,28.1,23.4,25.4,26.4,7.603591850450544
2026-02-27 10:00:00,39.4,26.6,26.1,29.1,26.6,4.996333582186937
2026-02-27 11:00:00,39.3,28.4,27.6,29.4,26.9,3.8293745141870312
2026-02-27 12:00:00,28.9,29.6,22.6,28.8,28.1,11.645627349333203
2026-02-28 07:00:00,33.0,28.3,21.0,30.5,29.4,15.73244792902834
2026-02-28 09:00:00,32.2,27.6,19.3,29.7,28.5,17.997718388050426
2026-03-01 06:00:00,31.0,31.6,21.4,27.9,23.7,17.29036501765685
2026-03-01 07:00:00,31.0,29.5,21.9,27.5,24.0,13.278974531561465
2026-03-01 08:00:00,30.0,27.6,21.2,27.8,24.2,12.447926302665179
2026-03-01 09:00:00,29.5,26.5,21.1,27.1,22.7,11.9661620405203
2026-03-02 06:00:00,,22.5,17.0,23.6,22.9,14.112785795628248
2026-03-02 07:00:00,7.9,20.7,15.9,20.8,23.7,15.938277318921353
2026-03-02 08:00:00,10.0,20.0,16.4,23.2,22.9,15.344388556652655
2026-03-02 09:00:00,7.4,19.9,17.0,21.1,22.4,11.467994440875932
2026-03-02 10:00:00,8.7,20.5,17.4,21.8,22.7,11.245663659478355
2026-03-02 23:00:00,9.0,25.4,18.3,24.1,28.6,17.8600060342923
2026-03-03 00:00:00,11.1,25.5,18.4,24.0,27.0,15.828575536881267
2026-03-03 01:00:00,21.3,26.8,20.7,25.3,27.9,12.583667690767857
2026-03-03 02:00:00,23.1,29.5,20.3,27.1,30.6,17.19261709476348
2026-03-03 03:00:00,30.2,30.1,22.0,29.4,29.7,13.947065730067479
2026-03-03 04:00:00,39.0,29.3,26.8,33.4,31.7,9.492872169330965
2026-03-03 05:00:00,34.8,27.2,23.3,34.7,32.6,17.575231639534856
2026-03-03 06:00:00,37.8,28.7,25.3,33.8,30.7,12.036883424542888
2026-03-03 07:00:00,38.7,29.8,27.0,32.6,29.1,7.807009463358262
2026-03-03 08:00:00,39.3,29.5,27.3,33.5,27.3,9.94376959151052
2026-03-03 09:00:00,40.2,32.4,26.9,30.5,27.1,9.18730243681745
2026-03-03 10:00:00,41.9,36.0,29.2,29.9,26.6,13.076708387628551
2026-03-03 11:00:00,,38.0,30.5,35.1,25.5,16.95233106445408
2026-03-03 12:00:00,,41.6,32.4,42.2,28.9,18.345997639194586
2026-03-03 13:00:00,,40.9,33.8,42.4,33.3,12.555520279240543
2026-03-03 14:00:00,,37.1,26.6,35.6,32.0,14.224873495451678
2026-03-04 06:00:00,17.8,22.1,16.6,18.8,19.1,11.804338961313121
2026-03-04 07:00:00,17.9,20.9,17.0,20.5,19.4,9.00843982927261
2026-03-04 08:00:00,24.6,24.4,16.4,24.2,21.8,17.168604617693237
2026-03-04 09:00:00,32.7,24.7,21.1,23.3,23.1,6.430002624849081
2026-03-04 10:00:00,34.2,27.4,22.2,25.6,25.5,8.60769475981774
2026-03-04 11:00:00,33.4,32.4,22.7,27.7,28.0,14.316556510195385
2026-03-05 04:00:00,30.1,22.9,19.9,25.3,25.7,11.386805904322976
2026-03-05 05:00:00,29.6,27.1,18.5,23.4,25.0,15.580900117399732
2026-03-05 06:00:00,27.5,25.4,17.5,22.0,22.7,14.973641786847342
2026-03-05 07:00:00,26.8,23.7,16.2,20.9,21.8,15.438248557188228
2026-03-05 10:00:00,27.5,26.9,19.5,24.4,18.9,17.253069040430933
2026-03-05 11:00:00,27.3,28.7,20.8,23.5,19.3,17.9115844489123
2026-03-05 13:00:00,32.7,29.3,26.1,25.2,21.3,12.925594367832744
2026-03-05 14:00:00,37.2,34.4,29.9,24.9,22.8,18.582871932284863
2026-03-05 15:00:00,39.6,35.1,31.4,28.2,25.1,14.323574771218865
2026-03-05 16:00:00,36.7,37.1,26.7,30.5,28.1,15.06107009386002
2026-03-05 17:00:00,32.8,33.2,22.0,31.2,31.9,17.30358483182874
2026-03-09 01:00:00,20.8,21.3,17.9,20.7,23.4,10.889354593468012
2026-03-09 02:00:00,18.5,20.9,16.7,18.0,20.5,10.576894222166032
2026-03-09 03:00:00,17.0,19.1,15.5,18.0,19.4,9.844469525927416
2026-03-09 04:00:00,14.5,15.5,11.6,17.3,17.1,17.186614974600086
2026-03-09 06:00:00,,16.9,11.6,16.8,15.8,16.365520967446205
2026-03-09 08:00:00,12.6,16.6,12.1,16.2,14.8,13.636939656313318
2026-03-09 12:00:00,14.5,22.9,15.4,22.8,18.9,17.939713858736248
2026-03-10 10:00:00,18.5,18.5,16.7,20.7,21.5,11.23956753019718
2026-03-10 11:00:00,20.6,19.7,16.3,22.4,23.3,15.406726049017932
2026-03-10 12:00:00,17.4,17.6,15.8,22.8,22.8,18.216123749309055
2026-03-10 16:00:00,7.6,7.2,4.7,5.3,5.8,18.54166445416751
2026-03-11 17:00:00,1.9,6.0,4.5,4.8,5.7,13.602720816272097
2026-03-11 18:00:00,2.7,6.0,4.3,5.3,5.8,14.194125545039896
2026-03-19 01:00:00,11.1,25.5,16.8,21.8,25.5,18.395890873246888
2026-03-19 08:00:00,29.6,28.0,22.0,29.1,24.4,12.643352891173405
2026-03-19 09:00:00,29.3,28.2,22.7,27.6,25.4,9.598295677243243
2026-03-19 10:00:00,27.4,27.1,21.3,27.4,27.3,11.58463344923928
2026-03-20 08:00:00,11.5,22.3,14.2,19.5,19.4,17.924964573574975
2026-03-20 09:00:00,16.9,24.1,16.9,23.6,23.9,15.771248253843268
2026-03-29 09:00:00,24.0,26.3,23.0,29.3,23.3,11.593279235032274
2026-03-29 10:00:00,28.2,26.1,25.1,29.9,28.2,7.8625765892012405
2026-03-29 11:00:00,21.3,26.6,21.8,26.1,24.6,8.709336077240314
2026-03-31 17:00:00,4.3,6.8,4.5,5.8,5.5,16.75973181279267
2026-04-09 07:00:00,16.1,26.0,16.7,22.3,24.3,18.111580187308718
2026-04-09 08:00:00,23.3,26.0,17.3,25.5,25.0,17.570469389013088
2026-04-09 09:00:00,30.1,27.6,21.4,26.4,24.7,10.763897736548467
2026-04-10 06:00:00,,19.9,15.2,18.3,19.7,11.874481220588443
2026-04-10 07:00:00,,21.8,16.3,18.5,20.9,12.791776754987074
2026-04-10 08:00:00,13.0,21.0,15.4,17.0,19.1,13.4796568734255
2026-04-10 09:00:00,17.3,22.0,15.5,20.7,22.3,15.704667307364682
2026-04-14 09:00:00,25.4,26.9,18.4,26.4,25.2,16.298501034292187
2026-04-14 14:00:00,2.0,5.8,5.3,5.8,5.4,4.71740921915082
2026-04-14 15:00:00,1.7,6.0,5.5,5.7,5.6,3.7899068411741887
2026-04-14 16:00:00,2.0,7.5,5.3,6.5,6.0,14.626286257051824
2026-04-15 14:00:00,2.3,5.7,5.2,5.7,5.4,4.453617714151233
2026-04-15 15:00:00,1.6,6.0,5.3,6.1,5.7,6.223335830547712
2026-04-15 16:00:00,2.3,7.1,5.1,6.4,6.1,13.443896793967365
2026-04-16 14:00:00,3.8,6.4,4.4,5.2,4.6,17.47572815533981
2026-04-16 15:00:00,3.7,5.8,6.2,5.6,5.6,4.876598490941712
2026-04-16 16:00:00,3.2,6.7,5.8,5.6,5.3,10.303784227934546
2026-04-16 18:00:00,2.2,7.7,5.5,5.6,5.7,17.194609282154648
2026-04-17 17:00:00,3.5,7.3,6.2,5.6,5.7,12.56271123177196
2026-04-25 10:00:00,,22.8,14.9,21.0,20.2,17.214005874301535
2026-04-27 07:00:00,21.8,27.0,17.9,21.6,20.1,17.906948706679103
2026-05-16 14:00:00,2.1,6.1,5.8,5.4,5.6,5.21585818549313
2026-05-16 15:00:00,1.5,6.4,5.6,5.7,5.6,6.630403562950772
2026-05-16 16:00:00,1.4,7.9,5.6,6.2,5.9,16.08692209529219
2026-05-17 13:00:00,1.3,6.4,5.6,5.7,5.5,7.038763628687297
2026-05-17 14:00:00,1.3,6.9,5.5,6.9,6.0,10.982169161620401
2026-05-17 15:00:00,1.2,9.1,6.4,8.3,6.6,17.289827495111425
2026-05-18 12:00:00,3.3,6.9,5.2,5.7,5.4,13.130643285972258
2026-05-18 13:00:00,3.2,7.6,5.4,6.5,5.5,16.44708687478322
2026-05-19 13:00:00,4.5,8.4,6.1,5.7,6.1,18.7253510950191
2026-05-19 14:00:00,4.0,7.7,6.1,6.2,6.0,12.371628801861354
2026-05-19 15:00:00,,8.0,6.7,6.7,6.2,11.163497592552023
2026-05-19 16:00:00,,9.1,6.8,7.0,6.6,15.74964527369575
2026-05-19 18:00:00,,9.2,7.1,7.2,6.1,17.550233998899238
2026-05-19 20:00:00,,8.2,7.3,7.7,6.9,7.389070794069664
2026-05-20 12:00:00,,5.9,4.6,5.4,6.8,16.237927690783064
2026-05-20 13:00:00,,6.2,6.4,5.4,5.9,7.279212469009701
2026-05-20 14:00:00,2.4,7.1,6.1,6.0,6.0,8.498612912279896
2026-05-20 15:00:00,1.5,8.7,6.0,6.8,6.0,18.527620658701082
2026-05-20 16:00:00,1.4,7.9,6.0,7.2,6.1,13.424572487871721
2026-05-22 16:00:00,0.8,8.8,5.7,7.6,7.4,17.30695773879846
2026-05-22 17:00:00,0.9,10.0,6.7,7.9,8.0,16.77888874991085
2026-05-22 18:00:00,0.8,10.5,6.9,8.7,8.4,17.128448350949746
2026-05-22 19:00:00,1.0,10.8,6.9,8.7,9.1,18.036969682909437
2026-05-23 14:00:00,2.3,7.0,5.4,6.3,5.7,11.591914445681105
2026-05-23 15:00:00,1.8,7.0,5.2,6.4,5.9,12.460683691815303
2026-05-23 16:00:00,1.8,8.1,5.4,6.8,6.2,17.182592519777792
2026-05-25 21:00:00,0.7,6.2,5.2,5.2,5.4,8.656276883082242
2026-05-25 22:00:00,0.9,7.1,5.1,5.5,5.8,14.732666295147556
2026-05-26 14:00:00,2.3,7.2,5.6,6.3,5.9,11.123548594460916
2026-05-27 14:00:00,5.7,7.3,6.1,6.6,5.8,10.166571355506981
2026-05-27 15:00:00,2.1,7.1,5.8,7.5,6.3,11.499204933502579
2026-05-31 13:00:00,1.1,6.9,5.4,5.7,5.8,11.020905082860505
2026-05-31 14:00:00,0.8,6.9,5.2,6.2,5.4,13.172848915857212
2026-05-31 15:00:00,0.7,7.1,5.2,7.6,6.4,15.82406999747894
