datetime_utc,co_wrk_aux,no2_wrk_aux,no_wrk_aux,o3_wrk_aux,rh,temp,dpw_quant_no2
2025-10-31 15:00:00,0.0689595,0.0056876666666666,0.0253186666666666,-0.0216021666666666,36.2973835,23.428263666666663,6.2
2025-11-03 16:00:00,0.2144461016949152,0.0178501694915254,0.040535593220339,-0.013424406779661,43.22538542372882,19.657560677966103,16.2
2025-11-05 03:00:00,0.0906421666666666,0.021202,0.0040303333333333,0.0033313333333332,37.391635666666666,10.8272015,25.9
2025-11-05 05:00:00,0.125165,0.0243724999999999,0.0063853333333333,-0.0007528333333333,43.3695905,8.990322166666667,24.4
2025-11-07 01:00:00,0.0616604999999999,0.019444,0.0040103333333333,0.0024113333333333,36.22976833333333,9.6497975,21.4
2025-11-07 10:00:00,0.0783844999999999,0.0218138333333333,0.0184168333333333,-0.0032836666666666,49.6002275,4.419928166666667,21.0
2025-11-08 18:00:00,0.081011,0.0042318333333333,0.0289598333333333,-0.0187795,30.352731333333335,25.588481833333333,6.6
2025-11-08 19:00:00,0.0675261666666667,0.0103338333333333,0.0253166666666666,-0.0086105,29.6923345,24.439771,6.0
2025-11-09 02:00:00,0.184936,0.0212275,0.0180038333333333,-0.0029609999999999,42.66593233333333,13.248606166666669,26.8
2025-11-09 03:00:00,0.2807938333333333,0.0222583333333333,0.0182033333333332,-0.0059173333333333,42.385198,13.215618333333332,25.9
2025-11-12 16:00:00,0.0782086440677965,0.0154991525423728,0.0245825423728813,-0.0066684745762711,30.64563762711865,12.8854606779661,15.8
2025-11-12 17:00:00,0.0803036666666667,0.0158556666666667,0.0288456666666666,-0.0066471666666666,28.319289833333332,13.64931,16.3
2025-11-12 18:00:00,0.0959778333333333,0.0166811666666666,0.0339169999999999,-0.0069029999999999,26.8369775,14.884805666666669,15.6
2025-11-13 23:00:00,0.0678498333333332,0.0160578333333333,0.0057628333333333,-0.0049568333333333,41.6017065,11.276917333333332,14.9
2025-11-14 19:00:00,0.0607956666666666,0.0126859999999999,0.0057834999999999,-0.0059178333333333,25.7415115,15.3754,13.2
2025-11-16 19:00:00,0.0538041666666667,0.0117961666666666,0.0165513333333333,-0.0087136666666666,27.853500333333333,16.6630485,10.2
2025-11-19 13:00:00,0.2039936666666666,0.0222276666666666,0.067841,-0.0103145,41.09508133333333,8.263918833333333,23.1
2025-11-22 01:00:00,0.2345343333333333,0.0218189999999999,0.012123,-0.0059401666666666,55.956198666666666,11.3300475,25.6
2025-11-22 10:00:00,0.2534383333333334,0.0240655,0.0959325,-0.013676,62.29250283333333,12.02817,19.1
2025-11-22 11:00:00,0.3109596666666666,0.0195216666666666,0.0378271666666666,-0.01155,64.18252966666667,11.554652,19.4
2025-11-22 13:00:00,0.403746,0.0258983333333333,0.1134808333333333,-0.0142918333333333,68.43623383333333,11.7956655,19.3
2025-11-23 01:00:00,0.104285,0.0205741666666666,0.0397925,-0.0045918333333332,43.73870933333333,8.180873166666666,19.2
2025-11-23 14:00:00,0.137971,0.016112,0.0414575,-0.0126061666666666,42.712616,8.676828333333333,14.6
2025-11-23 15:00:00,0.0600513333333334,0.0090946666666666,0.0233013333333333,-0.0143228333333333,29.741538666666667,12.849673833333334,12.4
2025-11-23 16:00:00,0.0676874576271187,0.0120971186440677,0.0237935593220338,-0.0089506779661017,28.25512152542373,12.997485762711865,13.5
2025-11-23 17:00:00,0.0592776666666666,0.0144619999999999,0.0223424999999999,-0.0055009999999999,30.0239175,12.447719333333334,14.8
2025-11-23 18:00:00,0.0781751666666666,0.0169258333333333,0.028851,-0.0038601666666666,31.956477666666668,11.8579335,15.9
2025-11-23 22:00:00,0.1377246666666667,0.0243059999999999,0.0299023333333333,0.000467,45.47627683333334,10.251043333333334,27.1
2025-11-24 00:00:00,0.2228311666666667,0.0224736666666666,0.0184493333333333,-0.0052799999999999,46.5771225,9.831657666666668,26.7
2025-11-24 05:00:00,0.1062113333333333,0.0204553333333333,0.0216501666666666,-0.0034883333333333,56.103011,7.457329166666667,19.3
2025-11-25 15:00:00,0.1336703333333334,0.0149761666666666,0.0400074999999999,-0.0134463333333333,42.00433316666667,16.766922,12.2
2025-11-26 01:00:00,0.0986279999999999,0.0210218333333333,0.0052821666666666,0.004607,67.5466425,13.584161166666666,19.4
2025-11-26 03:00:00,0.0843594999999999,0.0191813333333333,0.0039948333333332,0.0019639999999999,70.0224635,13.7034895,19.8
2025-11-28 15:00:00,0.0645976666666667,0.0148379999999999,0.0257563333333333,-0.0055351666666666,30.4212185,10.876703166666667,16.5
2025-11-28 16:00:00,0.0625916949152542,0.0149033898305084,0.0258062711864406,-0.0046930508474576,26.56307593220339,12.619761694915256,16.7
2025-11-30 05:00:00,0.1592295,0.0241598333333333,0.0416946666666666,-0.0030458333333333,40.249063,4.9440946666666665,26.3
2025-11-30 14:00:00,0.1035145,0.0211003333333333,0.0486119999999999,-0.0037103333333333,40.9839365,9.536718,22.4
2025-12-02 06:00:00,0.132656,0.0218753333333333,0.0092006666666666,-0.0049796666666667,41.0856685,3.1719735,25.4
2025-12-02 09:00:00,0.0735748333333333,0.0210303333333333,0.0212971666666667,-0.0009516666666666,41.226081666666666,5.557777833333334,24.9
2025-12-02 23:00:00,0.0868394999999999,0.0178551666666666,0.0063091666666666,-0.0050388333333333,66.54147333333333,6.2822423333333335,16.7
2025-12-03 19:00:00,0.0775965,0.0185835,0.0359218333333333,-0.0022874999999999,35.11620116666667,10.061632666666666,16.3
2025-12-04 04:00:00,0.1589463333333333,0.0224688333333333,0.0190354999999999,-0.0054775,52.52432483333333,3.158402,25.3
2025-12-04 05:00:00,0.1693933333333333,0.0243268333333333,0.0531781666666666,-0.0074788333333333,52.450208333333336,3.818473,22.9
2025-12-04 18:00:00,0.0621118333333333,0.0138093333333333,0.0201979999999999,-0.0070414999999999,29.531376666666667,11.430397833333334,15.4
2025-12-04 19:00:00,0.0694751666666667,0.0158668333333333,0.0191975,-0.0032956666666666,31.706804333333334,9.9462465,16.4
2025-12-05 05:00:00,0.0268678333333333,0.0183635,0.0107121666666666,0.0024474999999999,27.384459,-2.5301271666666665,19.9
2025-12-05 10:00:00,0.0441425,0.0198551666666666,0.0217364999999999,0.0001663333333333,29.484039333333335,-5.481078166666666,20.2
2025-12-06 01:00:00,0.0988749999999999,0.0198983333333332,0.0076384999999999,-0.002472,38.2442305,4.225194833333333,22.9
2025-12-06 06:00:00,0.2226986666666666,0.0230393333333333,0.0718039999999999,-0.0094791666666666,41.932825,4.910494666666667,21.5
2025-12-06 15:00:00,0.250529,0.0180426666666666,0.0362861666666666,-0.0134176666666666,41.156376,10.515532333333333,26.2
2025-12-06 21:00:00,0.1524725,0.0232251666666666,0.0541653333333333,-0.0047638333333333,49.5048895,9.710126333333331,20.2
2025-12-06 23:00:00,0.2195001666666666,0.0226131666666666,0.0335463333333333,-0.0069151666666666,52.83699166666667,7.6774645,26.3
2025-12-07 00:00:00,0.2205323333333333,0.0214345,0.0250891666666666,-0.0066249999999999,53.985310166666665,6.7314995,22.9
2025-12-08 21:00:00,0.0589108333333333,0.0201288333333333,0.0226744999999999,-0.0013859999999999,17.6814565,1.9351453333333333,22.9
2025-12-08 22:00:00,0.0562666666666666,0.0182453333333333,0.0054441666666666,-0.0006918333333333,18.797971666666665,1.0159725,25.0
2025-12-08 23:00:00,0.0563431666666666,0.018289,0.0050248333333333,-0.0010669999999999,20.413092333333335,0.5338111666666666,24.7
2025-12-09 00:00:00,0.0534898333333332,0.0189121666666666,0.0065321666666666,-0.0015053333333333,22.190216166666666,-0.02993,24.7
2025-12-09 01:00:00,0.0476171666666666,0.0186001666666666,0.0062865,-0.0008814999999999,23.1333155,-0.6079271666666667,22.7
2025-12-09 02:00:00,0.0463358333333333,0.0190965,0.0066156666666666,-0.0015441666666666,24.519884333333337,-1.3429426666666666,22.2
2025-12-09 05:00:00,0.0438561666666666,0.0193856666666666,0.0127685,-0.0028443333333333,27.640022166666668,-3.1834343333333335,21.2
2025-12-09 06:00:00,0.0420195,0.0192071666666666,0.011129,-0.0026741666666666,29.143071333333335,-3.472411,20.9
2025-12-09 07:00:00,0.0443435,0.0191605,0.0127991666666666,-0.0026398333333333,30.343896833333332,-3.4589545,20.5
2025-12-09 08:00:00,0.0478436666666666,0.0186715,0.0102576666666666,-0.0023151666666666,31.077741166666662,-3.703738333333334,19.9
2025-12-09 09:00:00,0.0415838333333333,0.019402,0.015557,-0.0035698333333333,32.223901833333336,-4.2671565,19.7
2025-12-09 10:00:00,0.0742189999999999,0.0196886666666666,0.0149256666666666,-0.0045533333333332,33.45292466666667,-4.6487308333333335,20.9
2025-12-10 07:00:00,0.0759326666666666,0.0220294999999999,0.0165148333333333,-0.0012608333333333,45.667015666666664,7.070356,21.9
2025-12-11 15:00:00,0.0392491666666666,0.0131028333333333,0.0223021666666666,-0.0065961666666666,26.956481,6.974336,13.6
2025-12-13 15:00:00,0.0805278333333333,0.0168,0.0195641666666666,-0.0084606666666666,35.31892233333333,8.503161166666667,20.5
2025-12-13 22:00:00,0.1390726666666667,0.0199811666666666,0.0189693333333332,-0.0071768333333333,38.651735,9.579182666666666,23.7
2025-12-14 00:00:00,0.0925695,0.0188461666666666,0.0190178333333332,-0.0057431666666666,38.93001133333333,8.67133,20.7
2025-12-14 05:00:00,0.0838671666666666,0.0201656666666666,0.0209258333333333,-0.0048583333333333,44.021241,7.321489833333334,19.2
2025-12-14 09:00:00,0.116348,0.0224598333333333,0.0556971666666666,-0.0087369999999999,52.64189583333333,6.8217514999999995,17.7
2025-12-14 15:00:00,0.1706129999999999,0.0193269999999999,0.035822,-0.0109463333333333,56.219213833333335,8.206689,17.5
2025-12-14 23:00:00,0.0390735,0.016235,0.0158166666666667,-0.004359,41.71390533333334,3.6311416666666663,17.7
2025-12-15 00:00:00,0.0387436666666666,0.0172259999999999,0.017504,-0.0038983333333333,40.367236,3.1363886666666665,17.3
2025-12-16 11:00:00,0.1748573333333333,0.0242051666666666,0.0726456666666666,-0.0086988333333333,40.975831,2.6816991666666667,25.2
2025-12-17 00:00:00,0.1520873333333333,0.0210033333333333,0.0097408333333333,-0.006603,37.60872083333334,3.3363605,29.3
2025-12-17 04:00:00,0.1116916666666666,0.0206886666666666,0.0166034999999999,-0.0073505,42.482344,3.1044763333333334,23.1
2025-12-17 21:00:00,0.1037081666666666,0.0198893333333333,0.0182835,-0.0048648333333333,37.3917445,12.269508333333333,26.0
2025-12-17 22:00:00,0.1119223333333332,0.0195556666666666,0.0067171666666666,-0.0046516666666666,39.27326033333333,10.986581833333334,27.0
2025-12-17 23:00:00,0.1268798333333333,0.0204471666666666,0.0066676666666666,-0.0053789999999999,41.0308015,9.98691,28.4
2025-12-18 00:00:00,0.1384826666666666,0.0207069999999999,0.0081528333333333,-0.0062034999999999,42.12065466666667,9.297438666666666,29.5
2025-12-18 01:00:00,0.1271108333333334,0.0201213333333333,0.009166,-0.0057329999999999,42.632873333333336,9.021703666666667,27.3
2025-12-18 06:00:00,0.0577938333333333,0.0178654999999999,0.0068158333333333,-0.0064968333333333,41.42672783333333,8.572915833333333,21.2
2025-12-18 07:00:00,0.1156169999999999,0.01937,0.0091284999999999,-0.0075518333333333,43.0903375,7.436430666666666,26.6
2025-12-18 16:00:00,0.1355052542372881,0.013913220338983,0.0304045762711864,-0.0171896610169491,35.97196033898305,14.59863254237288,11.3
2025-12-18 17:00:00,0.0850491666666666,0.0069313333333333,0.025172,-0.025924,27.8435675,19.73927,11.4
2025-12-20 11:00:00,0.0671751666666666,0.0184698333333332,0.0210929999999999,-0.0035795,38.133303,4.0829415,18.7
2025-12-21 14:00:00,0.0646474999999999,0.0144878333333333,0.0192366666666666,-0.0085684999999999,38.47778783333333,12.426410333333331,11.7
2025-12-22 22:00:00,0.1340919999999999,0.0206563333333333,0.0056623333333333,-0.0047325,29.6899705,4.7289845,31.4
2025-12-22 23:00:00,0.1500556666666666,0.0223098333333333,0.0132525,-0.0058425,31.732931833333332,4.181594166666667,31.3
2025-12-23 05:00:00,0.1531116666666666,0.0212708333333332,0.0278333333333333,-0.0080961666666666,39.2172245,4.4922968333333335,29.6
2025-12-23 08:00:00,0.1405509999999999,0.0193471666666666,0.0183015,-0.0093603333333333,39.275103333333334,5.071546333333333,26.4
2025-12-23 11:00:00,0.1924578333333333,0.0220773333333333,0.0760788333333333,-0.010454,39.931868333333334,6.085713,27.1
2025-12-24 02:00:00,0.1282271666666666,0.0208071666666666,0.0247728333333333,-0.0066808333333333,57.536085666666665,9.332999166666667,17.6
2025-12-24 04:00:00,0.0960529999999999,0.0187506666666666,0.0114341666666666,-0.0074631666666666,58.5855635,9.191948,18.4
2025-12-24 05:00:00,0.0998418333333334,0.0177719999999999,0.0101539999999999,-0.0071093333333333,59.03377366666667,8.216960333333333,17.0
2025-12-24 06:00:00,0.0957733333333333,0.0175055,0.0052396666666666,-0.0062248333333333,59.115946,8.307463,17.8
2025-12-24 07:00:00,0.068558,0.016706,0.0083133333333333,-0.0061001666666666,58.520771833333335,8.012891333333334,17.8
2025-12-24 08:00:00,0.0657934999999999,0.0164165,0.0065576666666666,-0.0060915,59.33973,7.216448,16.5
2025-12-25 01:00:00,0.0604713333333332,0.0161888333333333,0.0055903333333333,-0.0051308333333333,39.228929,6.110607166666667,18.3
2025-12-25 08:00:00,0.0797958333333333,0.0182276666666666,0.0213361666666666,-0.0079986666666667,44.34587883333333,4.609453333333334,17.6
2025-12-25 12:00:00,0.0949774999999999,0.0199303333333333,0.0434413333333333,-0.0102138333333333,44.899392,5.729495333333333,17.8
2025-12-25 19:00:00,0.0459726666666666,0.013765,0.0154715,-0.0062241666666666,30.9789895,12.058188166666667,14.2
2025-12-25 20:00:00,0.0436078333333333,0.0155813333333333,0.015613,-0.0039191666666666,31.934213833333335,10.146708666666669,15.4
2025-12-26 08:00:00,0.0249573333333333,0.0179378333333333,0.0119846666666666,-9.449999999999736e-05,32.575812666666664,-2.8809891666666667,19.1
2025-12-26 09:00:00,0.0251334999999999,0.01832,0.0120943333333333,-0.0009508333333333,32.212660166666666,-3.510019333333333,19.1
2025-12-26 10:00:00,0.0297454999999999,0.0185803333333333,0.0167109999999999,-0.0019206666666666,31.8414235,-4.0331385,19.5
2025-12-26 11:00:00,0.0561249999999999,0.0218606666666666,0.0450336666666666,-0.0041995,34.42579766666667,-4.264118666666667,20.2
2025-12-26 12:00:00,0.0390263333333333,0.0193171666666666,0.0265033333333333,-0.003099,33.38669083333333,-4.5331158333333335,19.5
2025-12-27 18:00:00,0.0695686666666666,0.0193063333333333,0.0331058333333333,-0.0068101666666666,41.2222265,3.9383486666666663,18.6
2025-12-29 14:00:00,0.129762,0.0198025,0.0374645,-0.0121581666666666,60.83392466666667,14.110384666666668,18.7
2025-12-29 19:00:00,0.1623125,0.017289,0.0281798333333332,-0.0143738333333333,61.67734166666666,15.129510166666666,19.8
2025-12-29 20:00:00,0.1676838333333333,0.0170995,0.0300033333333333,-0.0144743333333333,62.36960233333333,14.761384666666666,18.9
2025-12-30 01:00:00,0.0577298333333333,0.0119169999999999,0.0053041666666666,-0.0089848333333333,46.133833833333334,10.695336,15.2
2026-01-01 13:00:00,0.1084414999999999,0.0203001666666666,0.037636,-0.0079106666666666,53.1329745,6.646171333333333,20.2
2026-01-01 14:00:00,0.0390944999999999,0.0177229999999999,0.0207515,-0.0024256666666666,49.692661666666666,3.4597526666666667,15.6
2026-01-01 15:00:00,0.0431468333333333,0.0163378333333333,0.0202714999999999,-0.0025746666666666,42.42703516666667,3.144994666666667,16.7
2026-01-02 11:00:00,0.0764084999999999,0.0210906666666666,0.0263608333333333,-0.0043656666666666,39.14578616666667,-1.7027776666666667,21.4
2026-01-02 12:00:00,0.0672196666666666,0.0194741666666666,0.0187654999999999,-0.0031378333333333,39.482215833333335,-1.6103385,20.7
2026-01-02 22:00:00,0.0745545,0.0175315,0.0034643333333333,-5.4166666666632945e-05,32.073548833333334,0.7573983333333333,23.6
2026-01-03 00:00:00,0.0780603333333332,0.020764,0.0191559999999999,-0.003785,36.6112905,-0.7339091666666667,22.6
2026-01-03 05:00:00,0.0696215,0.0202326666666666,0.0220361666666666,-0.0035873333333333,43.59190233333334,-1.5151311666666667,18.6
2026-01-03 06:00:00,0.0602078333333334,0.0200598333333333,0.0216069999999999,-0.0046316666666666,43.4860745,-1.6988573333333334,18.5
2026-01-03 07:00:00,0.0572026666666666,0.0199463333333333,0.0193769999999999,-0.0050815,44.034183,-2.0734005,18.8
2026-01-03 08:00:00,0.0653219999999999,0.0194909999999999,0.0165525,-0.0055,43.751451,-2.379515666666667,19.9
2026-01-04 03:00:00,0.0731078333333332,0.0197911666666666,0.016486,-0.0055318333333333,34.489765166666665,2.9781471666666666,23.5
2026-01-04 11:00:00,0.0650073333333333,0.0210516666666666,0.024539,-0.0032406666666666,44.273369333333335,2.607292,20.6
2026-01-04 12:00:00,0.0659793333333333,0.0212311666666666,0.0285616666666666,-0.004713,44.882789833333334,2.76529,20.2
2026-01-04 13:00:00,0.0601663333333333,0.0213459999999999,0.032637,-0.0043411666666666,46.3659425,3.2558803333333333,19.9
2026-01-04 14:00:00,0.0561216666666666,0.0193745,0.0194333333333333,-0.0042253333333333,45.73733166666667,4.269022666666666,19.2
2026-01-05 08:00:00,0.0507121666666666,0.0201723333333333,0.0312886666666666,-0.004815,36.41379116666667,0.0862576666666666,20.3
2026-01-05 09:00:00,0.0532596666666667,0.0204779999999999,0.0318503333333333,-0.0062758333333333,37.105798166666666,-0.934416,20.6
2026-01-05 10:00:00,0.0520396666666666,0.0204511666666666,0.0360174999999999,-0.0063031666666666,37.09164666666667,-1.704862,21.1
2026-01-06 09:00:00,0.1008501666666666,0.0190568333333333,0.0304218333333333,-0.0097349999999999,46.161240666666664,5.7672345,20.0
2026-01-07 07:00:00,0.0622921666666666,0.0186556666666666,0.0173731666666666,-0.0066164999999999,58.812938333333335,7.555821,16.2
2026-01-07 21:00:00,0.1413926666666667,0.0165736666666667,0.0221336666666666,-0.0116999999999999,54.274098333333335,8.820025833333334,18.1
2026-01-09 13:00:00,0.4928565,0.0175673333333333,0.0871193333333333,-0.0150078333333333,54.835343,5.242152166666667,21.5
2026-01-09 21:00:00,0.0841423333333332,0.0195526666666666,0.0192069999999999,-0.0038701666666666,50.808844,13.849592833333332,19.6
2026-01-09 22:00:00,0.0782221666666667,0.0178206666666667,0.0034423333333333,-0.00113,53.267643166666666,13.480135833333334,20.6
2026-01-10 00:00:00,0.0772801666666667,0.0208045,0.0182218333333333,-0.0015376666666666,57.949872,14.414554166666669,19.3
2026-01-10 10:00:00,0.0757618333333333,0.0161486666666666,0.0245409999999999,-0.0091568333333333,50.8810415,10.960387,14.2
2026-01-11 02:00:00,0.1060436666666666,0.0204366666666666,0.0381563333333333,-0.007837,60.02438216666667,9.932861333333332,17.8
2026-01-11 03:00:00,0.1016113333333332,0.0201546666666667,0.0338175,-0.0073373333333333,60.909425,10.077899,17.9
2026-01-11 04:00:00,0.0917881666666666,0.0197009999999999,0.0312741666666667,-0.0074818333333333,61.44091133333333,9.949223833333331,17.5
2026-01-11 19:00:00,0.05196,0.0112059999999999,0.0148915,-0.0095879999999999,36.94899366666667,14.455883,11.3
2026-01-11 20:00:00,0.0663869999999999,0.0140618333333333,0.022025,-0.0076591666666667,33.8509925,13.067099,13.1
2026-01-13 01:00:00,0.088131,0.0202333333333333,0.0091149999999999,-0.0024481666666666,42.039810333333335,5.337676666666667,24.0
2026-01-13 06:00:00,0.0644071666666667,0.0186845,0.0160195,-0.0057986666666666,43.921078333333334,4.990632333333333,19.0
2026-01-13 07:00:00,0.0695693333333333,0.0182085,0.0130598333333333,-0.0067395,42.90431916666667,4.866096833333334,20.1
2026-01-13 17:00:00,0.0752471666666667,0.0111414999999999,0.023276,-0.0168429999999999,25.697437,17.058518333333332,13.9
2026-01-14 15:00:00,0.090639,0.0118101666666666,0.0268218333333333,-0.01519,33.26192416666667,17.649351833333334,12.3
2026-01-14 19:00:00,0.150438,0.0203754999999999,0.0352483333333333,-0.0074248333333333,34.624192666666666,17.876357166666665,22.6
2026-01-15 08:00:00,0.0849674999999999,0.017685,0.0057665,-0.0049008333333332,54.75164516666667,13.354817833333334,19.8
2026-01-15 10:00:00,0.1199243333333333,0.0198176666666666,0.023512,-0.0059569999999999,54.74067133333333,12.984159166666666,21.4
2026-01-15 18:00:00,0.06424,0.0076056666666666,0.0163381666666666,-0.0169676666666666,29.354558333333333,20.9265,9.8
2026-01-15 19:00:00,0.0806116666666666,0.0146964999999999,0.013654,-0.0062193333333333,33.27551366666667,16.892225666666665,10.7
2026-01-15 20:00:00,0.0650971666666666,0.0149221666666666,0.0121311666666666,-0.0053186666666666,31.825996333333332,14.658593,12.3
2026-01-17 00:00:00,0.0624291666666665,0.0195498333333333,0.0107328333333333,-0.0014298333333333,28.590225166666663,2.745604833333333,24.7
2026-01-17 02:00:00,0.0969228333333333,0.020309,0.009131,-0.0043515,30.536733,2.2686625,25.8
2026-01-17 03:00:00,0.1029001666666666,0.0216101666666666,0.0236601666666666,-0.0053798333333333,31.549095666666663,2.17432,26.9
2026-01-17 04:00:00,0.0864388333333333,0.0215663333333333,0.0321858333333333,-0.0051446666666666,31.600293333333333,4.121451666666666,26.4
2026-01-17 12:00:00,0.1953958333333333,0.0221155,0.041262,-0.0080701666666666,41.3367325,7.434030166666667,29.3
2026-01-17 15:00:00,0.1417848333333333,0.018966,0.0199138333333333,-0.0087726666666666,39.54853216666667,11.613116166666666,23.2
2026-01-17 18:00:00,0.1264976666666666,0.0198128333333333,0.0341771666666666,-0.0072019999999999,36.66279816666667,13.150387333333333,25.8
2026-01-18 00:00:00,0.0734691666666667,0.0191525,0.0166543333333333,-0.0037,52.6116415,8.047230833333334,18.7
2026-01-18 01:00:00,0.0761764999999999,0.018957,0.0210793333333333,-0.0050738333333333,51.336284,8.031253833333333,18.2
2026-01-18 02:00:00,0.0729823333333333,0.0185104999999999,0.0179806666666667,-0.0051489999999999,51.362635166666664,7.401341666666666,17.9
2026-01-18 03:00:00,0.0732766666666666,0.0185666666666666,0.0181438333333333,-0.0058718333333333,52.05601,6.413979333333334,17.9
2026-01-18 12:00:00,0.1010401666666667,0.0174941666666667,0.0207403333333333,-0.0101918333333332,54.021802,6.597727166666667,17.0
2026-01-18 13:00:00,0.1470024999999999,0.0199083333333333,0.0457293333333333,-0.0107773333333333,55.755564666666665,6.736974,17.1
2026-01-18 15:00:00,0.2095659999999999,0.0191905,0.0378654999999999,-0.0111183333333333,57.19298783333333,8.166160166666666,18.8
2026-01-19 02:00:00,0.1308981666666667,0.0182568333333333,0.0310214999999999,-0.0105933333333333,60.76130916666666,5.7802715000000005,17.6
2026-01-19 04:00:00,0.1196824999999999,0.0179668333333333,0.0375193333333333,-0.0113914999999999,61.441297666666664,5.833674666666667,15.6
2026-01-19 06:00:00,0.075249,0.0174814999999999,0.0233051666666666,-0.0085505,61.137550833333336,5.529111166666667,16.9
2026-01-19 08:00:00,0.0767708333333333,0.0177465,0.0198906666666666,-0.0084383333333333,60.95004,5.145746666666667,16.1
2026-01-19 10:00:00,0.0865448333333333,0.018187,0.0213081666666666,-0.0091478333333333,60.83991916666667,5.348746833333333,17.1
2026-01-19 22:00:00,0.0557853333333333,0.0172471666666666,0.0057004999999999,-0.0026128333333333,45.591056,3.555824,17.6
2026-01-19 23:00:00,0.0592563333333333,0.0180189999999999,0.0066374999999999,-0.0032816666666666,49.49590666666667,2.167692833333333,16.9
2026-01-20 08:00:00,0.0480676666666666,0.0164274999999999,0.0115586666666667,-0.0047765,42.5742535,0.9765565,16.8
2026-01-20 10:00:00,0.0966,0.0189026666666666,0.0113323333333333,-0.0086068333333333,40.93271983333333,-1.3190851666666668,23.8
2026-01-20 12:00:00,0.1190613333333333,0.0190238333333333,0.0213938333333333,-0.006991,46.764709333333336,-1.995411,20.4
2026-01-21 04:00:00,0.0604169999999999,0.0190258333333333,0.0119038333333333,-0.0049341666666666,35.67968833333333,-5.4503596666666665,20.9
2026-01-21 08:00:00,0.0797495,0.0193609999999999,0.0131153333333333,-0.0065716666666666,38.470386,-6.272846,20.0
2026-01-21 09:00:00,0.0691316666666665,0.0190983333333333,0.0124326666666666,-0.0064323333333333,38.6383145,-6.3487575,20.5
2026-01-21 10:00:00,0.0663338333333333,0.0180598333333333,0.0087478333333333,-0.0051913333333333,37.692307166666666,-6.075650166666667,20.7
2026-01-21 13:00:00,0.0787443333333333,0.0190331666666666,0.0268788333333333,-0.0063568333333333,37.76404083333333,-4.816998333333333,22.4
2026-01-23 01:00:00,0.0926441666666667,0.0190141666666666,0.0039029999999999,-0.0003053333333333,38.649947833333336,7.503172166666666,24.7
2026-01-23 04:00:00,0.1354791666666666,0.02132,0.0160006666666666,-0.0062521666666666,41.7728555,5.793205,29.0
2026-01-23 05:00:00,0.1387733333333333,0.0213138333333333,0.0239418333333333,-0.0065208333333333,42.13807,5.4244665,26.3
2026-01-23 11:00:00,0.1412424999999999,0.0200478333333333,0.0249718333333333,-0.0063154999999999,34.5996555,1.5273953333333334,24.7
2026-01-25 04:00:00,0.043276,0.0192153333333333,0.0295398333333333,-0.0055355,26.353735666666665,-7.197352666666666,20.3
2026-01-25 14:00:00,0.0573521666666666,0.0212198333333333,0.0484695,-0.0063231666666666,36.1251365,-5.10272,19.9
2026-01-25 15:00:00,0.0598871666666666,0.0200719999999999,0.0357613333333333,-0.0062003333333333,40.434657666666666,-5.3389413333333335,19.2
2026-01-25 16:00:00,0.0947235593220338,0.0204642372881356,0.0417591525423728,-0.0066813559322033,42.736454915254235,-4.889870338983051,18.9
2026-01-26 13:00:00,0.0666728333333333,0.018734,0.0337185,-0.0064078333333333,51.02335016666667,-1.8508745,18.3
2026-01-26 21:00:00,0.076906,0.0190504999999999,0.0265528333333333,-0.0056654999999999,48.941852833333336,-0.1387768333333333,18.7
2026-01-27 11:00:00,0.0627653333333333,0.0193865,0.037146,-0.0071804999999999,43.60919766666667,-7.390574666666667,18.5
2026-01-27 12:00:00,0.0885881666666666,0.0188178333333333,0.0284443333333333,-0.0082476666666666,42.957818833333334,-7.459940666666666,20.0
2026-01-28 10:00:00,0.059516,0.0181839999999999,0.0187283333333333,-0.0043806666666666,43.65307466666667,-6.484392,18.8
2026-01-28 11:00:00,0.0717243333333332,0.0203388333333333,0.0446156666666666,-0.0069633333333333,45.45951866666667,-6.6498531666666665,18.9
2026-01-29 00:00:00,0.0761553333333333,0.0187743333333333,0.0045296666666667,-0.004289,33.724485666666666,-1.2367723333333334,25.3
2026-01-31 06:00:00,0.0583739999999999,0.0192536666666666,0.015247,-0.0076741666666666,37.81798283333333,-8.457826333333333,21.5
2026-01-31 13:00:00,0.090097,0.0182738333333333,0.0174124999999999,-0.0075903333333333,40.85911333333333,-8.231153833333334,21.4
2026-01-31 14:00:00,0.0633695,0.0174943333333333,0.0235771666666667,-0.0062541666666666,38.463085666666665,-5.4184905,19.9
2026-01-31 15:00:00,0.0486914999999999,0.0156644999999999,0.024892,-0.0098333333333333,30.127242,1.2765821666666666,21.5
2026-02-01 05:00:00,0.0473865,0.0188145,0.0272941666666666,-0.0055516666666666,38.18330866666667,-5.501416666666667,18.6
2026-02-01 06:00:00,0.0474124999999999,0.0177796666666666,0.0212536666666666,-0.0051228333333333,37.6146515,-5.236352,18.6
2026-02-02 00:00:00,0.0434246666666667,0.017789,0.0134536666666666,-0.0025519999999999,32.59091766666667,-0.8841525,21.6
2026-02-02 01:00:00,0.0504013333333333,0.0181709999999999,0.0167181666666666,-0.003496,33.33072,-1.0237276666666666,22.4
2026-02-02 10:00:00,0.0480848333333333,0.018693,0.0189254999999999,-0.0055828333333333,32.8511495,-3.070471,21.8
2026-02-02 11:00:00,0.06025,0.019849,0.0215206666666666,-0.0069803333333333,34.02844016666667,-3.6692633333333338,23.7
2026-02-03 04:00:00,0.0794611666666667,0.0199228333333333,0.0074719999999999,-0.0042476666666666,29.508134833333333,0.629175,28.3
2026-02-03 12:00:00,0.1465596666666667,0.0210048333333333,0.0291983333333333,-0.0075788333333333,37.90977816666667,-3.0437296666666667,30.4
2026-02-04 01:00:00,0.0829463333333333,0.0192725,0.0055948333333333,-0.0003896666666666,31.427749666666667,2.516664,26.0
2026-02-05 00:00:00,0.0814971666666666,0.0184888333333333,0.0024828333333333,-0.0030429999999999,32.6228575,1.832072,24.8
2026-02-05 06:00:00,0.062514,0.0192415,0.0095016666666666,-0.005748,40.42650833333333,-0.8710958333333333,20.4
2026-02-05 10:00:00,0.0663978333333333,0.0186588333333332,0.0079951666666666,-0.0066056666666666,43.675149166666664,-2.5311451666666667,20.7
2026-02-06 01:00:00,0.2878338333333333,0.0221801666666666,0.0240805,-0.0064981666666666,34.94539783333333,1.2063556666666666,32.5
2026-02-06 02:00:00,0.2756641666666667,0.0221581666666667,0.0322259999999999,-0.0070673333333333,36.427150833333336,0.7260003333333334,31.3
2026-02-06 05:00:00,0.1577303333333333,0.0204059999999999,0.0166978333333333,-0.0082568333333333,38.3370505,-1.0487406666666668,27.7
2026-02-06 10:00:00,0.1040493333333333,0.0196449999999999,0.0180461666666666,-0.0083091666666666,39.555163666666665,-2.822059666666666,23.0
2026-02-07 16:00:00,0.0463703389830508,0.015955593220339,0.0202372881355932,-0.0089710169491525,39.47514084745763,8.37508406779661,18.1
2026-02-08 04:00:00,0.0243195,0.0163519999999999,0.0156781666666666,-0.0048781666666666,36.41141116666667,-8.636024666666668,17.9
2026-02-08 05:00:00,0.0229648333333333,0.0163403333333333,0.0158854999999999,-0.0050101666666666,36.43364183333333,-9.216525333333331,17.6
2026-02-08 11:00:00,0.0209681666666667,0.0165663333333333,0.0165816666666666,-0.0057758333333333,37.413120166666666,-11.025627166666666,13.9
2026-02-09 02:00:00,0.0297016666666666,0.0178618333333333,0.0132028333333333,-0.0025454999999999,32.29989416666667,-5.6597945,19.5
2026-02-09 03:00:00,0.0376628333333333,0.0182903333333332,0.0197304999999999,-0.0038401666666666,32.551419333333335,-5.834846833333334,19.5
2026-02-09 04:00:00,0.0319098333333333,0.0180709999999999,0.0187911666666666,-0.0037986666666666,32.14046166666667,-6.020308166666666,19.5
2026-02-09 05:00:00,0.0308744999999999,0.0179886666666666,0.0160835,-0.0036263333333333,32.44631433333333,-6.1841765,19.1
2026-02-09 06:00:00,0.027175,0.0180001666666666,0.0167693333333333,-0.0034044999999999,33.33479333333333,-6.2139215,19.3
2026-02-09 07:00:00,0.0335554999999999,0.0185346666666666,0.0199714999999999,-0.0045233333333333,34.555323,-6.430505,19.1
2026-02-09 08:00:00,0.0310478333333333,0.0185553333333333,0.0188396666666666,-0.0046958333333333,35.23349966666667,-6.6744965,18.7
2026-02-09 09:00:00,0.0381378333333333,0.0185223333333333,0.0232153333333333,-0.0051006666666666,35.571055,-6.625574833333333,19.2
2026-02-09 10:00:00,0.0244786666666666,0.0179358333333333,0.0190188333333333,-0.0033075,35.72448933333333,-6.564279166666667,18.7
2026-02-09 11:00:00,0.0383289999999999,0.0175644999999999,0.0197255,-0.0036128333333333,35.81586333333333,-6.541082333333334,18.8
2026-02-09 12:00:00,0.0388314999999999,0.0177108333333333,0.0217235,-0.004448,35.471702666666665,-5.9991596666666664,19.7
2026-02-09 13:00:00,0.0387494999999999,0.0173689999999999,0.022272,-0.0051789999999999,33.706256,-4.362017333333333,21.1
2026-02-10 06:00:00,0.0519148333333333,0.0184916666666666,0.0068874999999999,-0.0049645,28.084672333333337,-0.9319156666666668,24.8
2026-02-10 12:00:00,0.1639696666666666,0.0206755,0.0351611666666666,-0.0086771666666666,31.093889,-0.5965915,32.4
2026-02-11 06:00:00,0.0833183333333333,0.0207496666666666,0.0110801666666666,-0.0049774999999999,50.725977,5.8517806666666665,22.7
2026-02-11 10:00:00,0.0761646666666666,0.0181438333333333,0.0118508333333333,-0.0033666666666666,51.53739916666667,6.265925166666666,18.3
2026-02-11 11:00:00,0.0918766666666666,0.0189843333333333,0.0228214999999999,-0.0061083333333333,49.6472865,5.629542833333334,18.4
2026-02-11 12:00:00,0.095285,0.0180603333333333,0.0192566666666666,-0.005906,48.772943166666664,5.528807166666667,19.3
2026-02-11 18:00:00,0.0353534999999999,0.0100453333333332,0.0120879999999999,-0.0113463333333333,25.239970666666668,15.897523833333333,15.0
2026-02-13 03:00:00,0.0434123333333333,0.0190525,0.0114211666666666,0.0008581666666666,36.35261933333333,2.83635,21.7
2026-02-13 05:00:00,0.0340621666666667,0.0189719999999999,0.0128223333333333,0.0002915,35.99386616666666,1.877345,21.2
2026-02-13 08:00:00,0.038054,0.019108,0.0112818333333333,-0.0023338333333333,37.12351916666667,-0.1820668333333333,21.0
2026-02-13 09:00:00,0.0400746666666666,0.0189023333333333,0.0104711666666666,-0.0021941666666666,38.12569966666667,-0.7202335,21.2
2026-02-13 10:00:00,0.0465713333333333,0.0190104999999999,0.0097158333333333,-0.0031338333333333,38.954992833333336,-1.0970088333333334,22.0
2026-02-13 11:00:00,0.0846873333333332,0.0206551666666666,0.0229656666666666,-0.0060176666666666,39.97336466666667,-1.3959686666666666,23.5
2026-02-13 12:00:00,0.0878595,0.0208303333333333,0.0276068333333333,-0.0064768333333333,39.91692033333333,-0.8578168333333334,24.3
2026-02-13 13:00:00,0.0825529999999999,0.0186836666666666,0.0197646666666666,-0.0045131666666666,37.159104166666665,1.0506015,24.3
2026-02-13 23:00:00,0.1514895,0.0210911666666666,0.003455,-0.0024261666666666,26.427157833333332,5.727540833333333,36.1
2026-02-14 00:00:00,0.1276273333333332,0.022895,0.0202435,-0.0036763333333333,28.737141833333332,4.914662666666667,31.3
2026-02-14 11:00:00,0.0965981666666666,0.0197526666666666,0.013082,-0.0066431666666666,35.11569266666667,2.845327,23.8
2026-02-16 12:00:00,0.0853138333333333,0.021815,0.0383178333333333,-0.0052916666666666,41.40833383333333,5.678406833333334,24.5
2026-02-16 14:00:00,0.093275,0.0193924999999999,0.0300754999999999,-0.006685,38.9536685,8.427202,25.1
2026-02-17 06:00:00,0.0993273333333333,0.0193371666666666,0.0081813333333333,-0.0064414999999999,46.763721833333335,2.9239685,24.1
2026-02-17 10:00:00,0.2308159999999999,0.0211899999999999,0.0677994999999999,-0.0092466666666666,46.3645865,3.9499915,29.1
2026-02-17 13:00:00,0.1767303333333333,0.0198768333333332,0.0415858333333333,-0.0094398333333333,44.168234166666664,6.797741333333334,26.8
2026-02-17 14:00:00,0.1544166666666666,0.0192924999999999,0.0400294999999999,-0.0100379999999999,40.7575195,9.234250833333334,23.4
2026-02-18 02:00:00,0.1266041666666667,0.0195523333333333,0.026186,-0.0076963333333333,51.8385865,7.699339333333333,19.5
2026-02-18 04:00:00,0.0925429999999999,0.0176416666666666,0.0108798333333333,-0.0071571666666666,53.627951333333336,7.538169,16.5
2026-02-18 05:00:00,0.0936208333333333,0.0175623333333332,0.0097706666666666,-0.0071559999999999,54.31447333333333,7.423148333333334,16.8
2026-02-18 17:00:00,0.1686906666666666,0.0173131666666666,0.0472001666666667,-0.0124726666666666,47.6706865,12.1159385,19.2
2026-02-18 20:00:00,0.2444089999999999,0.0207354999999999,0.0732596666666666,-0.0100373333333332,54.907188833333336,10.573397833333331,21.3
2026-02-18 21:00:00,0.2124216666666666,0.0207161666666666,0.0484991666666666,-0.0084416666666666,56.49255683333333,10.121676,23.3
2026-02-18 22:00:00,0.2281251666666667,0.0184841666666666,0.023911,-0.0095325,56.984638833333335,9.689788666666669,23.1
2026-02-19 00:00:00,0.2443254999999999,0.0179035,0.0147358333333333,-0.0096614999999999,57.10497183333333,9.938216333333331,24.4
2026-02-19 03:00:00,0.056977,0.0167868333333333,0.0199344999999999,-0.0070413333333333,44.2632515,8.988313333333334,18.3
2026-02-19 04:00:00,0.0478274999999999,0.0173408333333333,0.017664,-0.0063145,41.963155666666665,8.753197,19.3
2026-02-19 06:00:00,0.0351848333333333,0.016116,0.0195651666666666,-0.006085,34.3254065,8.464679333333333,20.6
2026-02-19 07:00:00,0.0436051666666666,0.017747,0.0264743333333333,-0.0072311666666666,33.012673,8.218235,21.1
2026-02-19 10:00:00,0.0571125,0.0194993333333333,0.0250358333333333,-0.0057524999999999,33.03119016666667,7.528161833333334,24.1
2026-02-20 04:00:00,0.1105656666666666,0.0207301666666666,0.0102783333333332,-0.0057111666666666,45.722380333333334,5.393291666666666,28.6
2026-02-20 07:00:00,0.1113095,0.0203158333333333,0.0250704999999999,-0.0075755,48.46880066666667,4.5424473333333335,26.2
2026-02-20 08:00:00,0.1335638333333333,0.019663,0.0219153333333332,-0.0080649999999999,49.28369166666667,3.7819411666666665,25.2
2026-02-20 13:00:00,0.2245323333333334,0.0220489999999999,0.0854486666666666,-0.0086094999999999,50.321655166666666,7.632807666666666,23.7
2026-02-20 17:00:00,0.0713813333333333,0.0193519999999999,0.0302003333333333,-0.0044006666666666,45.737777666666666,9.057669666666667,19.6
2026-02-21 02:00:00,0.0499925,0.0189886666666666,0.0160661666666666,-0.0024645,59.39273583333333,7.0870375,16.0
2026-02-21 04:00:00,0.052244,0.0209384999999999,0.0320426666666666,-0.0034774999999999,58.29597583333334,7.339076333333334,17.3
2026-02-21 06:00:00,0.0485988333333333,0.0189016666666666,0.0170321666666666,-0.0029313333333333,58.277658333333335,6.7478165,17.6
2026-02-21 08:00:00,0.0484286666666667,0.0189719999999999,0.0229743333333333,-0.0038573333333333,57.64023566666667,6.814549666666666,17.2
2026-02-21 14:00:00,0.0613095,0.0196086666666667,0.0411159999999999,-0.0067705,51.248223333333335,8.611838833333334,18.1
2026-02-21 20:00:00,0.0597108333333333,0.0200888333333333,0.0369525,-0.0037278333333333,42.47214016666667,10.21181,18.6
2026-02-22 04:00:00,0.0723931666666666,0.0194925,0.0230221666666666,-0.0042444999999999,52.6738695,6.1941115,16.3
2026-02-22 05:00:00,0.0707314999999999,0.0204963333333333,0.0340738333333333,-0.0057158333333333,52.074110833333336,6.107566666666667,16.1
2026-02-22 06:00:00,0.0676233333333333,0.0210543333333333,0.0387073333333333,-0.0059103333333333,50.97880583333333,6.277856,16.4
2026-02-22 10:00:00,0.0676125,0.0203195,0.0444476666666666,-0.0066026666666666,48.97324716666667,6.002688833333333,19.3
2026-02-22 14:00:00,0.0842933333333333,0.0172116666666666,0.0291118333333333,-0.0084104999999999,43.95431833333333,9.425604333333334,18.8
2026-02-23 11:00:00,0.0214789999999999,0.0175933333333333,0.0091449999999999,0.0003934999999999,62.376828333333336,4.981414166666666,16.3
2026-02-23 13:00:00,0.0255206666666666,0.0172849999999999,0.0088853333333333,-0.0020578333333333,62.9577445,4.85051,16.6
2026-02-23 15:00:00,0.0238759999999999,0.0169938333333333,0.0087293333333333,-0.0051229999999999,62.3926565,3.6346148333333335,15.9
2026-02-23 23:00:00,0.0430196666666666,0.0164783333333333,0.0039481666666666,-0.0001628333333333,61.3812625,3.566293166666666,18.1
2026-02-24 00:00:00,0.041737,0.0165211666666666,0.0044153333333333,-0.0003641666666666,60.8306305,3.2718165,17.9
2026-02-24 02:00:00,0.0308183333333333,0.0166893333333333,0.0064343333333333,-0.0007976666666666,58.200442833333334,2.544322166666667,17.8
2026-02-24 03:00:00,0.0259963333333332,0.0163208333333332,0.0057528333333333,-0.0002085,55.104344833333336,1.9927281666666667,18.5
2026-02-24 04:00:00,0.0264261666666666,0.0166746666666666,0.0081814999999999,-0.0009374999999999,53.231587,2.000673,18.8
2026-02-24 05:00:00,0.0250055,0.0165393333333333,0.0081776666666666,-0.0003196666666666,52.01655383333333,2.178716166666667,19.1
2026-02-24 06:00:00,0.0238854999999999,0.0163681666666666,0.0073538333333333,0.0002913333333333,50.681593166666666,1.9785205,19.4
2026-02-24 08:00:00,0.0270986666666666,0.0170958333333333,0.0115696666666667,-0.0008828333333333,49.520218666666665,2.1222746666666668,19.9
2026-02-24 09:00:00,0.0319561666666666,0.0174721666666666,0.0123168333333333,-0.0010403333333333,48.39361683333333,1.9296201666666664,19.9
2026-02-25 07:00:00,0.099668,0.0199506666666666,0.022769,-0.0086531666666666,44.55149383333333,-1.9967558333333333,25.9
2026-02-25 08:00:00,0.1235201666666667,0.0198085,0.0230003333333333,-0.0089105,45.54822683333333,-2.0104378333333335,26.6
2026-02-25 16:00:00,0.0794852542372882,0.0199669491525423,0.0246898305084745,-0.0045028813559322,51.9399093220339,8.895422033898305,18.8
2026-02-26 00:00:00,0.1737073333333333,0.0224428333333333,0.0343049999999999,-0.0057603333333333,52.4146025,5.8247081666666665,23.7
2026-02-26 08:00:00,0.1514541666666666,0.0190326666666666,0.0106821666666666,-0.0093101666666666,54.598927,6.441391666666666,23.9
2026-02-27 01:00:00,0.2225666666666666,0.0228136666666666,0.0219263333333333,-0.0039573333333333,42.68981433333333,9.032651333333334,30.7
2026-02-27 12:00:00,0.1682028333333333,0.0206436666666666,0.0351076666666667,-0.0080143333333332,41.38459616666667,2.407333166666666,29.6
2026-02-28 07:00:00,0.1929201666666666,0.0218343333333333,0.042136,-0.0074494999999999,48.0995015,3.1473501666666666,28.3
2026-02-28 09:00:00,0.2538383333333334,0.0222928333333333,0.0903166666666666,-0.0094228333333333,50.421249,2.775586166666667,27.6
2026-02-28 15:00:00,0.0422866666666666,0.0037266666666666,0.0158256666666666,-0.0233186666666666,22.759340333333338,21.421228166666666,9.0
2026-02-28 16:00:00,0.0568652542372881,0.0033972881355932,0.0138186440677966,-0.01987,18.563513389830508,23.097,8.6
2026-03-02 05:00:00,0.045126,0.0188111666666666,0.0233545,-0.0027743333333333,26.579168,1.2059176666666669,22.3
2026-03-02 06:00:00,0.0542101666666666,0.0197486666666666,0.0280891666666666,-0.0041134999999999,27.932888666666667,0.3101016666666666,22.5
2026-03-02 11:00:00,0.0496403333333332,0.0192255,0.0299113333333333,-0.0044653333333333,28.800048,-3.8596018333333335,21.7
2026-03-02 12:00:00,0.0499838333333333,0.0180758333333333,0.0263609999999999,-0.0044254999999999,26.776881333333332,-3.5299535,23.8
2026-03-03 03:00:00,0.1022055,0.0217891666666666,0.0183424999999999,-0.005031,33.30391266666667,-0.597685,30.1
2026-03-04 07:00:00,0.0836208333333333,0.0185501666666667,0.0067189999999999,-0.0062386666666666,59.42127166666667,7.134945666666667,20.9
2026-03-04 09:00:00,0.1362756666666666,0.0198401666666666,0.0309081666666666,-0.0090916666666666,59.0883495,7.024606666666666,24.7
2026-03-05 17:00:00,0.4358726666666666,0.0226349999999999,0.0867979999999999,-0.0099075,47.027755,14.137003166666666,33.2
2026-03-05 21:00:00,0.0734141666666666,0.0204955,0.0188404999999999,0.0008288333333333,51.390590333333336,11.0538425,18.2
2026-03-05 22:00:00,0.0512718333333333,0.0183618333333333,0.0047693333333333,0.0030364999999999,53.092489666666665,9.7748905,17.5
2026-03-05 23:00:00,0.0445025,0.0185898333333333,0.0054696666666667,0.0026145,54.09709566666667,8.745973666666666,17.0
2026-03-06 00:00:00,0.0496606666666666,0.0195679999999999,0.0121463333333333,0.0019253333333333,56.162326166666666,7.922195,16.7
2026-03-06 03:00:00,0.0706715,0.0194486666666666,0.0093371666666666,0.0006614999999999,60.22012433333333,8.14356,17.7
2026-03-06 04:00:00,0.0575426666666666,0.0198073333333333,0.0133548333333333,0.0006815,61.1210715,8.288558,16.9
2026-03-06 05:00:00,0.0466205,0.0193593333333333,0.0119346666666666,0.000585,61.153218,8.330162166666666,17.3
2026-03-06 07:00:00,0.036744,0.0196815,0.0143818333333333,0.0009185,61.645086166666665,7.861378833333333,16.9
2026-03-06 08:00:00,0.0354981666666666,0.0191611666666666,0.012421,0.0004371666666666,61.67402333333333,7.776680333333333,16.8
2026-03-06 16:00:00,0.061963220338983,0.0187345762711864,0.0217642372881355,-0.0032211864406779,52.501251016949155,8.587968813559321,18.2
2026-03-06 17:00:00,0.065045,0.0177863333333333,0.0197536666666666,-0.0041243333333333,49.7488885,9.7925635,19.0
2026-03-06 19:00:00,0.0764721666666666,0.0198361666666666,0.0264043333333333,-0.0036963333333333,50.19793516666667,10.246747,18.8
2026-03-06 20:00:00,0.0659338333333333,0.0189584999999999,0.0195741666666666,-0.0027186666666666,49.63368166666667,10.306500166666666,17.9
2026-03-06 22:00:00,0.0482978333333333,0.0186439999999999,0.0077831666666666,0.0001113333333333,53.398424,8.6664885,16.9
2026-03-06 23:00:00,0.0507633333333333,0.0198936666666667,0.012581,-0.0010876666666666,54.584094666666665,8.235418333333334,16.7
2026-03-07 01:00:00,0.0606909999999999,0.0200004999999999,0.0155243333333333,-0.0023258333333333,58.515564166666664,7.600466666666667,17.1
2026-03-07 04:00:00,0.0674176666666667,0.0222886666666666,0.0462551666666666,-0.0054756666666666,59.47179333333333,7.850555666666667,16.3
2026-03-07 09:00:00,0.0855401666666666,0.0198949999999999,0.0253721666666666,-0.0079445,58.11475383333333,8.4795305,17.1
2026-03-07 14:00:00,0.0740346666666666,0.0195479999999999,0.0293671666666666,-0.0070441666666666,55.06871366666667,10.927407333333331,17.4
2026-03-07 15:00:00,0.0725279999999999,0.0189018333333332,0.0289206666666667,-0.0059418333333333,54.728359166666664,11.761303,18.0
2026-03-07 23:00:00,0.1062465,0.0206981666666666,0.0289361666666666,-0.0047429999999999,54.57436366666666,13.261582833333334,18.5
2026-03-08 00:00:00,0.1199768333333333,0.0206073333333333,0.023561,-0.005919,55.61642616666666,12.610887833333331,19.7
2026-03-08 01:00:00,0.0977489999999999,0.0200123333333333,0.0233441666666666,-0.0055056666666666,56.860450666666665,12.700589333333332,17.8
2026-03-08 02:00:00,0.0906803333333333,0.0205221666666666,0.0245096666666666,-0.0048808333333333,57.910886166666664,12.701620833333331,18.1
2026-03-08 06:00:00,0.0692438333333334,0.0173688333333333,0.0154064999999999,-0.0043965,60.005742,15.120266833333334,14.9
2026-03-09 03:00:00,0.4546215,0.0186458333333333,0.0514766666666666,-0.0128666666666666,55.732266333333335,12.651903833333334,19.1
2026-03-09 05:00:00,0.269177,0.0173381666666666,0.0467013333333333,-0.0136689999999999,57.16333766666666,10.255982833333332,17.2
2026-03-09 06:00:00,0.234111,0.0176784999999999,0.0382905,-0.0123033333333333,57.53831133333333,9.201670166666666,16.9
2026-03-09 10:00:00,0.2577616666666666,0.0168445,0.0455721666666666,-0.0139391666666666,58.682928833333335,7.763378833333333,16.1
2026-03-09 16:00:00,0.0169222033898304,-0.0084077966101694,0.0042552542372881,-0.0279240677966101,17.629907118644066,30.06241966101695,5.6
2026-03-09 17:00:00,0.0119193333333333,-0.0023723333333333,0.0011791666666666,-0.0124308333333333,14.287587333333333,29.9509025,5.7
2026-03-09 18:00:00,0.0093776666666666,-0.0019469999999999,0.0003301666666666,-0.0128186666666667,12.3548545,31.751389666666668,7.0
2026-03-09 19:00:00,0.0251996666666666,0.0036194999999999,-0.0030261666666666,-0.0033483333333333,12.132380166666666,31.755907333333333,8.2
2026-03-09 20:00:00,0.0735528333333333,0.0144499999999999,-0.0007728333333333,0.0092418333333332,14.857192,28.344586,9.5
2026-03-09 21:00:00,0.0840643333333333,0.0177705,0.0001471666666666,0.0102275,16.535807666666667,26.8106265,10.5
2026-03-10 00:00:00,0.1473466666666666,0.0246873333333333,-0.0013993333333333,0.0082938333333333,31.519578833333338,16.786305666666667,33.6
2026-03-10 09:00:00,0.0887961666666667,0.0196144999999999,0.0059865,-0.0066239999999999,55.78632416666667,8.7271075,19.3
2026-03-11 10:00:00,0.2566820000000001,0.0197171666666666,0.0575151666666666,-0.0110453333333333,52.367450166666664,12.2384835,23.7
2026-03-11 17:00:00,0.0405988333333333,0.0062944999999999,0.0107883333333333,-0.0118436666666666,22.692357833333332,29.290510166666667,6.0
2026-03-11 18:00:00,0.0479215,0.0054838333333332,0.0077053333333333,-0.013091,21.537846333333334,31.937452833333335,6.0
2026-03-12 09:00:00,0.054543,0.016301,0.0048388333333332,-0.0034195,62.675545166666666,15.5920675,18.3
2026-03-15 11:00:00,0.0605068333333332,0.0196244999999999,0.0216169999999999,-0.0027928333333333,35.647249333333335,6.423031666666667,22.6
2026-03-17 11:00:00,0.0806791666666666,0.0152378333333333,0.0211598333333333,-0.0063073333333333,42.6024885,11.426776,15.4
2026-03-18 10:00:00,0.0646666666666667,0.0189298333333333,0.007541,-0.0008318333333333,32.609072,0.4530933333333333,22.7
2026-03-18 11:00:00,0.07418,0.0215463333333333,0.0288881666666666,-0.0038748333333333,34.016546,0.9303631666666666,24.1
2026-03-19 10:00:00,0.1475263333333333,0.0213714999999999,0.0303495,-0.0084516666666666,41.9074575,4.013693833333333,27.1
2026-03-19 11:00:00,0.2286099999999999,0.0247193333333333,0.0868071666666666,-0.0080828333333333,42.73102383333333,4.5676076666666665,28.4
2026-03-20 09:00:00,0.1007035,0.0190663333333332,0.0039639999999999,-0.0069434999999999,49.7007595,5.310711833333333,24.1
2026-03-22 03:00:00,0.0742699999999999,0.0226363333333333,0.0255716666666666,-0.0004183333333332,28.899318833333332,11.906515,25.4
2026-03-22 05:00:00,0.0793958333333332,0.022014,0.0223128333333333,-0.0013514999999999,31.0651995,10.942621,25.1
2026-03-22 21:00:00,0.1095813333333333,0.0224395,0.0224536666666666,-0.0027399999999999,61.1317415,13.353404166666667,20.9
2026-03-22 22:00:00,0.1076596666666667,0.0196428333333333,0.0079453333333333,-0.0046943333333333,61.69145866666667,13.4841765,20.1
2026-03-23 00:00:00,0.1304484999999999,0.0201281666666666,0.0214713333333333,-0.0070316666666666,62.481519666666664,14.079213666666666,23.0
2026-03-23 04:00:00,0.0793578333333333,0.0176396666666666,0.0195476666666666,-0.007367,62.094087333333334,13.060525333333333,16.2
2026-03-23 09:00:00,0.0624511666666667,0.0187971666666666,0.0214225,-0.0058121666666666,62.183949166666665,8.468270166666667,17.0
2026-03-23 22:00:00,0.0583816666666667,0.0170374999999999,0.0071156666666666,-0.0025728333333333,50.435722,9.076071666666667,18.4
2026-03-23 23:00:00,0.0584446666666667,0.0175171666666666,0.0065863333333333,-0.0020926666666666,51.59749166666667,8.405215833333333,18.2
2026-03-24 00:00:00,0.0546146666666666,0.0179751666666666,0.0077309999999999,-0.0024129999999999,52.140746666666665,7.999299333333333,17.9
2026-03-24 01:00:00,0.0575321666666666,0.0176605,0.0064313333333333,-0.002904,52.358609,7.764069666666667,17.8
2026-03-24 02:00:00,0.0515664999999999,0.0172743333333333,0.0054663333333333,-0.0025586666666666,52.448836666666665,7.486192,17.7
2026-03-24 04:00:00,0.0499646666666666,0.0175774999999999,0.0047944999999999,-0.0022626666666666,54.47540683333333,6.705508,17.2
2026-03-24 05:00:00,0.0407806666666666,0.0164491666666666,0.0056488333333333,-0.0011475,50.970327,6.748582666666667,17.7
2026-03-24 06:00:00,0.0369685,0.0163748333333333,0.0065111666666666,-0.0015089999999999,47.049404833333334,6.456388166666667,18.3
2026-03-24 07:00:00,0.0436223333333332,0.0168371666666666,0.0061608333333333,-0.0015718333333333,46.70208216666666,5.758184166666666,18.5
2026-03-28 03:00:00,0.0570479999999999,0.0209506666666666,0.0156121666666667,0.0001616666666666,24.030955166666665,6.853209666666666,24.6
2026-03-28 05:00:00,0.0643806666666667,0.0212803333333333,0.0259761666666666,-0.0009404999999999,24.754646666666662,5.784348666666666,24.5
2026-03-28 07:00:00,0.0567623333333333,0.0206503333333333,0.0285968333333333,-0.000867,25.863752333333338,4.7871005,23.9
2026-03-28 08:00:00,0.0552934999999999,0.0201848333333333,0.0225378333333333,-0.0011634999999999,25.088119666666667,4.175191666666667,23.4
2026-03-28 11:00:00,0.0678434999999999,0.0192033333333333,0.0235951666666666,-0.0014204999999999,25.513748833333334,4.845528166666667,24.2
2026-03-29 00:00:00,0.090602,0.0218929999999999,0.0149176666666666,0.0007729999999999,23.412021333333335,6.401765833333333,27.3
2026-03-29 01:00:00,0.1166519999999999,0.0213749999999999,0.0143331666666666,0.0008886666666666,24.978629833333333,5.7981818333333335,27.0
2026-03-29 05:00:00,0.0602524999999999,0.020459,0.0186045,-5.11666666666577e-05,28.828045666666668,3.947674833333333,24.4
2026-03-29 06:00:00,0.0590589999999999,0.0198415,0.0130228333333333,-0.0016168333333332,29.510570166666668,3.4757846666666667,24.8
2026-03-29 11:00:00,0.0867356666666666,0.0194136666666666,0.0196261666666666,-0.005162,34.04270283333334,4.212944,26.6
2026-03-31 07:00:00,0.0738376666666666,0.0189673333333333,0.0055223333333333,-0.0017413333333333,49.329983666666664,16.655792833333333,22.5
2026-03-31 10:00:00,0.0933704999999999,0.0206883333333333,0.0161344999999999,-0.0031221666666666,52.87424466666667,15.420603666666668,23.7
2026-03-31 11:00:00,0.1672161666666667,0.0242896666666666,0.0430885,-0.006478,53.407449,15.698065,24.7
2026-03-31 12:00:00,0.1286145,0.0228075,0.0230475,-0.0033403333333333,58.208544,15.149238666666667,22.8
2026-03-31 17:00:00,0.0712733333333333,-0.0002393333333333,0.0216581666666666,-0.0332463333333333,29.2191215,30.805325166666663,6.8
2026-04-02 21:00:00,0.0513876666666666,0.019421,0.0162601666666666,-0.0002586666666666,50.68774716666667,10.307718,18.9
2026-04-02 22:00:00,0.0543473333333333,0.0194195,0.0086546666666667,0.0003846666666666,54.63803333333333,9.318188666666666,18.5
2026-04-02 23:00:00,0.048338,0.01834,0.0066643333333333,0.0003195,54.662391,9.40325,18.0
2026-04-03 00:00:00,0.0467785,0.0182579999999999,0.0079601666666666,-7.099999999998774e-05,54.5698735,9.404628333333331,17.8
2026-04-03 01:00:00,0.0465836666666666,0.0184696666666666,0.0089576666666666,-0.0002806666666666,53.99918916666667,9.459588166666666,18.0
2026-04-03 02:00:00,0.0417111666666666,0.0183149999999999,0.0079124999999999,-0.0006568333333333,54.282929,9.540008333333333,18.0
2026-04-03 03:00:00,0.0437385,0.018743,0.0086688333333332,-0.0013721666666666,54.62212916666667,9.703447666666667,18.1
2026-04-03 04:00:00,0.0423318333333332,0.0191846666666666,0.0107451666666666,-0.0012793333333333,55.63239183333334,9.589041,17.7
2026-04-03 05:00:00,0.0458326666666666,0.0198969999999999,0.013442,-0.0030096666666666,57.293783166666664,9.418762,17.2
2026-04-03 06:00:00,0.0438431666666666,0.0188571666666667,0.0077896666666666,-0.0025394999999999,58.68892183333333,9.277530666666667,16.9
2026-04-03 07:00:00,0.0437771666666667,0.0184688333333333,0.0071009999999999,-0.0028388333333332,59.07211,9.424758833333334,17.0
2026-04-03 08:00:00,0.0527374999999999,0.0185415,0.0080465,-0.0049213333333333,59.4495225,9.596315833333334,17.2
2026-04-03 09:00:00,0.0563491666666666,0.0178763333333333,0.0060918333333333,-0.0058496666666666,59.306037833333335,9.893074833333332,17.4
2026-04-03 10:00:00,0.0610311666666666,0.017764,0.007275,-0.006844,59.094061833333335,10.202429333333331,18.3
2026-04-03 21:00:00,0.081124,0.0143821666666666,0.0053539999999999,-0.0014736666666667,30.256721833333337,29.3931145,8.0
2026-04-05 04:00:00,0.06527,0.0211656666666666,0.0190463333333333,-0.0011993333333333,52.80741283333333,10.744649833333334,18.8
2026-04-05 08:00:00,0.0879299999999999,0.020782,0.0180484999999999,-0.0014283333333333,58.210903,11.160786833333333,18.9
2026-04-05 09:00:00,0.0624201666666666,0.0202403333333333,0.0168663333333333,-0.0013891666666666,59.303268,11.427709,18.7
2026-04-05 11:00:00,0.0658706666666666,0.0214193333333333,0.0275416666666666,-0.0039906666666666,61.035222166666664,13.044269166666666,19.0
2026-04-05 12:00:00,0.0671233333333333,0.0194081666666666,0.013665,-0.0031101666666666,60.9469065,14.0048075,19.0
2026-04-05 13:00:00,0.0906108333333333,0.0196013333333333,0.0241438333333333,-0.0070784999999999,59.5894265,15.311713,18.6
2026-04-07 03:00:00,0.0828253333333333,0.0206661666666666,0.0034191666666666,0.0028041666666666,29.2626835,8.666343666666666,30.2
2026-04-09 08:00:00,0.0756408333333333,0.0207025,0.003747,-0.0028949999999999,52.13978516666667,4.923822333333334,26.0
2026-04-10 09:00:00,0.0886558333333332,0.0204268333333333,0.0082728333333333,-0.0064529999999999,58.54050466666666,6.647471666666667,22.0
2026-04-10 10:00:00,0.1412283333333333,0.0216735,0.0275474999999999,-0.0074076666666667,59.433207833333334,6.947628333333333,23.2
2026-04-14 02:00:00,0.0877589999999999,0.0208858333333333,0.0024161666666666,0.0044934999999999,53.47650266666667,18.510059666666667,27.9
2026-04-14 09:00:00,0.1572693333333333,0.0200984999999999,0.0110968333333333,-0.0075241666666666,57.12158483333334,17.256921,26.9
2026-04-14 14:00:00,-0.0124501666666667,-0.0117674999999999,0.0212109999999999,-0.0359548333333333,19.60705,41.109833,5.8
2026-04-14 15:00:00,0.0174196666666666,-0.002053,0.0151879999999999,-0.0208214999999999,19.262007333333333,40.821679833333334,6.0
2026-04-14 16:00:00,0.0760615254237287,0.0041738983050847,0.012063220338983,-0.0122352542372881,20.081927288135592,40.4861893220339,7.5
2026-04-15 08:00:00,0.0786461666666666,0.0165868333333333,0.0052388333333333,-0.0053513333333333,52.260758333333335,18.095307833333333,21.1
2026-04-15 14:00:00,-0.0089228333333333,-0.0105075,0.0266341666666666,-0.0307226666666666,19.161703666666668,40.20393683333333,5.7
2026-04-15 15:00:00,0.0064921666666666,-0.0039336666666667,0.0225268333333333,-0.0202656666666666,18.252381333333332,40.8398445,6.0
2026-04-15 16:00:00,0.0200723333333333,-0.0011458333333333,0.0227391666666666,-0.0136299999999999,16.517715333333335,41.403142333333335,7.1
2026-04-16 15:00:00,0.0386121666666666,-0.0062023333333333,0.0278886666666666,-0.0294556666666666,24.445451,38.687071833333334,5.8
2026-04-16 16:00:00,0.091487627118644,0.0078581355932203,0.0165467796610169,-0.0036457627118643,25.990295762711863,37.21206966101695,6.7
2026-04-21 01:00:00,0.0460025,0.0187249999999999,0.0037636666666666,0.0066656666666666,26.527120666666665,12.268602666666666,24.3
2026-04-21 03:00:00,0.0459653333333333,0.0188783333333333,0.0036393333333333,0.0050048333333333,31.2455025,11.314382333333333,24.0
2026-04-21 05:00:00,0.0469875,0.0207638333333333,0.002365,0.0063071666666666,40.08218133333333,9.138413666666668,23.3
2026-04-21 06:00:00,0.0462421666666667,0.0190245,0.0032339999999999,0.002313,40.50419266666667,8.180506666666666,21.8
2026-04-21 07:00:00,0.0548923333333333,0.0194069999999999,0.0131503333333333,0.0002929999999999,36.863348,7.913393666666667,21.2
2026-04-21 08:00:00,0.0615658333333333,0.0205406666666666,0.0220888333333333,-0.0015291666666666,37.037367,7.4692235,21.9
2026-04-21 14:00:00,0.0405298333333332,0.0082208333333333,0.0319441666666666,-0.0143218333333333,10.594662833333333,25.801881166666668,13.5
2026-04-21 15:00:00,0.0391276666666666,0.0123719999999999,0.0261049999999999,-0.0088979999999999,9.7199295,25.744899166666663,11.9
2026-04-21 16:00:00,0.0465871186440677,0.0145025423728813,0.0178693220338982,-0.0012610169491525,10.317423559322034,24.562307288135592,12.1
2026-04-21 17:00:00,0.0503499999999999,0.0154126666666666,0.0171108333333333,0.0013703333333333,10.424457666666669,25.187897,12.4
2026-04-23 18:00:00,0.0327739999999999,0.0117105,0.0170931666666667,0.0022131666666666,9.055437666666666,29.587213333333334,11.0
2026-04-23 19:00:00,0.0338391666666666,0.0123063333333333,0.013497,0.0038436666666666,9.390808333333334,30.6533665,11.4
2026-04-23 20:00:00,0.0506566666666666,0.0152291666666666,0.0115018333333333,0.0071145,10.327227333333331,30.315310833333335,11.8
2026-04-23 21:00:00,0.0496318333333333,0.0142661666666666,0.0134225,0.0050178333333333,9.958847666666667,31.1927265,11.7
2026-04-23 22:00:00,0.0685574999999999,0.0166416666666666,0.005682,0.0097851666666666,10.6696105,28.433287,14.2
2026-04-24 09:00:00,0.065018,0.0202005,0.0035875,-0.0043139999999999,39.8172415,11.77093,24.5
2026-04-24 17:00:00,0.0368814999999999,0.0123623333333333,0.0181486666666667,0.0008789999999999,9.6845045,28.445952666666667,12.7
2026-04-24 18:00:00,0.0397881666666666,0.0119365,0.0163645,0.0015283333333333,9.1267435,29.886323833333332,12.8
2026-04-25 04:00:00,0.0896183333333333,0.0219538333333333,0.0029994999999999,-3.7500000000023626e-05,43.617926833333335,11.503550833333334,24.8
2026-04-27 02:00:00,0.1988716666666667,0.022805,0.0018449999999999,0.0006348333333333,29.711474166666665,15.363601333333332,31.5
2026-04-27 19:00:00,0.0438878333333333,0.0092376666666667,0.0144608333333333,0.001166,11.780394666666666,34.73343233333333,10.7
2026-04-29 21:00:00,0.0772278333333333,0.0186655,0.0138271666666666,0.0060445,24.729600166666668,28.520935,14.1
2026-04-30 21:00:00,0.0983115,0.0179996666666666,0.016724,-0.0028934999999999,46.524139,20.2146755,22.7
2026-04-30 22:00:00,0.0769181666666666,0.0159734999999999,0.0062343333333333,-0.0021853333333333,47.654941666666666,19.6291115,22.1
2026-05-01 00:00:00,0.0975496666666667,0.0171736666666666,0.0057674999999999,-0.0044466666666666,50.8745355,18.184139666666667,22.5
2026-05-01 04:00:00,0.0440605,0.0146045,0.0065558333333333,-0.0036404999999999,50.492296833333334,15.569603,12.5
2026-05-01 05:00:00,0.0371885,0.0145421666666666,0.0065673333333333,-0.0034131666666666,49.432726,14.730773833333334,13.8
2026-05-01 19:00:00,0.0400176666666666,0.0112291666666666,0.0190146666666666,-0.0024329999999999,13.609627333333334,29.415306833333332,10.6
2026-05-01 20:00:00,0.0279871666666666,0.0108366666666666,0.0189579999999999,-0.0027818333333333,12.2881515,30.7257705,11.2
2026-05-01 21:00:00,0.0408614999999999,0.0129546666666666,0.0245886666666666,-0.0006756666666666,11.390109,31.310562833333332,12.3
2026-05-02 00:00:00,0.1224093333333333,0.023608,0.0014419999999999,0.0106343333333333,20.320499166666668,20.433079166666666,33.1
2026-05-02 22:00:00,0.0756198333333333,0.0198251666666666,0.0154411666666666,-0.0009613333333333,46.61593383333334,18.307893166666663,22.1
2026-05-02 23:00:00,0.084119,0.0213273333333333,0.0260095,-0.0015129999999999,48.86938333333333,17.534556833333333,22.0
2026-05-03 04:00:00,0.0474913333333333,0.0127063333333333,0.0198328333333333,-0.0083623333333333,38.07607133333333,15.901525833333334,9.2
2026-05-03 05:00:00,0.0326056666666667,0.0123471666666666,0.0189566666666666,-0.007226,33.478303,15.40304,11.3
2026-05-03 06:00:00,0.0365706666666666,0.0133538333333332,0.0175113333333333,-0.0059118333333333,31.470024833333333,14.803306,13.7
2026-05-03 07:00:00,0.0283623333333333,0.0143584999999999,0.0146043333333333,-0.0035151666666666,30.9198645,14.319577,15.4
2026-05-03 08:00:00,0.0341926666666666,0.0158568333333333,0.0171366666666666,-0.0020804999999999,32.53321666666667,13.832177,16.9
2026-05-04 02:00:00,0.0977701666666666,0.021342,0.0077626666666666,0.002325,29.573874166666663,12.778226666666669,28.5
2026-05-04 07:00:00,0.0803338333333333,0.0208276666666666,0.0149011666666666,-0.0045708333333333,32.242666166666666,13.232515166666667,25.6
2026-05-04 08:00:00,0.0692644999999999,0.0199713333333332,0.0138285,-0.0039445,31.943474166666665,13.412347166666668,26.5
2026-05-07 17:00:00,0.0065231666666666,0.0042223333333333,0.0159214999999999,-0.0066711666666666,13.936537333333334,29.6411625,8.1
2026-05-07 18:00:00,0.0070708333333333,0.0061245,0.0223368333333333,-0.0074263333333333,11.757103833333334,31.856440833333338,9.9
2026-05-07 19:00:00,0.0228071666666666,0.0096428333333333,0.0166061666666666,-0.0001728333333333,10.984010833333333,31.651122,11.1
2026-05-07 20:00:00,0.0386446666666666,0.012481,0.0115728333333333,0.0044023333333333,11.225421666666666,31.042243166666665,12.4
2026-05-11 02:00:00,0.1253968333333333,0.0241899999999999,0.0174066666666666,0.0043801666666666,49.00166683333333,22.840904833333333,20.4
2026-05-11 05:00:00,0.0339123333333333,0.0073743333333333,0.0117466666666666,-0.0084273333333332,33.77040616666667,22.295821333333333,6.5
2026-05-11 06:00:00,0.0206361666666666,0.0071686666666666,0.0120493333333333,-0.0077774999999999,27.230972333333337,21.553613,7.3
2026-05-12 07:00:00,0.0377763333333333,0.0150274999999999,0.0058159999999999,-0.0026671666666666,33.22438066666667,14.663312833333334,15.8
2026-05-16 14:00:00,0.0261243333333333,-0.0006261666666666,0.025832,-0.021649,19.141618666666663,37.848903,6.1
2026-05-16 15:00:00,0.0254583333333333,0.0031508333333333,0.0179575,-0.0092926666666666,17.166504166666666,37.1941075,6.4
2026-05-16 17:00:00,0.0580636666666666,0.0100813333333333,0.0138319999999999,0.0046164999999999,15.736438833333333,37.907168666666664,8.8
2026-05-17 13:00:00,-0.0068271666666667,-0.0175156666666666,0.0392316666666666,-0.0319524999999999,17.40150866666667,41.20725616666667,6.4
2026-05-17 14:00:00,-0.0121535,-0.0105256666666666,0.0368898333333333,-0.0167919999999999,13.929203333333334,43.51095333333333,6.9
2026-05-18 10:00:00,0.0904551666666665,0.0122416666666667,0.0117804999999999,-0.0044321666666666,34.928529166666664,24.898681333333332,10.5
2026-05-18 11:00:00,0.1033878333333333,0.0011366666666666,0.0237403333333333,-0.0153131666666667,27.141001666666668,30.960705166666667,6.8
2026-05-18 12:00:00,0.0532721666666666,-0.0177223333333333,0.0436073333333333,-0.0373948333333333,16.444182166666668,39.75089,6.9
2026-05-19 19:00:00,0.103907,-0.0032623333333333,0.0447578333333332,-0.002271,16.902972833333333,47.047149166666664,7.8
2026-05-19 20:00:00,0.145242,0.0061343333333332,0.0362374999999999,0.0102849999999999,17.121904833333332,46.156817333333336,8.2
2026-05-19 22:00:00,0.2285453333333333,0.0320659999999999,0.0047558333333333,0.0359401666666666,28.997221,36.64834033333333,10.4
2026-05-19 23:00:00,0.2183046666666667,0.0275528333333333,0.0058145,0.0251075,32.013685,35.51952,11.2
2026-05-20 10:00:00,0.17194,0.0176981666666666,0.0160208333333333,-0.0065738333333333,52.712025833333335,25.390832333333332,11.2
2026-05-20 12:00:00,0.0457689999999999,-0.023779,0.0533841666666666,-0.0455671666666666,24.06983333333333,42.35591333333333,5.9
2026-05-20 13:00:00,0.0264345,-0.0188935,0.0578028333333333,-0.0299113333333332,19.971248,45.66525466666667,6.2
2026-05-20 14:00:00,0.0484995,-0.0084856666666666,0.0524671666666667,-0.0099556666666666,18.438034833333333,47.167625666666666,7.1
2026-05-20 16:00:00,0.1127564406779661,0.0089530508474576,0.0310674576271186,0.0110144067796609,20.24484508474576,43.81259423728814,7.9
2026-05-22 06:00:00,0.0339893333333333,0.0113339999999999,0.0095999999999999,-0.0052749999999999,32.554022833333335,18.360883333333337,9.4
2026-05-22 07:00:00,0.0341811666666667,0.0126611666666666,0.0087475,-0.002534,32.78072133333333,17.536414666666666,12.0
2026-05-22 16:00:00,0.0212091525423728,0.007328813559322,0.018924406779661,-0.0013752542372881,13.059781355932204,31.612980508474575,8.8
2026-05-22 18:00:00,0.0374013333333333,0.00969,0.0168455,0.0038456666666666,11.359236166666667,32.61650866666667,10.5
2026-05-22 19:00:00,0.0509423333333333,0.0140254999999999,0.0241221666666666,0.0045076666666666,11.219650166666666,32.34188483333333,10.8
2026-05-23 14:00:00,0.0544151666666666,0.004087,0.0181023333333333,-0.0122816666666666,19.8225625,28.005153833333335,7.0
2026-05-23 15:00:00,0.0455926666666666,0.0054379999999999,0.0239931666666666,-0.0107914999999999,17.712449833333334,30.2480385,7.0
2026-05-25 20:00:00,0.0520111666666666,0.0053731666666666,0.0188033333333332,-0.0131519999999999,31.800892833333332,34.527998333333336,6.3
2026-05-25 21:00:00,0.0609905,0.0065298333333333,0.0187154999999999,-0.0109061666666666,29.925615166666667,35.65964116666667,6.2
2026-05-26 14:00:00,-0.0389675,-0.023244,0.0481568333333333,-0.0422003333333333,14.708354,43.11621133333333,7.2
2026-05-27 14:00:00,0.0402885,-0.0109646666666666,0.0418988333333333,-0.0203859999999999,18.088931,42.67094183333333,7.3
2026-05-27 15:00:00,0.1030538333333333,-0.0009951666666666,0.0363654999999999,-0.0026618333333333,16.546662166666668,43.68344783333333,7.1
2026-05-29 15:00:00,0.0278408333333333,0.0073823333333333,0.0218774999999999,0.0021343333333333,13.04504,36.0905945,8.5
2026-05-31 13:00:00,-0.0076123333333333,-0.0091666666666667,0.0358826666666666,-0.0306306666666666,15.874813833333333,35.32122283333333,6.9
2026-05-31 14:00:00,-0.0080556666666666,-0.0029486666666666,0.0263835,-0.0158504999999999,13.591318,36.071040833333335,6.9
2026-05-31 15:00:00,0.0204943333333333,0.006245,0.0194876666666666,-0.0027423333333333,13.861009,35.37237283333334,7.1
2026-05-31 16:00:00,0.0455350847457626,0.0115722033898305,0.0225289830508474,0.0017198305084745,13.578755423728811,35.60504559322034,8.0
2026-05-31 17:00:00,0.0525263333333333,0.0118366666666666,0.014797,0.0072426666666666,13.536404666666666,35.411395166666665,9.6
